CThostFtdcUserApiImplBase::OnSessionDisconnected[000001E390C82138][705429505][ 4097]
CThostFtdcUserApiImplBase::OnSessionDisconnected[000001E390C82288][705429506][ 4097]
CThostFtdcUserApiImplBase::OnSessionDisconnected[000001E390C82288][705429507][ 4097]
CThostFtdcUserApiImplBase::OnSessionDisconnected[000001E390C828A8][705429508][ 4097]
CThostFtdcUserApiImplBase::OnSessionDisconnected[000001E390C826E8][705495045][ 4097]
CThostFtdcUserApiImplBase::OnSessionDisconnected[000001E390C829F8][705495046][ 4097]
CThostFtdcUserApiImplBase::OnSessionDisconnected[000001E390C826E8][705495047][ 4097]
CThostFtdcUserApiImplBase::OnSessionDisconnected[000001E390C82288][705495048][ 4097]
CThostFtdcUserApiImplBase::OnSessionDisconnected[000001E390C829F8][705495049][ 4097]
CThostFtdcUserApiImplBase::OnSessionDisconnected[000001E390C82758][705495050][ 4097]
CThostFtdcUserApiImplBase::OnSessionDisconnected[000001E390C828A8][705560587][ 4097]
CThostFtdcUserApiImplBase::OnSessionDisconnected[000001E390C82288][705560588][ 4097]
CThostFtdcUserApiImplBase::OnSessionDisconnected[000001E390C824B8][705560589][ 4097]
CThostFtdcUserApiImplBase::OnSessionDisconnected[000001E390C82138][705560590][ 4097]
CThostFtdcUserApiImplBase::OnSessionDisconnected[000001E390C82288][705560591][ 4097]
CThostFtdcUserApiImplBase::OnSessionDisconnected[000001E390C82138][705626128][ 4097]
CThostFtdcUserApiImplBase::OnSessionDisconnected[000001E390C828A8][705626129][ 4097]
CThostFtdcUserApiImplBase::OnSessionDisconnected[000001E390C82138][705626130][ 4097]
CThostFtdcUserApiImplBase::OnSessionDisconnected[000001E390C82138][705626131][ 4097]
CThostFtdcUserApiImplBase::OnSessionDisconnected[000001E390C82138][705626132][ 4097]
CThostFtdcUserApiImplBase::OnSessionDisconnected[000001E390C826E8][705626133][ 4097]
CThostFtdcUserApiImplBase::OnSessionDisconnected[000001E390C824B8][705691670][ 4097]
CThostFtdcUserApiImplBase::OnSessionDisconnected[000001E390C82138][705691671][ 4097]
CThostFtdcUserApiImplBase::OnSessionDisconnected[000001E390C82288][705691672][ 4097]
CThostFtdcUserApiImplBase::OnSessionDisconnected[000001E390C828A8][705691673][ 4097]
CThostFtdcUserApiImplBase::OnSessionDisconnected[000001E390C82138][705691674][ 4097]
CThostFtdcUserApiImplBase::OnSessionDisconnected[000001E390C82138][705691675][ 4097]
CThostFtdcUserApiImplBase::OnSessionDisconnected[000001E390C82138][705757212][ 4097]
CThostFtdcUserApiImplBase::OnSessionDisconnected[000001E390C82138][705757213][ 4097]
CThostFtdcUserApiImplBase::OnSessionDisconnected[000001E390C82138][705757214][ 4097]
CThostFtdcUserApiImplBase::OnSessionDisconnected[000001E390C829F8][705757215][ 4097]
CThostFtdcUserApiImplBase::OnSessionDisconnected[000001E390C82138][705757216][ 4097]
CThostFtdcUserApiImplBase::OnSessionDisconnected[000001E390C82288][705822753][ 4097]
CThostFtdcUserApiImplBase::OnSessionDisconnected[000001E390C82288][705822754][ 4097]
CThostFtdcUserApiImplBase::OnSessionDisconnected[000001E390C82288][705822755][ 4097]
CThostFtdcUserApiImplBase::OnSessionDisconnected[000001E390C82138][705822756][ 4097]
CThostFtdcUserApiImplBase::OnSessionDisconnected[000001E390C82138][705822757][ 4097]
CThostFtdcUserApiImplBase::OnSessionDisconnected[000001E390C82138][705822758][ 4097]
CThostFtdcUserApiImplBase::OnSessionDisconnected[000001E390C82138][705888295][ 4097]
CThostFtdcUserApiImplBase::OnSessionDisconnected[000001E390C82138][705888296][ 4097]
CThostFtdcUserApiImplBase::OnSessionDisconnected[000001E390C82138][705888297][ 4097]
CThostFtdcUserApiImplBase::OnSessionDisconnected[000001E390C826E8][705888298][ 4097]
CThostFtdcUserApiImplBase::OnSessionDisconnected[000001E390C82138][705888299][ 4097]
CThostFtdcUserApiImplBase::OnSessionDisconnected[000001E390C82138][705888300][ 4097]
CThostFtdcUserApiImplBase::OnSessionDisconnected[000001E390C82368][705953837][ 4097]
CThostFtdcUserApiImplBase::OnSessionDisconnected[000001E390C82138][705953838][ 4097]
CThostFtdcUserApiImplBase::OnSessionDisconnected[000001E390C82758][705953839][ 4097]
CThostFtdcUserApiImplBase::OnSessionDisconnected[000001E390C828A8][705953840][ 4097]
CThostFtdcUserApiImplBase::OnSessionDisconnected[000001E390C82138][705953841][ 4097]
CThostFtdcUserApiImplBase::OnSessionDisconnected[000001E390C82288][705953842][ 4097]
CThostFtdcUserApiImplBase::OnSessionDisconnected[000001E390C82528][705953843][ 4097]
CThostFtdcUserApiImplBase::OnSessionDisconnected[000001E390C829F8][706019380][ 4097]
CThostFtdcUserApiImplBase::OnSessionDisconnected[000001E390C82288][706019381][ 4097]
CThostFtdcUserApiImplBase::OnSessionDisconnected[000001E390C824B8][706019382][ 4097]
CThostFtdcUserApiImplBase::OnSessionDisconnected[000001E390C829F8][706019383][ 4097]
CThostFtdcUserApiImplBase::OnSessionDisconnected[000001E390C828A8][706019384][ 4097]
CThostFtdcUserApiImplBase::OnSessionDisconnected[000001E390C826E8][706084921][ 4097]
CThostFtdcUserApiImplBase::OnSessionDisconnected[000001E390C82758][706084922][ 4097]
CThostFtdcUserApiImplBase::OnSessionDisconnected[000001E390C827C8][706084923][ 4097]
CThostFtdcUserApiImplBase::OnSessionDisconnected[000001E390C828A8][706084924][ 4097]
CThostFtdcUserApiImplBase::OnSessionDisconnected[000001E390C824B8][706084925][ 4097]
CThostFtdcUserApiImplBase::OnSessionDisconnected[000001E390C82138][706084926][ 4097]
CThostFtdcUserApiImplBase::OnSessionDisconnected[000001E390C82368][706150463][ 4097]
CThostFtdcUserApiImplBase::OnSessionDisconnected[000001E390C822F8][706150464][ 4097]
CThostFtdcUserApiImplBase::OnSessionDisconnected[000001E390C82138][706150465][ 4097]
CThostFtdcUserApiImplBase::OnSessionDisconnected[000001E390C824B8][706150466][ 4097]
CThostFtdcUserApiImplBase::OnSessionDisconnected[000001E390C826E8][706150467][ 4097]
CThostFtdcUserApiImplBase::OnSessionDisconnected[000001E390C82138][706150468][ 4097]
CThostFtdcUserApiImplBase::OnSessionDisconnected[000001E390C824B8][706216005][ 4097]
CThostFtdcUserApiImplBase::OnSessionDisconnected[000001E390C82138][706216006][ 4097]
CThostFtdcUserApiImplBase::OnSessionDisconnected[000001E390C826E8][706216007][ 4097]
CThostFtdcUserApiImplBase::OnSessionDisconnected[000001E390C82528][706216008][ 4097]
CThostFtdcUserApiImplBase::OnSessionDisconnected[000001E390C829F8][706216009][ 4097]
CThostFtdcUserApiImplBase::OnSessionDisconnected[000001E390C82288][706216010][ 4097]
CThostFtdcUserApiImplBase::OnSessionDisconnected[000001E390C824B8][706281547][ 4097]
CThostFtdcUserApiImplBase::OnSessionDisconnected[000001E390C829F8][706281548][ 4097]
CThostFtdcUserApiImplBase::OnSessionDisconnected[000001E390C82138][706281549][ 4097]
CThostFtdcUserApiImplBase::OnSessionDisconnected[000001E390C824B8][706281550][ 4097]
CThostFtdcUserApiImplBase::OnSessionDisconnected[000001E390C824B8][706281551][ 4097]
CThostFtdcUserApiImplBase::OnSessionDisconnected[000001E390C82138][706281552][ 4097]
CThostFtdcUserApiImplBase::OnSessionDisconnected[000001E390C82138][706347089][ 4097]
CThostFtdcUserApiImplBase::OnSessionDisconnected[000001E390C82138][706347090][ 4097]
CThostFtdcUserApiImplBase::OnSessionDisconnected[000001E390C82138][706347091][ 4097]
CThostFtdcUserApiImplBase::OnSessionDisconnected[000001E390C829F8][706347092][ 4097]
CThostFtdcUserApiImplBase::OnSessionDisconnected[000001E390C82368][706347093][ 4097]
CThostFtdcUserApiImplBase::OnSessionDisconnected[000001E390C829F8][706347094][ 4097]
CThostFtdcUserApiImplBase::OnSessionDisconnected[000001E390C82138][706412631][ 4097]
CThostFtdcUserApiImplBase::OnSessionDisconnected[000001E390C82138][706412632][ 4097]
CThostFtdcUserApiImplBase::OnSessionDisconnected[000001E390C82138][706412633][ 4097]
CThostFtdcUserApiImplBase::OnSessionDisconnected[000001E390C82138][706412634][ 4097]
CThostFtdcUserApiImplBase::OnSessionDisconnected[000001E390C82138][706412635][ 4097]
CThostFtdcUserApiImplBase::OnSessionDisconnected[000001E390C827C8][706478172][ 4097]
CThostFtdcUserApiImplBase::OnSessionDisconnected[000001E390C826E8][706478173][ 4097]
CThostFtdcUserApiImplBase::OnSessionDisconnected[000001E390C82288][706478174][ 4097]
CThostFtdcUserApiImplBase::OnSessionDisconnected[000001E390C82138][706478175][ 4097]
CThostFtdcUserApiImplBase::OnSessionDisconnected[000001E390C826E8][706478176][ 4097]
CThostFtdcUserApiImplBase::OnSessionDisconnected[000001E390C82138][706478177][ 4097]
CThostFtdcUserApiImplBase::OnSessionDisconnected[000001E390C82138][706478178][ 4097]
CThostFtdcUserApiImplBase::OnSessionDisconnected[000001E390C82288][706543715][ 4097]
CThostFtdcUserApiImplBase::OnSessionDisconnected[000001E390C826E8][706543716][ 4097]
CThostFtdcUserApiImplBase::OnSessionDisconnected[000001E390C82138][706543717][ 4097]
CThostFtdcUserApiImplBase::OnSessionDisconnected[000001E390C82758][706543718][ 4097]
CThostFtdcUserApiImplBase::OnSessionDisconnected[000001E390C828A8][706543719][ 4097]
CThostFtdcUserApiImplBase::OnSessionDisconnected[000001E390C82138][706543720][ 4097]
CThostFtdcUserApiImplBase::OnSessionDisconnected[000001E390C82288][706609257][ 4097]
CThostFtdcUserApiImplBase::OnSessionDisconnected[000001E390C82138][706609258][ 4097]
CThostFtdcUserApiImplBase::OnSessionDisconnected[000001E390C82138][706609259][ 4097]
CThostFtdcUserApiImplBase::OnSessionDisconnected[000001E390C829F8][706609260][ 4097]
CThostFtdcUserApiImplBase::OnSessionDisconnected[000001E390C82138][706609261][ 4097]
CThostFtdcUserApiImplBase::OnSessionDisconnected[000001E390C82288][706609262][ 4097]
CThostFtdcUserApiImplBase::OnSessionDisconnected[000001E390C82758][706674799][ 4097]
CThostFtdcUserApiImplBase::OnSessionDisconnected[000001E390C82138][706674800][ 4097]
CThostFtdcUserApiImplBase::OnSessionDisconnected[000001E390C82368][706674801][ 4097]
CThostFtdcUserApiImplBase::OnSessionDisconnected[000001E390C82138][706674802][ 4097]
CThostFtdcUserApiImplBase::OnSessionDisconnected[000001E390C82758][706674803][ 4097]
CThostFtdcUserApiImplBase::OnSessionDisconnected[000001E390C828A8][706740340][ 4097]
CThostFtdcUserApiImplBase::OnSessionDisconnected[000001E390C82138][706740341][ 4097]
CThostFtdcUserApiImplBase::OnSessionDisconnected[000001E390C82288][706740342][ 4097]
CThostFtdcUserApiImplBase::OnSessionDisconnected[000001E390C82138][706740343][ 4097]
CThostFtdcUserApiImplBase::OnSessionDisconnected[000001E390C82138][706740344][ 4097]
CThostFtdcUserApiImplBase::OnSessionDisconnected[000001E390C82138][706740345][ 4097]
CThostFtdcUserApiImplBase::OnSessionDisconnected[000001E390C826E8][706740346][ 4097]
CThostFtdcUserApiImplBase::OnSessionDisconnected[000001E390C82138][706805883][ 4097]
CThostFtdcUserApiImplBase::OnSessionDisconnected[000001E390C82138][706805884][ 4097]
CThostFtdcUserApiImplBase::OnSessionDisconnected[000001E390C82288][706805885][ 4097]
CThostFtdcUserApiImplBase::OnSessionDisconnected[000001E390C82288][706871423][ 4097]
CThostFtdcUserApiImplBase::OnSessionDisconnected[000001E390C826E8][706871424][ 4097]
CThostFtdcUserApiImplBase::OnSessionDisconnected[000001E390C829F8][706871425][ 4097]
CThostFtdcUserApiImplBase::OnSessionDisconnected[000001E390C82288][706871426][ 4097]
CThostFtdcUserApiImplBase::OnSessionDisconnected[000001E390C82288][706871427][ 4097]
CThostFtdcUserApiImplBase::OnSessionDisconnected[000001E390C82288][706871428][ 4097]
CThostFtdcUserApiImplBase::OnSessionDisconnected[000001E390C82288][706936965][ 4097]
CThostFtdcUserApiImplBase::OnSessionDisconnected[000001E390C82288][706936966][ 4097]
CThostFtdcUserApiImplBase::OnSessionDisconnected[000001E390C829F8][706936967][ 4097]
CThostFtdcUserApiImplBase::OnSessionDisconnected[000001E390C829F8][706936968][ 4097]
CThostFtdcUserApiImplBase::OnSessionDisconnected[000001E390C82288][706936969][ 4097]
CThostFtdcUserApiImplBase::OnSessionDisconnected[000001E390C828A8][707002506][ 4097]
CThostFtdcUserApiImplBase::OnSessionDisconnected[000001E390C82288][707002507][ 4097]
CThostFtdcUserApiImplBase::OnSessionDisconnected[000001E390C829F8][707002508][ 4097]
CThostFtdcUserApiImplBase::OnSessionDisconnected[000001E390C82288][707002509][ 4097]
CThostFtdcUserApiImplBase::OnSessionDisconnected[000001E390C828A8][707002510][ 4097]
CThostFtdcUserApiImplBase::OnSessionDisconnected[000001E390C828A8][707002511][ 4097]
CThostFtdcUserApiImplBase::OnSessionDisconnected[000001E390C826E8][707068048][ 4097]
CThostFtdcUserApiImplBase::OnSessionDisconnected[000001E390C82288][707068049][ 4097]
CThostFtdcUserApiImplBase::OnSessionDisconnectedTD Front Disconnected: 4097
TD Front Disconnected: 4097
TD Front Disconnected: 4097
TD Front Disconnected: 4097
TD Front Disconnected: 4097
TD Front Disconnected: 4097
TD Front Disconnected: 4097
TD Front Disconnected: 4097
TD Front Disconnected: 4097
TD Front Disconnected: 4097
TD Front Disconnected: 4097
TD Front Disconnected: 4097
TD Front Disconnected: 4097
TD Front Disconnected: 4097
TD Front Disconnected: 4097
TD Front Disconnected: 4097
TD Front Disconnected: 4097
TD Front Disconnected: 4097
TD Front Disconnected: 4097
TD Front Disconnected: 4097
TD Front Disconnected: 4097
TD Front Disconnected: 4097
TD Front Disconnected: 4097
TD Front Disconnected: 4097
TD Front Disconnected: 4097
TD Front Disconnected: 4097
TD Front Disconnected: 4097
TD Front Disconnected: 4097
TD Front Disconnected: 4097
TD Front Disconnected: 4097
TD Front Disconnected: 4097
TD Front Disconnected: 4097
TD Front Disconnected: 4097
TD Front Disconnected: 4097
TD Front Disconnected: 4097
TD Front Disconnected: 4097
TD Front Disconnected: 4097
TD Front Disconnected: 4097
TD Front Disconnected: 4097
TD Front Disconnected: 4097
TD Front Disconnected: 4097
TD Front Disconnected: 4097
TD Front Disconnected: 4097
TD Front Disconnected: 4097
TD Front Disconnected: 4097
TD Front Disconnected: 4097
TD Front Disconnected: 4097
TD Front Disconnected: 4097
TD Front Disconnected: 4097
TD Front Disconnected: 4097
TD Front Disconnected: 4097
TD Front Disconnected: 4097
TD Front Disconnected: 4097
TD Front Disconnected: 4097
TD Front Disconnected: 4097
TD Front Disconnected: 4097
TD Front Disconnected: 4097
TD Front Disconnected: 4097
TD Front Disconnected: 4097
TD Front Disconnected: 4097
TD Front Disconnected: 4097
TD Front Disconnected: 4097
TD Front Disconnected: 4097
TD Front Disconnected: 4097
TD Front Disconnected: 4097
TD Front Disconnected: 4097
TD Front Disconnected: 4097
TD Front Disconnected: 4097
TD Front Disconnected: 4097
TD Front Disconnected: 4097
TD Front Disconnected: 4097
TD Front Disconnected: 4097
TD Front Disconnected: 4097
TD Front Disconnected: 4097
TD Front Disconnected: 4097
TD Front Disconnected: 4097
TD Front Disconnected: 4097
TD Front Disconnected: 4097
TD Front Disconnected: 4097
TD Front Disconnected: 4097
TD Front Disconnected: 4097
TD Front Disconnected: 4097
TD Front Disconnected: 4097
TD Front Disconnected: 4097
TD Front Disconnected: 4097
TD Front Disconnected: 4097
TD Front Disconnected: 4097
TD Front Disconnected: 4097
TD Front Disconnected: 4097
TD Front Disconnected: 4097
TD Front Disconnected: 4097
TD Front Disconnected: 4097
TD Front Disconnected: 4097
TD Front Disconnected: 4097
TD Front Disconnected: 4097
TD Front Disconnected: 4097
TD Front Disconnected: 4097
TD Front Disconnected: 4097
TD Front Disconnected: 4097
TD Front Disconnected: 4097
TD Front Disconnected: 4097
TD Front Disconnected: 4097
TD Front Disconnected: 4097
TD Front Disconnected: 4097
TD Front Disconnected: 4097
TD Front Disconnected: 4097
TD Front Disconnected: 4097
TD Front Disconnected: 4097
TD Front Disconnected: 4097
TD Front Disconnected: 4097
TD Front Disconnected: 4097
TD Front Disconnected: 4097
TD Front Disconnected: 4097
TD Front Disconnected: 4097
TD Front Disconnected: 4097
TD Front Disconnected: 4097
TD Front Disconnected: 4097
TD Front Disconnected: 4097
TD Front Disconnected: 4097
TD Front Disconnected: 4097
TD Front Disconnected: 4097
TD Front Disconnected: 4097
TD Front Disconnected: 4097
TD Front Disconnected: 4097
TD Front Disconnected: 4097
TD Front Disconnected: 4097
TD Front Disconnected: 4097
TD Front Disconnected: 4097
TD Front Disconnected: 4097
TD Front Disconnected: 4097
TD Front Disconnected: 4097
TD Front Disconnected: 4097
TD Front Disconnected: 4097
TD Front Disconnected: 4097
TD Front Disconnected: 4097
TD Front Disconnected: 4097
TD Front Disconnected: 4097
TD Front Disconnected: 4097
TD Front Disconnected: 4097
TD Front Disconnected: 4097
TD Front Disconnected: 4097
TD Front Disconnected: 4097
TD Front Disconnected: 4097
TD Front Disconnected: 4097
TD Front Disconnected: 4097
TD Front Disconnected: 4097
TD Front[000001E390C829F8][707068050][ 4097]
CThostFtdcUserApiImplBase::OnSessionDisconnected[000001E390C82288][707068051][ 4097]
CThostFtdcUserApiImplBase::OnSessionDisconnected[000001E390C824B8][707068052][ 4097]
CThostFtdcUserApiImplBase::OnSessionDisconnected[000001E390C82288][707068053][ 4097]
CThostFtdcUserApiImplBase::OnSessionDisconnected[000001E390C82288][707133590][ 4097]
CThostFtdcUserApiImplBase::OnSessionDisconnected[000001E390C828A8][707133591][ 4097]
CThostFtdcUserApiImplBase::OnSessionDisconnected[000001E390C824B8][707133592][ 4097]
CThostFtdcUserApiImplBase::OnSessionDisconnected[000001E390C82288][707133593][ 4097]
CThostFtdcUserApiImplBase::OnSessionDisconnected[000001E390C824B8][707133594][ 4097]
CThostFtdcUserApiImplBase::OnSessionDisconnected[000001E390C82528][707133595][ 4097]
CThostFtdcUserApiImplBase::OnSessionDisconnected[000001E390C824B8][707199132][ 4097]
CThostFtdcUserApiImplBase::OnSessionDisconnected[000001E390C82288][707199133][ 4097]
CThostFtdcUserApiImplBase::OnSessionDisconnected[000001E390C82288][707199134][ 4097]
CThostFtdcUserApiImplBase::OnSessionDisconnected[000001E390C828A8][707199135][ 4097]
CThostFtdcUserApiImplBase::OnSessionDisconnected[000001E390C82288][707199136][ 4097]
CThostFtdcUserApiImplBase::OnSessionDisconnected[000001E390C826E8][707199137][ 4097]
CThostFtdcUserApiImplBase::OnSessionDisconnected[000001E390C82288][707264674][ 4097]
CThostFtdcUserApiImplBase::OnSessionDisconnected[000001E390C822F8][707264675][ 4097]
CThostFtdcUserApiImplBase::OnSessionDisconnected[000001E390C824B8][707264676][ 4097]
CThostFtdcUserApiImplBase::OnSessionDisconnected[000001E390C824B8][707264677][ 4097]
CThostFtdcUserApiImplBase::OnSessionDisconnected[000001E390C822F8][707264678][ 4097]
CThostFtdcUserApiImplBase::OnSessionDisconnected[000001E390C82288][707264679][ 4097]
CThostFtdcUserApiImplBase::OnSessionDisconnected[000001E390C827C8][707330216][ 4097]
CThostFtdcUserApiImplBase::OnSessionDisconnected[000001E390C82288][707330217][ 4097]
CThostFtdcUserApiImplBase::OnSessionDisconnected[000001E390C82288][707330218][ 4097]
CThostFtdcUserApiImplBase::OnSessionDisconnected[000001E390C829F8][707330219][ 4097]
CThostFtdcUserApiImplBase::OnSessionDisconnected[000001E390C828A8][707330220][ 4097]
CThostFtdcUserApiImplBase::OnSessionDisconnected[000001E390C826E8][707330221][ 4097]
CThostFtdcUserApiImplBase::OnSessionDisconnected[000001E390C82288][707330222][ 4097]
CThostFtdcUserApiImplBase::OnSessionDisconnected[000001E390C826E8][707395759][ 4097]
CThostFtdcUserApiImplBase::OnSessionDisconnected[000001E390C827C8][707395760][ 4097]
CThostFtdcUserApiImplBase::OnSessionDisconnected[000001E390C82288][707395761][ 4097]
CThostFtdcUserApiImplBase::OnSessionDisconnected[000001E390C82288][707395762][ 4097]
CThostFtdcUserApiImplBase::OnSessionDisconnected[000001E390C826E8][707395763][ 4097]
CThostFtdcUserApiImplBase::OnSessionDisconnected[000001E390C82528][707395764][ 4097]
CThostFtdcUserApiImplBase::OnSessionDisconnected[000001E390C82288][707395765][ 4097]
CThostFtdcUserApiImplBase::OnSessionDisconnected[000001E390C826E8][707395766][ 4097]
CThostFtdcUserApiImplBase::OnSessionDisconnected[000001E390C82288][707461303][ 4097]
CThostFtdcUserApiImplBase::OnSessionDisconnected[000001E390C82288][707461304][ 4097]
CThostFtdcUserApiImplBase::OnSessionDisconnected[000001E390C82288][707461305][ 4097]
CThostFtdcUserApiImplBase::OnSessionDisconnected[000001E390C82288][707461306][ 4097]
CThostFtdcUserApiImplBase::OnSessionDisconnected[000001E390C82288][707461307][ 4097]
CThostFtdcUserApiImplBase::OnSessionDisconnected[000001E390C827C8][707461308][ 4097]
CThostFtdcUserApiImplBase::OnSessionDisconnected[000001E390C82288][707461309][ 4097]
CThostFtdcUserApiImplBase::OnSessionDisconnected[000001E390C82288][707526846][ 4097]
CThostFtdcUserApiImplBase::OnSessionDisconnected[000001E390C82288][707526847][ 4097]
CThostFtdcUserApiImplBase::OnSessionDisconnected[000001E390C82288][707526848][ 4097]
CThostFtdcUserApiImplBase::OnSessionDisconnected[000001E390C826E8][707526849][ 4097]
CThostFtdcUserApiImplBase::OnSessionDisconnected[000001E390C82288][707526850][ 4097]
CThostFtdcUserApiImplBase::OnSessionDisconnected[000001E390C82288][707526851][ 4097]
CThostFtdcUserApiImplBase::OnSessionDisconnected[000001E390C82288][707526852][ 4097]
CThostFtdcUserApiImplBase::OnSessionDisconnected[000001E390C82288][707526853][ 4097]
CThostFtdcUserApiImplBase::OnSessionDisconnected[000001E390C826E8][707592390][ 4097]
CThostFtdcUserApiImplBase::OnSessionDisconnected[000001E390C826E8][707592391][ 4097]
CThostFtdcUserApiImplBase::OnSessionDisconnected[000001E390C824B8][707592392][ 4097]
CThostFtdcUserApiImplBase::OnSessionDisconnected[000001E390C826E8][707592393][ 4097]
CThostFtdcUserApiImplBase::OnSessionDisconnected[000001E390C824B8][707592394][ 4097]
CThostFtdcUserApiImplBase::OnSessionDisconnected[000001E390C82288][707592395][ 4097]
CThostFtdcUserApiImplBase::OnSessionDisconnected[000001E390C82288][707657932][ 4097]
CThostFtdcUserApiImplBase::OnSessionDisconnected[000001E390C826E8][707657933][ 4097]
CThostFtdcUserApiImplBase::OnSessionDisconnected[000001E390C829F8][707657934][ 4097]
CThostFtdcUserApiImplBase::OnSessionDisconnected[000001E390C824B8][707657935][ 4097]
CThostFtdcUserApiImplBase::OnSessionDisconnected[000001E390C829F8][707657936][ 4097]
CThostFtdcUserApiImplBase::OnSessionDisconnected[000001E390C82288][707657937][ 4097]
CThostFtdcUserApiImplBase::OnSessionDisconnected[000001E390C829F8][707723474][ 4097]
CThostFtdcUserApiImplBase::OnSessionDisconnected[000001E390C826E8][707723475][ 4097]
CThostFtdcUserApiImplBase::OnSessionDisconnected[000001E390C827C8][707723476][ 4097]
CThostFtdcUserApiImplBase::OnSessionDisconnected[000001E390C826E8][707723477][ 4097]
CThostFtdcUserApiImplBase::OnSessionDisconnected[000001E390C824B8][707723478][ 4097]
CThostFtdcUserApiImplBase::OnSessionDisconnected[000001E390C82288][707723479][ 4097]
CThostFtdcUserApiImplBase::OnSessionDisconnected[000001E390C826E8][707789016][ 4097]
CThostFtdcUserApiImplBase::OnSessionDisconnected[000001E390C82288][707789017][ 4097]
CThostFtdcUserApiImplBase::OnSessionDisconnected[000001E390C82288][707789018][ 4097]
CThostFtdcUserApiImplBase::OnSessionDisconnected[000001E390C828A8][707789019][ 4097]
CThostFtdcUserApiImplBase::OnSessionDisconnected[000001E390C82288][707789020][ 4097]
CThostFtdcUserApiImplBase::OnSessionDisconnected[000001E390C829F8][707789021][ 4097]
CThostFtdcUserApiImplBase::OnSessionDisconnected[000001E390C829F8][707789022][ 4097]
CThostFtdcUserApiImplBase::OnSessionDisconnected[000001E390C822F8][707789023][ 4097]
CThostFtdcUserApiImplBase::OnSessionDisconnected[000001E390C824B8][707854560][ 4097]
CThostFtdcUserApiImplBase::OnSessionDisconnected[000001E390C827C8][707854561][ 4097]
CThostFtdcUserApiImplBase::OnSessionDisconnected[000001E390C82288][707854562][ 4097]
CThostFtdcUserApiImplBase::OnSessionDisconnected[000001E390C82288][707854563][ 4097]
CThostFtdcUserApiImplBase::OnSessionDisconnected[000001E390C827C8][707854564][ 4097]
CThostFtdcUserApiImplBase::OnSessionDisconnected[000001E390C82288][707854565][ 4097]
CThostFtdcUserApiImplBase::OnSessionDisconnected[000001E390C829F8][707854566][ 4097]
CThostFtdcUserApiImplBase::OnSessionDisconnected[000001E390C82288][707854567][ 4097]
CThostFtdcUserApiImplBase::OnSessionDisconnected[000001E390C822F8][707920104][ 4097]
CThostFtdcUserApiImplBase::OnSessionDisconnected[000001E390C82288][707920105][ 4097]
CThostFtdcUserApiImplBase::OnSessionDisconnected[000001E390C82288][707920106][ 4097]
CThostFtdcUserApiImplBase::OnSessionDisconnected[000001E390C828A8][707920107][ 4097]
CThostFtdcUserApiImplBase::OnSessionDisconnected[000001E390C82288][707920108][ 4097]
CThostFtdcUserApiImplBase::OnSessionDisconnected[000001E390C829F8][707920109][ 4097]
CThostFtdcUserApiImplBase::OnSessionDisconnected[000001E390C829F8][707985646][ 4097]
CThostFtdcUserApiImplBase::OnSessionDisconnected[000001E390C826E8][707985647][ 4097]
CThostFtdcUserApiImplBase::OnSessionDisconnected[000001E390C82288][707985648][ 4097]
CThostFtdcUserApiImplBase::OnSessionDisconnected[000001E390C82288][707985649][ 4097]
CThostFtdcUserApiImplBase::OnSessionDisconnected[000001E390C82288][707985650][ 4 Disconnected: 4097
TD Front Disconnected: 4097
TD Front Disconnected: 4097
TD Front Disconnected: 4097
TD Front Disconnected: 4097
TD Front Disconnected: 4097
TD Front Disconnected: 4097
TD Front Disconnected: 4097
TD Front Disconnected: 4097
TD Front Disconnected: 4097
TD Front Disconnected: 4097
TD Front Disconnected: 4097
TD Front Disconnected: 4097
TD Front Disconnected: 4097
TD Front Disconnected: 4097
TD Front Disconnected: 4097
TD Front Disconnected: 4097
TD Front Disconnected: 4097
TD Front Disconnected: 4097
TD Front Disconnected: 4097
TD Front Disconnected: 4097
TD Front Disconnected: 4097
TD Front Disconnected: 4097
TD Front Disconnected: 4097
TD Front Disconnected: 4097
TD Front Disconnected: 4097
TD Front Disconnected: 4097
TD Front Disconnected: 4097
TD Front Disconnected: 4097
TD Front Disconnected: 4097
TD Front Disconnected: 4097
TD Front Disconnected: 4097
TD Front Disconnected: 4097
TD Front Disconnected: 4097
TD Front Disconnected: 4097
TD Front Disconnected: 4097
TD Front Disconnected: 4097
TD Front Disconnected: 4097
TD Front Disconnected: 4097
TD Front Disconnected: 4097
TD Front Disconnected: 4097
TD Front Disconnected: 4097
TD Front Disconnected: 4097
TD Front Disconnected: 4097
TD Front Disconnected: 4097
TD Front Disconnected: 4097
TD Front Disconnected: 4097
TD Front Disconnected: 4097
TD Front Disconnected: 4097
TD Front Disconnected: 4097
TD Front Disconnected: 4097
TD Front Disconnected: 4097
TD Front Disconnected: 4097
TD Front Disconnected: 4097
TD Front Disconnected: 4097
TD Front Disconnected: 4097
TD Front Disconnected: 4097
TD Front Disconnected: 4097
TD Front Disconnected: 4097
TD Front Disconnected: 4097
TD Front Disconnected: 4097
TD Front Disconnected: 4097
TD Front Disconnected: 4097
TD Front Disconnected: 4097
TD Front Disconnected: 4097
TD Front Disconnected: 4097
TD Front Disconnected: 4097
TD Front Disconnected: 4097
TD Front Disconnected: 4097
TD Front Disconnected: 4097
TD Front Disconnected: 4097
TD Front Disconnected: 4097
TD Front Disconnected: 4097
TD Front Disconnected: 4097
TD Front Disconnected: 4097
TD Front Disconnected: 4097
TD Front Disconnected: 4097
TD Front Disconnected: 4097
TD Front Disconnected: 4097
TD Front Disconnected: 4097
TD Front Disconnected: 4097
TD Front Disconnected: 4097
TD Front Disconnected: 4097
TD Front Disconnected: 4097
TD Front Disconnected: 4097
TD Front Disconnected: 4097
TD Front Disconnected: 4097
TD Front Disconnected: 4097
TD Front Disconnected: 4097
TD Front Disconnected: 4097
TD Front Disconnected: 4097
TD Front Disconnected: 4097
TD Front Disconnected: 4097
TD Front Disconnected: 4097
TD Front Disconnected: 4097
TD Front Disconnected: 4097
TD Front Disconnected: 4097
TD Front Disconnected: 4097
TD Front Disconnected: 4097
TD Front Disconnected: 4097
TD Front Disconnected: 4097
TD Front Disconnected: 4097
TD Front Disconnected: 4097
TD Front Disconnected: 4097
TD Front Disconnected: 4097
TD Front Disconnected: 4097
TD Front Disconnected: 4097
TD Front Disconnected: 4097
TD Front Disconnected: 4097
TD Front Disconnected: 4097
TD Front Disconnected: 4097
TD Front Disconnected: 4097
TD Front Disconnected: 4097
TD Front Disconnected: 4097
TD Front Disconnected: 4097
TD Front Disconnected: 4097
TD Front Disconnected: 4097
TD Front Disconnected: 4097
TD Front Disconnected: 4097
MD Front Disconnected: 4097
MD Front Disconnected: 4097
MD Front Disconnected: 4097
MD Front Disconnected: 4097
MD Front Disconnected: 4097
MD Front Disconnected: 4097
MD Front Disconnected: 4097
MD Front Disconnected: 4097
MD Front Disconnected: 4097
MD Front Disconnected: 4097
MD Front Disconnected: 4097
MD Front Disconnected: 4097
MD Front Disconnected: 4097
MD Front Disconnected: 4097
MD Front Disconnected: 4097
MD Front Disconnected: 4097
MD Front Disconnected: 4097
MD Front Disconnected: 4097
MD Front Disconnected: 4097
MD Front Disconnected: 4097
MD Front Disconnected: 4097
MD Front Disconnected: 4097
MD Front Disconnected: 4097
MD Front Disconnected: 4097
MD Front Disconnected: 4097
MD Front Disconnected: 4097
MD Front Disconnected: 4097
MD Front DisconnCThostFtdcUserApiImplBase::OnSessionDisconnected[000001E390C82138][708247553][ 4097]
CThostFtdcUserApiImplBase::OnSessionDisconnected[000001E390C82138][708247554][ 4097]
CThostFtdcUserApiImplBase::OnSessionDisconnected[000001E390C82758][708247555][ 4097]
CThostFtdcUserApiImplBase::OnSessionDisconnected[000001E390C82138][708247556][ 4097]
CThostFtdcUserApiImplBase::OnSessionDisconnected[000001E390C822F8][708313093][ 4097]
CThostFtdcUserApiImplBase::OnSessionDisconnected[000001E390C82138][708313094][ 4097]
CThostFtdcUserApiImplBase::OnSessionDisconnected[000001E390C82138][708313095][ 4097]
CThostFtdcUserApiImplBase::OnSessionDisconnected[000001E390C828A8][708313096][ 4097]
CThostFtdcUserApiImplBase::OnSessionDisconnected[000001E390C828A8][708313097][ 4097]
CThostFtdcUserApiImplBase::OnSessionDisconnected[000001E390C82528][708313098][ 4097]
CThostFtdcUserApiImplBase::OnSessionDisconnected[000001E390C826E8][708313099][ 4097]
CThostFtdcUserApiImplBase::OnSessionDisconnected[000001E390C82138][708313100][ 4097]
CThostFtdcUserApiImplBase::OnSessionDisconnected[000001E390C827C8][708313101][ 4097]
CThostFtdcUserApiImplBase::OnSessionDisconnected[000001E390C828A8][708378638][ 4097]
CThostFtdcUserApiImplBase::OnSessionDisconnected[000001E390C82138][708378639][ 4097]
CThostFtdcUserApiImplBase::OnSessionDisconnected[000001E390C82138][708378640][ 4097]
CThostFtdcUserApiImplBase::OnSessionDisconnected[000001E390C82138][708378641][ 4097]
CThostFtdcUserApiImplBase::OnSessionDisconnected[000001E390C82528][708378642][ 4097]
CThostFtdcUserApiImplBase::OnSessionDisconnected[000001E390C82528][708378643][ 4097]
CThostFtdcUserApiImplBase::OnSessionDisconnected[000001E390C82138][708378644][ 4097]
CThostFtdcUserApiImplBase::OnSessionDisconnected[000001E390C828A8][708378645][ 4097]
CThostFtdcUserApiImplBase::OnSessionDisconnected[000001E390C827C8][708378646][ 4097]
CThostFtdcUserApiImplBase::OnSessionDisconnected[000001E390C82138][708378647][ 4097]
CThostFtdcUserApiImplBase::OnSessionDisconnected[000001E390C82138][708444184][ 4097]
CThostFtdcUserApiImplBase::OnSessionDisconnected[000001E390C82138][708444185][ 4097]
CThostFtdcUserApiImplBase::OnSessionDisconnected[000001E390C82138][708444186][ 4097]
CThostFtdcUserApiImplBase::OnSessionDisconnected[000001E390C822F8][708444187][ 4097]
CThostFtdcUserApiImplBase::OnSessionDisconnected[000001E390C829F8][708444188][ 4097]
CThostFtdcUserApiImplBase::OnSessionDisconnected[000001E390C82138][708444189][ 4097]
CThostFtdcUserApiImplBase::OnSessionDisconnected[000001E390C828A8][708444190][ 4097]
CThostFtdcUserApiImplBase::OnSessionDisconnected[000001E390C82138][708444191][ 4097]
CThostFtdcUserApiImplBase::OnSessionDisconnected[000001E390C82368][708444192][ 4097]
CThostFtdcUserApiImplBase::OnSessionDisconnected[000001E390C826E8][708509729][ 4097]
CThostFtdcUserApiImplBase::OnSessionDisconnected[000001E390C82138][708509730][ 4097]
CThostFtdcUserApiImplBase::OnSessionDisconnected[000001E390C82528][708509731][ 4097]
CThostFtdcUserApiImplBase::OnSessionDisconnected[000001E390C82138][708509732][ 4097]
CThostFtdcUserApiImplBase::OnSessionDisconnected[000001E390C82138][708509733][ 4097]
CThostFtdcUserApiImplBase::OnSessionDisconnected[000001E390C829F8][708509734][ 4097]
CThostFtdcUserApiImplBase::OnSessionDisconnected[000001E390C826E8][708509735][ 4097]
CThostFtdcUserApiImplBase::OnSessionDisconnected[000001E390C82368][708509736][ 4097]
CThostFtdcUserApiImplBase::OnSessionDisconnected[000001E390C82138][708509737][ 4097]
CThostFtdcUserApiImplBase::OnSessionDisconnected[000001E390C82138][708509738][ 4097]
CThostFtdcUserApiImplBase::OnSessionDisconnected[000001E390C826E8][708575275][ 4097]
CThostFtdcUserApiImplBase::OnSessionDisconnected[000001E390C822F8][708575276][ 4097]
CThostFtdcUserApiImplBase::OnSessionDisconnected[000001E390C82758][708575277][ 4097]
CThostFtdcUserApiImplBase::OnSessionDisconnected[000001E390C82758][708575278][ 4097]
CThostFtdcUserApiImplBase::OnSessionDisconnected[000001E390C826E8][708575279][ 4097]
CThostFtdcUserApiImplBase::OnSessionDisconnected[000001E390C82528][708575280][ 4097]
CThostFtdcUserApiImplBase::OnSessionDisconnected[000001E390C82528][708575281][ 4097]
CThostFtdcUserApiImplBase::OnSessionDisconnected[000001E390C82528][708575282][ 4097]
CThostFtdcUserApiImplBase::OnSessionDisconnected[000001E390C82138][708575283][ 4097]
CThostFtdcUserApiImplBase::OnSessionDisconnected[000001E390C827C8][708575284][ 4097]
CThostFtdcUserApiImplBase::OnSessionDisconnected[000001E390C82138][708640821][ 4097]
CThostFtdcUserApiImplBase::OnSessionDisconnected[000001E390C82758][708640822][ 4097]
CThostFtdcUserApiImplBase::OnSessionDisconnected[000001E390C82528][708640823][ 4097]
CThostFtdcUserApiImplBase::OnSessionDisconnected[000001E390C82528][708640824][ 4097]
CThostFtdcUserApiImplBase::OnSessionDisconnected[000001E390C82288][708640825][ 4097]
CThostFtdcUserApiImplBase::OnSessionDisconnected[000001E390C82288][708640826][ 4097]
CThostFtdcUserApiImplBase::OnSessionDisconnected[000001E390C829F8][708640827][ 4097]
CThostFtdcUserApiImplBase::OnSessionDisconnected[000001E390C828A8][708640828][ 4097]
CThostFtdcUserApiImplBase::OnSessionDisconnected[000001E390C82138][708640829][ 4097]
CThostFtdcUserApiImplBase::OnSessionDisconnected[000001E390C82138][708706366][ 4097]
CThostFtdcUserApiImplBase::OnSessionDisconnected[000001E390C82528][708706367][ 4097]
CThostFtdcUserApiImplBase::OnSessionDisconnected[000001E390C82528][708706368][ 4097]
CThostFtdcUserApiImplBase::OnSessionDisconnected[000001E390C82138][708706369][ 4097]
CThostFtdcUserApiImplBase::OnSessionDisconnected[000001E390C828A8][708706370][ 4097]
CThostFtdcUserApiImplBase::OnSessionDisconnected[000001E390C826E8][708706371][ 4097]
CThostFtdcUserApiImplBase::OnSessionDisconnected[000001E390C82528][708706372][ 4097]
CThostFtdcUserApiImplBase::OnSessionDisconnected[000001E390C82138][708706373][ 4097]
CThostFtdcUserApiImplBase::OnSessionDisconnected[000001E390C82138][708706374][ 4097]
CThostFtdcUserApiImplBase::OnSessionDisconnected[000001E390C828A8][708706375][ 4097]
CThostFtdcUserApiImplBase::OnSessionDisconnected[000001E390C82138][708771912][ 4097]
CThostFtdcUserApiImplBase::OnSessionDisconnected[000001E390C82138][708771913][ 4097]
CThostFtdcUserApiImplBase::OnSessionDisconnected[000001E390C82138][708771914][ 4097]
CThostFtdcUserApiImplBase::OnSessionDisconnected[000001E390C82368][708771915][ 4097]
CThostFtdcUserApiImplBase::OnSessionDisconnected[000001E390C82758][708771916][ 4097]
CThostFtdcUserApiImplBase::OnSessionDisconnected[000001E390C82528][708771917][ 4097]
CThostFtdcUserApiImplBase::OnSessionDisconnected[000001E390C82288][708771918][ 4097]
CThostFtdcUserApiImplBase::OnSessionDisconnected[000001E390C822F8][708771919][ 4097]
CThostFtdcUserApiImplBase::OnSessionDisconnected[000001E390C827C8][708771920][ 4097]
CThostFtdcUserApiImplBase::OnSessionDisconnected[000001E390C82368][708837457][ 4097]
CThostFtdcUserApiImplBase::OnSessionDisconnected[000001E390C827C8][708837458][ 4097]
CThostFtdcUserApiImplBase::OnSessionDisconnected[000001E390C82138][708837459][ 4097]
CThostFtdcUserApiImplBase::OnSessionDisconnected[000001E390C82138][708837460][ 4097]
CThostFtdcUserApiImplBase::OnSessionDisconnected[000001E390C82138][708837461][ 4097]
CThostFtdcUserApiImplBase::OnSessionDisconnected[000001E390C82138][708837462][ 4097]
CThostFtdcUserApiImplBase::OnSessionDisconnected[000001E390C82138][708837463][ 4097]
CThostFtdcUserApiImplBase::OnSessionDisconnected[000001E390C822F8][708837464][ 4097]
CThostFtdcUserApiImplBase::OnSessionDisconnected[000001E390C82138][708837465][ 4097]
CThostFtdcUserApiImplBase::OnSessionDisconnected[000001E390C82138][708903002][ 4097]
CThostFtdcUserApiImplBase::OnSessionDisconnected[000001E390C82138][708903003][ 4097]
CThostFtdcUserApiImplBase::OnSessionDisconnected[000001E390C827C8][708903004][ 4097]
CThostFtdcUserApiImplBase::OnSessionDisconnected[000001E390C82288][708903005][ 4097]
CThostFtdcUserApiImplBase::OnSessionDisconnected[000001E390C82138][708903006][ 4097]
CThostFtdcUserApiImplBase::OnSessionDisconnected[000001E390C82528][708903007][ 4097]
CThostFtdcUserApiImplBase::OnSessionDisconnected[000001E390C82138][708903008][ 4097]
CThostFtdcUserApiImplBase::OnSessionDisconnected[000001E390C82138][708903009][ 4097]
CThostFtdcUserApiImplBase::OnSessionDisconnected[000001E390C82138][708903010][ 4097]
CThostFtdcUserApiImplBase::OnSessionDisconnected[000001E390C82528][708903011][ 4097]
CThostFtdcUserApiImplBase::OnSessionDisconnected[000001E390C829F8][708968548][ 4097]
CThostFtdcUserApiImplBase::OnSessionDisconnected[000001E390C828A8][708968549][ 4097]
CThostFtdcUserApiImplBase::OnSessionDisconnected[000001E390C82138][708968550][ 4097]
CThostFtdcUserApiImplBase::OnSessionDisconnected[000001E390C822F8][708968551][ 4097]
CThostFtdcUserApiImplBase::OnSessionDisconnected[000001E390C829F8][708968552][ 4097]
CThostFtdcUserApiImplBase::OnSessionDisconnected[000001E390C826E8][708968553][ 4097]
CThostFtdcUserApiImplBase::OnSessionDisconnected[000001E390C827C8][708968554][ 4097]
CThostFtdcUserApiImplBase::OnSessionDisconnected[000001E390C82138][708968555][ 4097]
CThostFtdcUserApiImplBase::OnSessionDisconnected[000001E390C82528][708968556][ 4097]
CThostFtdcUserApiImplBase::OnSessionDisconnected[000001E390C82288][709034093][ 4097]
CThostFtdcUserApiImplBase::OnSessionDisconnected[000001E390C82288][709034094][ 4097]
CThostFtdcUserApiImplBase::OnSessionDisconnected[000001E390C82528][709034095][ 4097]
CThostFtdcUserApiImplBase::OnSessionDisconnected[000001E390C82138][709034096][ 4097]
CThostFtdcUserApiImplBase::OnSessionDisconnected[000001E390C828A8][709034097][ 4097]
CThostFtdcUserApiImplBase::OnSessionDisconnected[000001E390C826E8][709034098][ 4097]
CThostFtdcUserApiImplBase::OnSessionDisconnected[000001E390C82528][709034099][ 4097]
CThostFtdcUserApiImplBase::OnSessionDisconnected[000001E390C82138][709034100][ 4097]
CThostFtdcUserApiImplBase::OnSessionDisconnected[000001E390C826E8][709034101][ 4097]
CThostFtdcUserApiImplBase::OnSessionDisconnected[000001E390C822F8][709099638][ 4097]
CThostFtdcUserApiImplBase::OnSessionDisconnected[000001E390C82758][709099639][ 4097]
CThostFtdcUserApiImplBase::OnSessionDisconnected[000001E390C82758][709099640][ 4097]
CThostFtdcUserApiImplBase::OnSessionDisconnected[000001E390C826E8][709099641][ 4097]
CThostFtdcUserApiImplBase::OnSessionDisconnected[000001E390C82528][709099642][ 4097]
CThostFtdcUserApiImplBase::OnSessionDisconnected[000001E390C82138][709099643][ 4097]
CThostFtdcUserApiImplBase::OnSessionDisconnected[000001E390C826E8][709099644][ 4097]
CThostFtdcUserApiImplBase::OnSessionDisconnected[000001E390C826E8][709099645][ 4097]
CThostFtdcUserApiImplBase::OnSessionDisconnected[000001E390C82138][709099646][ 4097]
CThostFtdcUserApiImplBase::OnSessionDisconnected[000001E390C82138][709099647][ 4097]
CThostFtdcUserApiImplBase::OnSessionDisconnected[000001E390C82138][709165184][ 4097]
CThostFtdcUserApiImplBase::OnSessionDisconnected[000001E390C82138][709165185][ 4097]
CThostFtdcUserApiImplBase::OnSessionDisconnected[000001E390C829F8][709165186][ 4097]
CThostFtdcUserApiImplBase::OnSessionDisconnected[000001E390C82138][709165187][ 4097]
CThostFtdcUserApiImplBase::OnSessionDisconnected[000001E390C82528][709165188][ 4097]
CThostFtdcUserApiImplBase::OnSessionDisconnected[000001E390C829F8][709165189][ 4097]
CThostFtdcUserApiImplBase::OnSessionDisconnected[000001E390C828A8][709165190][ 4097]
CThostFtdcUserApiImplBase::OnSessionDisconnected[000001E390C82138][709165191][ 4097]
CThostFtdcUserApiImplBase::OnSessionDisconnected[000001E390C822F8][709165192][ 4097]
CThostFtdcUserApiImplBase::OnSessionDisconnected[000001E390C829F8][709165193][ 4097]
CThostFtdcUserApiImplBase::OnSessionDisconnected[000001E390C829F8][709230730][ 4097]
CThostFtdcUserApiImplBase::OnSessionDisconnected[000001E390C82528][709230731][ 4097]
CThostFtdcUserApiImplBase::OnSessionDisconnected[000001E390C82288][709230732][ 4097]
CThostFtdcUserApiImplBase::OnSessionDisconnected[000001E390C82138][709230733][ 4097]
CThostFtdcUserApiImplBase::OnSessionDisconnected[000001E390C82138][709230734][ 4097]
CThostFtdcUserApiImplBase::OnSessionDisconnected[000001E390C82138][709230735][ 4097]
CThostFtdcUserApiImplBase::OnSessionDisconnected[000001E390C829F8][709230736][ 4097]
CThostFtdcUserApiImplBase::OnSessionDisconnectedected: 4097
MD Front Disconnected: 4097
MD Front Disconnected: 4097
MD Front Disconnected: 4097
MD Front Disconnected: 4097
MD Front Disconnected: 4097
MD Front Disconnected: 4097
MD Front Disconnected: 4097
MD Front Disconnected: 4097
MD Front Disconnected: 4097
MD Front Disconnected: 4097
MD Front Disconnected: 4097
MD Front Disconnected: 4097
MD Front Disconnected: 4097
MD Front Disconnected: 4097
MD Front Disconnected: 4097
MD Front Disconnected: 4097
MD Front Disconnected: 4097
MD Front Disconnected: 4097
MD Front Disconnected: 4097
MD Front Disconnected: 4097
MD Front Disconnected: 4097
MD Front Disconnected: 4097
MD Front Disconnected: 4097
MD Front Disconnected: 4097
MD Front Disconnected: 4097
MD Front Disconnected: 4097
MD Front Disconnected: 4097
MD Front Disconnected: 4097
MD Front Disconnected: 4097
MD Front Disconnected: 4097
MD Front Disconnected: 4097
MD Front Disconnected: 4097
MD Front Disconnected: 4097
MD Front Disconnected: 4097
MD Front Disconnected: 4097
MD Front Disconnected: 4097
MD Front Disconnected: 4097
MD Front Disconnected: 4097
MD Front Disconnected: 4097
MD Front Disconnected: 4097
MD Front Disconnected: 4097
MD Front Disconnected: 4097
MD Front Disconnected: 4097
MD Front Disconnected: 4097
MD Front Disconnected: 4097
MD Front Disconnected: 4097
MD Front Disconnected: 4097
MD Front Disconnected: 4097
MD Front Disconnected: 4097
MD Front Disconnected: 4097
MD Front Disconnected: 4097
MD Front Disconnected: 4097
MD Front Disconnected: 4097
MD Front Disconnected: 4097
MD Front Disconnected: 4097
MD Front Disconnected: 4097
MD Front Disconnected: 4097
MD Front Disconnected: 4097
MD Front Disconnected: 4097
MD Front Disconnected: 4097
MD Front Disconnected: 4097
MD Front Disconnected: 4097
MD Front Disconnected: 4097
MD Front Disconnected: 4097
MD Front Disconnected: 4097
MD Front Disconnected: 4097
MD Front Disconnected: 4097
MD Front Disconnected: 4097
MD Front Disconnected: 4097
MD Front Disconnected: 4097
MD Front Disconnected: 4097
MD Front Disconnected: 4097
MD Front Disconnected: 4097
MD Front Disconnected: 4097
MD Front Disconnected: 4097
MD Front Disconnected: 4097
MD Front Disconnected: 4097
MD Front Disconnected: 4097
MD Front Disconnected: 4097
MD Front Disconnected: 4097
MD Front Disconnected: 4097
MD Front Disconnected: 4097
MD Front Disconnected: 4097
MD Front Disconnected: 4097
MD Front Disconnected: 4097
MD Front Disconnected: 4097
MD Front Disconnected: 4097
MD Front Disconnected: 4097
MD Front Disconnected: 4097
MD Front Disconnected: 4097
MD Front Disconnected: 4097
MD Front Disconnected: 4097
MD Front Disconnected: 4097
MD Front Disconnected: 4097
MD Front Disconnected: 4097
MD Front Disconnected: 4097
MD Front Disconnected: 4097
MD Front Disconnected: 4097
MD Front Disconnected: 4097
MD Front Disconnected: 4097
MD Front Disconnected: 4097
MD Front Disconnected: 4097
MD Front Disconnected: 4097
MD Front Disconnected: 4097
MD Front Disconnected: 4097
MD Front Disconnected: 4097
MD Front Disconnected: 4097
MD Front Disconnected: 4097
MD Front Disconnected: 4097
MD Front Disconnected: 4097
MD Front Disconnected: 4097
MD Front Disconnected: 4097
MD Front Disconnected: 4097
MD Front Disconnected: 4097
MD Front Disconnected: 4097
MD Front Disconnected: 4097
MD Front Disconnected: 4097
MD Front Disconnected: 4097
MD Front Disconnected: 4097
MD Front Disconnected: 4097
MD Front Disconnected: 4097
MD Front Disconnected: 4097
MD Front Disconnected: 4097
MD Front Disconnected: 4097
MD Front Disconnected: 4097
MD Front Disconnected: 4097
MD Front Disconnected: 4097
MD Front Disconnected: 4097
MD Front Disconnected: 4097
MD Front Disconnected: 4097
MD Front Disconnected: 4097
MD Front Disconnected: 4097
MD Front Disconnected: 4097
MD Front Disconnected: 4097
MD Front Disconnected: 4097
MD Front Disconnected: 4097
MD Front Disconnected: 4097
MD Front Disconnected: 4097
MD Front Disconnected: 4097
MD Front Disconnected: 4097
MD Front Disconnected: 4097
MD Front Disconnected: 4097
MD Front Disconnected: 4097
MD Front Disconnected: 4097
MD Front Disconnected: 4097
MD Front Disconnected: 4[000001E390C826E8][709230737][ 4097]
CThostFtdcUserApiImplBase::OnSessionDisconnected[000001E390C82528][709230738][ 4097]
CThostFtdcUserApiImplBase::OnSessionDisconnected[000001E390C82288][709230739][ 4097]
CThostFtdcUserApiImplBase::OnSessionDisconnected[000001E390C82528][709296276][ 4097]
CThostFtdcUserApiImplBase::OnSessionDisconnected[000001E390C82138][709296277][ 4097]
CThostFtdcUserApiImplBase::OnSessionDisconnected[000001E390C82138][709296278][ 4097]
CThostFtdcUserApiImplBase::OnSessionDisconnected[000001E390C82528][709296279][ 4097]
CThostFtdcUserApiImplBase::OnSessionDisconnected[000001E390C82528][709296280][ 4097]
CThostFtdcUserApiImplBase::OnSessionDisconnected[000001E390C826E8][709296281][ 4097]
CThostFtdcUserApiImplBase::OnSessionDisconnected[000001E390C826E8][709296282][ 4097]
CThostFtdcUserApiImplBase::OnSessionDisconnected[000001E390C829F8][709296283][ 4097]
CThostFtdcUserApiImplBase::OnSessionDisconnected[000001E390C82138][709296284][ 4097]
CThostFtdcUserApiImplBase::OnSessionDisconnected[000001E390C82758][709361821][ 4097]
CThostFtdcUserApiImplBase::OnSessionDisconnected[000001E390C82138][709361822][ 4097]
CThostFtdcUserApiImplBase::OnSessionDisconnected[000001E390C828A8][709361823][ 4097]
CThostFtdcUserApiImplBase::OnSessionDisconnected[000001E390C82138][709361824][ 4097]
CThostFtdcUserApiImplBase::OnSessionDisconnected[000001E390C82138][709361825][ 4097]
CThostFtdcUserApiImplBase::OnSessionDisconnected[000001E390C82528][709361826][ 4097]
CThostFtdcUserApiImplBase::OnSessionDisconnected[000001E390C82138][709361827][ 4097]
CThostFtdcUserApiImplBase::OnSessionDisconnected[000001E390C82138][709361828][ 4097]
CThostFtdcUserApiImplBase::OnSessionDisconnected[000001E390C82138][709361829][ 4097]
CThostFtdcUserApiImplBase::OnSessionDisconnected[000001E390C82528][709361830][ 4097]
CThostFtdcUserApiImplBase::OnSessionDisconnected[000001E390C82138][709427367][ 4097]
CThostFtdcUserApiImplBase::OnSessionDisconnected[000001E390C82138][709427368][ 4097]
CThostFtdcUserApiImplBase::OnSessionDisconnected[000001E390C826E8][709427369][ 4097]
CThostFtdcUserApiImplBase::OnSessionDisconnected[000001E390C827C8][709427370][ 4097]
CThostFtdcUserApiImplBase::OnSessionDisconnected[000001E390C82138][709427371][ 4097]
CThostFtdcUserApiImplBase::OnSessionDisconnected[000001E390C82528][709427372][ 4097]
CThostFtdcUserApiImplBase::OnSessionDisconnected[000001E390C82288][709427373][ 4097]
CThostFtdcUserApiImplBase::OnSessionDisconnected[000001E390C822F8][709427374][ 4097]
CThostFtdcUserApiImplBase::OnSessionDisconnected[000001E390C827C8][709427375][ 4097]
CThostFtdcUserApiImplBase::OnSessionDisconnected[000001E390C82368][709427376][ 4097]
CThostFtdcUserApiImplBase::OnSessionDisconnected[000001E390C827C8][709492913][ 4097]
CThostFtdcUserApiImplBase::OnSessionDisconnected[000001E390C82138][709492914][ 4097]
CThostFtdcUserApiImplBase::OnSessionDisconnected[000001E390C828A8][709492915][ 4097]
CThostFtdcUserApiImplBase::OnSessionDisconnected[000001E390C828A8][709492916][ 4097]
CThostFtdcUserApiImplBase::OnSessionDisconnected[000001E390C82368][709492917][ 4097]
CThostFtdcUserApiImplBase::OnSessionDisconnected[000001E390C826E8][709492918][ 4097]
CThostFtdcUserApiImplBase::OnSessionDisconnected[000001E390C82138][709492919][ 4097]
CThostFtdcUserApiImplBase::OnSessionDisconnected[000001E390C829F8][709492920][ 4097]
CThostFtdcUserApiImplBase::OnSessionDisconnected[000001E390C829F8][709492921][ 4097]
CThostFtdcUserApiImplBase::OnSessionDisconnected[000001E390C826E8][709492922][ 4097]
CThostFtdcUserApiImplBase::OnSessionDisconnected[000001E390C826E8][709558459][ 4097]
CThostFtdcUserApiImplBase::OnSessionDisconnected[000001E390C82288][709558460][ 4097]
CThostFtdcUserApiImplBase::OnSessionDisconnected[000001E390C82528][709558461][ 4097]
CThostFtdcUserApiImplBase::OnSessionDisconnected[000001E390C82138][709558462][ 4097]
CThostFtdcUserApiImplBase::OnSessionDisconnected[000001E390C82138][709558463][ 4097]
CThostFtdcUserApiImplBase::OnSessionDisconnected[000001E390C82528][709558464][ 4097]
CThostFtdcUserApiImplBase::OnSessionDisconnected[000001E390C82528][709558465][ 4097]
CThostFtdcUserApiImplBase::OnSessionDisconnected[000001E390C82138][709558466][ 4097]
CThostFtdcUserApiImplBase::OnSessionDisconnected[000001E390C82138][709558467][ 4097]
CThostFtdcUserApiImplBase::OnSessionDisconnected[000001E390C82528][709558468][ 4097]
CThostFtdcUserApiImplBase::OnSessionDisconnected[000001E390C826E8][709624005][ 4097]
CThostFtdcUserApiImplBase::OnSessionDisconnected[000001E390C82138][709624006][ 4097]
CThostFtdcUserApiImplBase::OnSessionDisconnected[000001E390C82288][709624007][ 4097]
CThostFtdcUserApiImplBase::OnSessionDisconnected[000001E390C82138][709624008][ 4097]
CThostFtdcUserApiImplBase::OnSessionDisconnected[000001E390C827C8][709624009][ 4097]
CThostFtdcUserApiImplBase::OnSessionDisconnected[000001E390C82138][709624010][ 4097]
CThostFtdcUserApiImplBase::OnSessionDisconnected[000001E390C82528][709624011][ 4097]
CThostFtdcUserApiImplBase::OnSessionDisconnected[000001E390C82138][709624012][    0]
CThostFtdcUserApiImplBase::OnSessionDisconnected[000001E390C82368][709689549][ 4097]
CThostFtdcUserApiImplBase::OnSessionDisconnected[000001E390C826E8][709689550][ 4097]
CThostFtdcUserApiImplBase::OnSessionDisconnected[000001E390C82288][709689551][ 4097]
CThostFtdcUserApiImplBase::OnSessionDisconnected[000001E390C828A8][709689552][ 4097]
CThostFtdcUserApiImplBase::OnSessionDisconnected[000001E390C829F8][709689553][ 4097]
CThostFtdcUserApiImplBase::OnSessionDisconnected[000001E390C82288][709689554][ 4097]
CThostFtdcUserApiImplBase::OnSessionDisconnected[000001E390C82528][709755091][ 4097]
CThostFtdcUserApiImplBase::OnSessionDisconnected[000001E390C82288][709755092][ 4097]
CThostFtdcUserApiImplBase::OnSessionDisconnected[000001E390C826E8][709755093][ 4097]
CThostFtdcUserApiImplBase::OnSessionDisconnected[000001E390C826E8][709755094][ 4097]
CThostFtdcUserApiImplBase::OnSessionDisconnected[000001E390C82288][709755095][ 4097]
CThostFtdcUserApiImplBase::OnSessionDisconnected[000001E390C82288][709755096][ 4097]
CThostFtdcUserApiImplBase::OnSessionDisconnected[000001E390C822F8][709755097][ 4097]
CThostFtdcUserApiImplBase::OnSessionDisconnected[000001E390C82288][709755098][ 4097]
CThostFtdcUserApiImplBase::OnSessionDisconnected[000001E390C82758][709820635][ 4097]
CThostFtdcUserApiImplBase::OnSessionDisconnected[000001E390C82288][709820636][ 4097]
CThostFtdcUserApiImplBase::OnSessionDisconnected[000001E390C82288][709820637][ 4097]
CThostFtdcUserApiImplBase::OnSessionDisconnected[000001E390C82288][709820638][ 4097]
CThostFtdcUserApiImplBase::OnSessionDisconnected[000001E390C82528][709820639][ 4097]
CThostFtdcUserApiImplBase::OnSessionDisconnected[000001E390C826E8][709820640][ 4097]
CThostFtdcUserApiImplBase::OnSessionDisconnected[000001E390C82288][709820641][ 4097]
CThostFtdcUserApiImplBase::OnSessionDisconnected[000001E390C82288][709820642][ 4097]
CThostFtdcUserApiImplBase::OnSessionDisconnected[000001E390C82288][709820643][ 4097]
CThostFtdcUserApiImplBase::OnSessionDisconnected[000001E390C822F8][709886180][ 4097]
CThostFtdcUserApiImplBase::OnSessionDisconnected[000001E390C829F8][709886181][ 4097]
CThostFtdcUserApiImplBase::OnSessionDisconnected[000001E390C82288][709886182][ 4097]
CThostFtdcUserApiImplBase::OnSessionDisconnected[000001E390C82288][709886183][ 4097]
CThostFtdcUserApiImplBase::OnSessionDisconnected[000001E390C82528][709886184][ 4097]
CThostFtdcUserApiImplBase::OnSessionDisconnected[000001E390C829F8][709886185][ 4097]
CThostFtdcUserApiImplBase::OnSessionDisconnected[000001E390C827C8][709886186][ 4097]
CThostFtdcUserApiImplBase::OnSessionDisconnected[000001E390C829F8][709951723][ 4097]
CThostFtdcUserApiImplBase::OnSessionDisconnected[000001E390C82288][709951724][ 4097]
CThostFtdcUserApiImplBase::OnSessionDisconnected[000001E390C82288][709951725][ 4097]
CThostFtdcUserApiImplBase::OnSessionDisconnected[000001E390C82288][709951726][ 4097]
CThostFtdcUserApiImplBase::OnSessionDisconnected[000001E390C829F8][709951727][ 4097]
CThostFtdcUserApiImplBase::OnSessionDisconnected[000001E390C82288][709951728][ 4097]
CThostFtdcUserApiImplBase::OnSessionDisconnected[000001E390C82368][709951729][ 4097]
CThostFtdcUserApiImplBase::OnSessionDisconnected[000001E390C828A8][709951730][ 4097]
CThostFtdcUserApiImplBase::OnSessionDisconnected[000001E390C82288][710017267][ 4097]
CThostFtdcUserApiImplBase::OnSessionDisconnected[000001E390C82288][710017268][ 4097]
CThostFtdcUserApiImplBase::OnSessionDisconnected[000001E390C826E8][710017269][ 4097]
CThostFtdcUserApiImplBase::OnSessionDisconnected[000001E390C829F8][710017270][ 4097]
CThostFtdcUserApiImplBase::OnSessionDisconnected[000001E390C822F8][710017271][ 4097]
CThostFtdcUserApiImplBase::OnSessionDisconnected[000001E390C826E8][710017272][ 4097]
CThostFtdcUserApiImplBase::OnSessionDisconnected[000001E390C82288][710017273][ 4097]
CThostFtdcUserApiImplBase::OnSessionDisconnected[000001E390C82288][710017274][ 4097]
CThostFtdcUserApiImplBase::OnSessionDisconnected[000001E390C82288][710017275][ 4097]
CThostFtdcUserApiImplBase::OnSessionDisconnected[000001E390C82288][710017276][ 4097]
CThostFtdcUserApiImplBase::OnSessionDisconnected[000001E390C82758][710082813][ 4097]
CThostFtdcUserApiImplBase::OnSessionDisconnected[000001E390C82288][710082814][ 4097]
CThostFtdcUserApiImplBase::OnSessionDisconnected[000001E390C82288][710082815][ 4097]
CThostFtdcUserApiImplBase::OnSessionDisconnected[000001E390C82288][710082816][ 4097]
CThostFtdcUserApiImplBase::OnSessionDisconnected[000001E390C82528][710082817][ 4097]
CThostFtdcUserApiImplBase::OnSessionDisconnected[000001E390C82288][710082818][ 4097]
CThostFtdcUserApiImplBase::OnSessionDisconnected[000001E390C82288][710082819][ 4097]
CThostFtdcUserApiImplBase::OnSessionDisconnected[000001E390C82288][710082820][ 4097]
CThostFtdcUserApiImplBase::OnSessionDisconnected[000001E390C82288][710082821][ 4097]
CThostFtdcUserApiImplBase::OnSessionDisconnected[000001E390C82528][710082822][ 4097]
CThostFtdcUserApiImplBase::OnSessionDisconnected[000001E390C82288][710148359][ 4097]
CThostFtdcUserApiImplBase::OnSessionDisconnected[000001E390C82288][710148360][ 4097]
CThostFtdcUserApiImplBase::OnSessionDisconnected[000001E390C82288][710148361][ 4097]
CThostFtdcUserApiImplBase::OnSessionDisconnected[000001E390C82528][710148362][ 4097]
CThostFtdcUserApiImplBase::OnSessionDisconnected[000001E390C82288][710148363][ 4097]
CThostFtdcUserApiImplBase::OnSessionDisconnected[000001E390C82288][710148364][ 4097]
CThostFtdcUserApiImplBase::OnSessionDisconnected[000001E390C82288][710148365][ 4097]
CThostFtdcUserApiImplBase::OnSessionDisconnected[000001E390C82528][710148366][ 4097]
CThostFtdcUserApiImplBase::OnSessionDisconnected[000001E390C82528][710148367][ 4097]
CThostFtdcUserApiImplBase::OnSessionDisconnected[000001E390C82528][710213904][ 4097]
CThostFtdcUserApiImplBase::OnSessionDisconnected[000001E390C82288][710213905][ 4097]
CThostFtdcUserApiImplBase::OnSessionDisconnected[000001E390C82528][710213906][ 4097]
CThostFtdcUserApiImplBase::OnSessionDisconnected[000001E390C82288][710213907][ 4097]
CThostFtdcUserApiImplBase::OnSessionDisconnected[000001E390C82528][710213908][ 4097]
CThostFtdcUserApiImplBase::OnSessionDisconnected[000001E390C82288][710213909][ 4097]
CThostFtdcUserApiImplBase::OnSessionDisconnected[000001E390C829F8][710213910][ 4097]
CThostFtdcUserApiImplBase::OnSessionDisconnected[000001E390C82288][710213911][ 4097]
CThostFtdcUserApiImplBase::OnSessionDisconnected[000001E390C82288][710213912][ 4097]
CThostFtdcUserApiImplBase::OnSessionDisconnected[000001E390C82288][710279449][ 4097]
CThostFtdcUserApiImplBase::OnSessionDisconnected[000001E390C82288][710279450][ 4097]
CThostFtdcUserApiImplBase::OnSessionDisconnected[000001E390C822F8][710279451][ 4097]
CThostFtdcUserApiImplBase::OnSessionDisconnected[000001E390C828A8][710279452][ 4097]
CThostFtdcUserApiImplBase::OnSessionDisconnected[000001E390C82528][710279453][ 4097]
CThostFtdcUserApiImplBase::OnSessionDisconnected[000001E390C82288][710279454][ 4097]
CThostFtdcUserApiImplBase::OnSessionDisconnected[000001E390C826E8][710279455][ 4097]
CThostFtdcUserApiImplBase::OnSessionDisconnected[000001E390C82288][710279456][ 4097]
CThostFtdcUserApiImplBase::OnSessionDisconnected[000001E390C828A8][710279457][ 4097]
CThostFtdcU097
MD Front Disconnected: 4097
MD Front Disconnected: 4097
MD Front Disconnected: 4097
MD Front Disconnected: 4097
MD Front Disconnected: 4097
MD Front Disconnected: 4097
MD Front Disconnected: 4097
MD Front Disconnected: 4097
MD Front Disconnected: 4097
MD Front Disconnected: 4097
MD Front Disconnected: 4097
MD Front Disconnected: 4097
MD Front Disconnected: 4097
MD Front Disconnected: 4097
MD Front Disconnected: 4097
MD Front Disconnected: 4097
MD Front Disconnected: 4097
MD Front Disconnected: 4097
MD Front Disconnected: 4097
MD Front Disconnected: 4097
MD Front Disconnected: 4097
MD Front Disconnected: 4097
MD Front Disconnected: 4097
MD Front Disconnected: 4097
MD Front Disconnected: 4097
MD Front Disconnected: 4097
MD Front Disconnected: 4097
MD Front Disconnected: 4097
MD Front Disconnected: 4097
MD Front Disconnected: 4097
MD Front Disconnected: 4097
MD Front Disconnected: 4097
MD Front Disconnected: 4097
MD Front Disconnected: 4097
MD Front Disconnected: 4097
MD Front Disconnected: 4097
MD Front Disconnected: 4097
MD Front Disconnected: 4097
MD Front Disconnected: 4097
MD Front Disconnected: 4097
MD Front Disconnected: 4097
MD Front Disconnected: 4097
MD Front Disconnected: 4097
MD Front Disconnected: 4097
MD Front Disconnected: 4097
MD Front Disconnected: 4097
MD Front Disconnected: 4097
MD Front Disconnected: 4097
MD Front Disconnected: 4097
MD Front Disconnected: 4097
MD Front Disconnected: 4097
MD Front Disconnected: 4097
MD Front Disconnected: 4097
MD Front Disconnected: 4097
MD Front Disconnected: 4097
MD Front Disconnected: 4097
MD Front Disconnected: 4097
MD Front Disconnected: 4097
MD Front Disconnected: 4097
MD Front Disconnected: 4097
MD Front Disconnected: 4097
MD Front Disconnected: 4097
MD Front Disconnected: 4097
MD Front Disconnected: 4097
MD Front Disconnected: 4097
MD Front Disconnected: 4097
MD Front Disconnected: 4097
MD Front Disconnected: 4097
MD Front Disconnected: 4097
MD Front Disconnected: 4097
MD Front Disconnected: 4097
MD Front Disconnected: 4097
MD Front Disconnected: 4097
MD Front Disconnected: 4097
MD Front Disconnected: 4097
MD Front Disconnected: 4097
MD Front Disconnected: 4097
MD Front Disconnected: 4097
MD Front Disconnected: 4097
MD Front Disconnected: 4097
MD Front Disconnected: 4097
MD Front Disconnected: 4097
MD Front Disconnected: 4097
MD Front Disconnected: 4097
MD Front Disconnected: 4097
MD Front Disconnected: 4097
MD Front Disconnected: 4097
MD Front Disconnected: 4097
MD Front Disconnected: 4097
MD Front Disconnected: 4097
MD Front Disconnected: 4097
MD Front Disconnected: 4097
MD Front Disconnected: 4097
MD Front Disconnected: 4097
MD Front Disconnected: 4097
MD Front Disconnected: 4097
MD Front Disconnected: 4097
MD Front Disconnected: 4097
MD Front Disconnected: 4097
MD Front Disconnected: 4097
MD Front Disconnected: 4097
MD Front Disconnected: 4097
MD Front Disconnected: 4097
MD Front Disconnected: 4097
MD Front Disconnected: 4097
MD Front Disconnected: 4097
MD Front Disconnected: 4097
MD Front Disconnected: 4097
MD Front Disconnected: 4097
MD Front Disconnected: 4097
MD Front Disconnected: 4097
MD Front Disconnected: 4097
MD Front Disconnected: 4097
MD Front Disconnected: 4097
MD Front Disconnected: 4097
MD Front Disconnected: 4097
MD Front Disconnected: 4097
MD Front Disconnected: 4097
MD Front Disconnected: 4097
MD Front Disconnected: 4097
MD Front Disconnected: 4097
MD Front Disconnected: 4097
MD Front Disconnected: 4097
MD Front Disconnected: 4097
MD Front Disconnected: 4097
MD Front Disconnected: 4097
MD Front Disconnected: 4097
MD Front Disconnected: 4097
MD Front Disconnected: 4097
MD Front Disconnected: 4097
MD Front Disconnected: 4097
MD Front Disconnected: 4097
MD Front Disconnected: 4097
MD Front Disconnected: 4097
MD Front Disconnected: 4097
MD Front Disconnected: 4097
MD Front Disconnected: 4097
MD Front Disconnected: 4097
MD Front Disconnected: 4097
MD Front Disconnected: 4097
MD Front Disconnected: 4097
MD Front Disconnected: 4097
MD Front Disconnected: 4097
MD Front Disconnected: 4097
MD Front Disconnected: 4097
MD Front Disconnected: 4097
MD FserApiImplBase::OnSessionDisconnected[000001E390C82288][710279458][ 4097]
CThostFtdcUserApiImplBase::OnSessionDisconnected[000001E390C82528][710344995][ 4097]
CThostFtdcUserApiImplBase::OnSessionDisconnected[000001E390C82528][710344996][ 4097]
CThostFtdcUserApiImplBase::OnSessionDisconnected[000001E390C82288][710344997][ 4097]
CThostFtdcUserApiImplBase::OnSessionDisconnected[000001E390C82288][710344998][ 4097]
CThostFtdcUserApiImplBase::OnSessionDisconnected[000001E390C82528][710344999][ 4097]
CThostFtdcUserApiImplBase::OnSessionDisconnected[000001E390C829F8][710345000][ 4097]
CThostFtdcUserApiImplBase::OnSessionDisconnected[000001E390C826E8][710345001][ 4097]
CThostFtdcUserApiImplBase::OnSessionDisconnected[000001E390C82288][710345002][ 4097]
CThostFtdcUserApiImplBase::OnSessionDisconnected[000001E390C82528][710345003][ 4097]
CThostFtdcUserApiImplBase::OnSessionDisconnected[000001E390C82288][710345004][ 4097]
CThostFtdcUserApiImplBase::OnSessionDisconnected[000001E390C82288][710410541][ 4097]
CThostFtdcUserApiImplBase::OnSessionDisconnected[000001E390C82288][710410542][ 4097]
CThostFtdcUserApiImplBase::OnSessionDisconnected[000001E390C82288][710410543][ 4097]
CThostFtdcUserApiImplBase::OnSessionDisconnected[000001E390C82288][710410544][ 4097]
CThostFtdcUserApiImplBase::OnSessionDisconnected[000001E390C82528][710410545][ 4097]
CThostFtdcUserApiImplBase::OnSessionDisconnected[000001E390C82288][710410546][ 4097]
CThostFtdcUserApiImplBase::OnSessionDisconnected[000001E390C82528][710410547][ 4097]
CThostFtdcUserApiImplBase::OnSessionDisconnected[000001E390C82288][710410548][ 4097]
CThostFtdcUserApiImplBase::OnSessionDisconnected[000001E390C827C8][710410549][ 4097]
CThostFtdcUserApiImplBase::OnSessionDisconnected[000001E390C826E8][710476086][ 4097]
CThostFtdcUserApiImplBase::OnSessionDisconnected[000001E390C82288][710476087][ 4097]
CThostFtdcUserApiImplBase::OnSessionDisconnected[000001E390C82288][710476088][ 4097]
CThostFtdcUserApiImplBase::OnSessionDisconnected[000001E390C82288][710476089][ 4097]
CThostFtdcUserApiImplBase::OnSessionDisconnected[000001E390C82368][710476090][ 4097]
CThostFtdcUserApiImplBase::OnSessionDisconnected[000001E390C82288][710476091][ 4097]
CThostFtdcUserApiImplBase::OnSessionDisconnected[000001E390C826E8][710476092][ 4097]
CThostFtdcUserApiImplBase::OnSessionDisconnected[000001E390C82288][710476093][ 4097]
CThostFtdcUserApiImplBase::OnSessionDisconnected[000001E390C82288][710476094][ 4097]
CThostFtdcUserApiImplBase::OnSessionDisconnected[000001E390C82288][710541631][ 4097]
CThostFtdcUserApiImplBase::OnSessionDisconnected[000001E390C826E8][710541632][ 4097]
CThostFtdcUserApiImplBase::OnSessionDisconnected[000001E390C829F8][710541633][ 4097]
CThostFtdcUserApiImplBase::OnSessionDisconnected[000001E390C82528][710541634][ 4097]
CThostFtdcUserApiImplBase::OnSessionDisconnected[000001E390C82368][710541635][ 4097]
CThostFtdcUserApiImplBase::OnSessionDisconnected[000001E390C82368][710541636][ 4097]
CThostFtdcUserApiImplBase::OnSessionDisconnected[000001E390C826E8][710541637][ 4097]
CThostFtdcUserApiImplBase::OnSessionDisconnected[000001E390C82288][710541638][ 4097]
CThostFtdcUserApiImplBase::OnSessionDisconnected[000001E390C82758][710541639][ 4097]
CThostFtdcUserApiImplBase::OnSessionDisconnected[000001E390C826E8][710541640][ 4097]
CThostFtdcUserApiImplBase::OnSessionDisconnected[000001E390C829F8][710607177][ 4097]
CThostFtdcUserApiImplBase::OnSessionDisconnected[000001E390C82528][710607178][ 4097]
CThostFtdcUserApiImplBase::OnSessionDisconnected[000001E390C82368][710607179][ 4097]
CThostFtdcUserApiImplBase::OnSessionDisconnected[000001E390C82368][710607180][ 4097]
CThostFtdcUserApiImplBase::OnSessionDisconnected[000001E390C82288][710607181][ 4097]
CThostFtdcUserApiImplBase::OnSessionDisconnected[000001E390C82758][710607182][ 4097]
CThostFtdcUserApiImplBase::OnSessionDisconnected[000001E390C826E8][710607183][ 4097]
CThostFtdcUserApiImplBase::OnSessionDisconnected[000001E390C829F8][710607184][ 4097]
CThostFtdcUserApiImplBase::OnSessionDisconnected[000001E390C82528][710607185][ 4097]
CThostFtdcUserApiImplBase::OnSessionDisconnected[000001E390C82368][710607186][ 4097]
CThostFtdcUserApiImplBase::OnSessionDisconnected[000001E390C82368][710672723][ 4097]
CThostFtdcUserApiImplBase::OnSessionDisconnected[000001E390C826E8][710672724][ 4097]
CThostFtdcUserApiImplBase::OnSessionDisconnected[000001E390C82288][710672725][ 4097]
CThostFtdcUserApiImplBase::OnSessionDisconnected[000001E390C82528][710672726][ 4097]
CThostFtdcUserApiImplBase::OnSessionDisconnected[000001E390C82288][710672727][ 4097]
CThostFtdcUserApiImplBase::OnSessionDisconnected[000001E390C82288][710672728][ 4097]
CThostFtdcUserApiImplBase::OnSessionDisconnected[000001E390C82288][710672729][ 4097]
CThostFtdcUserApiImplBase::OnSessionDisconnected[000001E390C826E8][710672730][ 4097]
CThostFtdcUserApiImplBase::OnSessionDisconnected[000001E390C82528][710672731][ 4097]
CThostFtdcUserApiImplBase::OnSessionDisconnected[000001E390C82288][710672732][ 4097]
CThostFtdcUserApiImplBase::OnSessionDisconnected[000001E390C82288][710738269][ 4097]
CThostFtdcUserApiImplBase::OnSessionDisconnected[000001E390C82368][710738270][ 4097]
CThostFtdcUserApiImplBase::OnSessionDisconnected[000001E390C829F8][710738271][ 4097]
CThostFtdcUserApiImplBase::OnSessionDisconnected[000001E390C829F8][710738272][ 4097]
CThostFtdcUserApiImplBase::OnSessionDisconnected[000001E390C82288][710738273][ 4097]
CThostFtdcUserApiImplBase::OnSessionDisconnected[000001E390C82368][710738274][ 4097]
CThostFtdcUserApiImplBase::OnSessionDisconnected[000001E390C82288][710738275][ 4097]
CThostFtdcUserApiImplBase::OnSessionDisconnected[000001E390C82528][710738276][ 4097]
CThostFtdcUserApiImplBase::OnSessionDisconnected[000001E390C82288][710738277][ 4097]
CThostFtdcUserApiImplBase::OnSessionDisconnected[000001E390C82288][710803814][ 4097]
CThostFtdcUserApiImplBase::OnSessionDisconnected[000001E390C82288][710803815][ 4097]
CThostFtdcUserApiImplBase::OnSessionDisconnected[000001E390C82288][710803816][ 4097]
CThostFtdcUserApiImplBase::OnSessionDisconnected[000001E390C82288][710803817][ 4097]
CThostFtdcUserApiImplBase::OnSessionDisconnected[000001E390C826E8][710803818][ 4097]
CThostFtdcUserApiImplBase::OnSessionDisconnected[000001E390C82528][710803819][ 4097]
CThostFtdcUserApiImplBase::OnSessionDisconnected[000001E390C82288][710803820][ 4097]
CThostFtdcUserApiImplBase::OnSessionDisconnected[000001E390C82288][710803821][ 4097]
CThostFtdcUserApiImplBase::OnSessionDisconnected[000001E390C829F8][710803822][ 4097]
CThostFtdcUserApiImplBase::OnSessionDisconnected[000001E390C82288][710803823][ 4097]
CThostFtdcUserApiImplBase::OnSessionDisconnected[000001E390C82758][710869360][ 4097]
CThostFtdcUserApiImplBase::OnSessionDisconnected[000001E390C82528][710869361][ 4097]
CThostFtdcUserApiImplBase::OnSessionDisconnected[000001E390C829F8][710869362][ 4097]
CThostFtdcUserApiImplBase::OnSessionDisconnected[000001E390C826E8][710869363][ 4097]
CThostFtdcUserApiImplBase::OnSessionDisconnected[000001E390C829F8][710869364][ 4097]
CThostFtdcUserApiImplBase::OnSessionDisconnected[000001E390C82288][710869365][ 4097]
CThostFtdcUserApiImplBase::OnSessionDisconnected[000001E390C828A8][710869366][ 4097]
CThostFtdcUserApiImplBase::OnSessionDisconnected[000001E390C826E8][710869367][ 4097]
CThostFtdcUserApiImplBase::OnSessionDisconnected[000001E390C829F8][710869368][ 4097]
CThostFtdcUserApiImplBase::OnSessionDisconnected[000001E390C829F8][710869369][ 4097]
CThostFtdcUserApiImplBase::OnSessionDisconnected[000001E390C82288][710934906][ 4097]
CThostFtdcUserApiImplBase::OnSessionDisconnected[000001E390C82288][710934907][ 4097]
CThostFtdcUserApiImplBase::OnSessionDisconnected[000001E390C82368][710934908][ 4097]
CThostFtdcUserApiImplBase::OnSessionDisconnected[000001E390C82528][710934909][ 4097]
CThostFtdcUserApiImplBase::OnSessionDisconnected[000001E390C82528][710934910][ 4097]
CThostFtdcUserApiImplBase::OnSessionDisconnected[000001E390C82288][710934911][ 4097]
CThostFtdcUserApiImplBase::OnSessionDisconnected[000001E390C826E8][710934912][ 4097]
CThostFtdcUserApiImplBase::OnSessionDisconnected[000001E390C82288][710934913][ 4097]
CThostFtdcUserApiImplBase::OnSessionDisconn097]
CThostFtdcUserApiImplBase::OnSessionDisconnected[000001E390C826E8][707985651][ 4097]
CThostFtdcUserApiImplBase::OnSessionDisconnected[000001E390C827C8][707985652][ 4097]
CThostFtdcUserApiImplBase::OnSessionDisconnected[000001E390C829F8][707985653][ 4097]
CThostFtdcUserApiImplBase::OnSessionDisconnected[000001E390C824B8][708051190][ 4097]
CThostFtdcUserApiImplBase::OnSessionDisconnected[000001E390C82288][708051191][ 4097]
CThostFtdcUserApiImplBase::OnSessionDisconnected[000001E390C826E8][708051192][ 4097]
CThostFtdcUserApiImplBase::OnSessionDisconnected[000001E390C827C8][708051193][ 4097]
CThostFtdcUserApiImplBase::OnSessionDisconnected[000001E390C82288][708051194][ 4097]
CThostFtdcUserApiImplBase::OnSessionDisconnected[000001E390C824B8][708051195][ 4097]
CThostFtdcUserApiImplBase::OnSessionDisconnected[000001E390C828A8][708116732][ 4097]
CThostFtdcUserApiImplBase::OnSessionDisconnected[000001E390C824B8][708116733][ 4097]
CThostFtdcUserApiImplBase::OnSessionDisconnected[000001E390C82288][708116734][ 4097]
CThostFtdcUserApiImplBase::OnSessionDisconnected[000001E390C82288][708116735][ 4097]
CThostFtdcUserApiImplBase::OnSessionDisconnected[000001E390C82288][708116736][ 4097]
CThostFtdcUserApiImplBase::OnSessionDisconnected[000001E390C82288][708116737][ 4097]
CThostFtdcUserApiImplBase::OnSessionDisconnected[000001E390C82288][708116738][ 4097]
CThostFtdcUserApiImplBase::OnSessionDisconnected[000001E390C824B8][708116739][ 4097]
CThostFtdcUserApiImplBase::OnSessionDisconnected[000001E390C824B8][708182276][ 4097]
CThostFtdcUserApiImplBase::OnSessionDisconnected[000001E390C82288][708182277][ 4097]
CThostFtdcUserApiImplBase::OnSessionDisconnected[000001E390C824B8][708182278][ 4097]
CThostFtdcUserApiImplBase::OnSessionDisconnected[000001E390C82758][708182279][ 4097]
CThostFtdcUserApiImplBase::OnSessionDisconnected[000001E390C829F8][708182280][ 4097]
CThostFtdcUserApiImplBase::OnSessionDisconnected[000001E390C824B8][708182281][ 4097]
CThostFtdcUserApiImplBase::OnSessionDisconnected[000001E390C82288][708182282][ 4097]
CThostFtdcUserApiImplBase::OnSessionDisconnected[000001E390C82288][708182283][ 4097]
CThostFtdcUserApiImplBase::OnSessionDisconnected[000001E390C824B8][708247820][    0]
CThostFtdcUserApiImplBase::OnSessionDisconnected[000001E390C82288][711065869][ 4097]
CThostFtdcUserApiImplBase::OnSessionDisconnected[000001E390C828A8][711131406][ 4097]
CThostFtdcUserApiImplBase::OnSessionDisconnected[000001E390C82288][711131407][ 4097]
CThostFtdcUserApiImplBase::OnSessionDisconnected[000001E390C82528][711131408][ 4097]
CThostFtdcUserApiImplBase::OnSessionDisconnected[000001E390C82288][711131409][ 4097]
CThostFtdcUserApiImplBase::OnSessionDisconnected[000001E390C82288][711131410][ 4097]
CThostFtdcUserApiImplBase::OnSessionDisconnected[000001E390C82288][711131411][ 4097]
CThostFtdcUserApiImplBase::OnSessionDisconnected[000001E390C82758][711131412][ 4097]
CThostFtdcUserApiImplBase::OnSessionDisconnected[000001E390C826E8][711196949][ 4097]
CThostFtdcUserApiImplBase::OnSessionDisconnected[000001E390C826E8][711196950][ 4097]
CThostFtdcUserApiImplBase::OnSessionDisconnected[000001E390C82528][711196951][ 4097]
CThostFtdcUserApiImplBase::OnSessionDisconnected[000001E390C82758][711196952][ 4097]
CThostFtdcUserApiImplBase::OnSessionDisconnected[000001E390C82758][711196953][ 4097]
CThostFtdcUserApiImplBase::OnSessionDisconnected[000001E390C82288][711196954][ 4097]
CThostFtdcUserApiImplBase::OnSessionDisconnected[000001E390C829F8][711196955][ 4097]
CThostFtdcUserApiImplBase::OnSessionDisconnected[000001E390C82288][711196956][ 4097]
CThostFtdcUserApiImplBase::OnSessionDisconnected[000001E390C82288][711262493][ 4097]
CThostFtdcUserApiImplBase::OnSessionDisconnected[000001E390C829F8][711262494][ 4097]
CThostFtdcUserApiImplBase::OnSessionDisconnected[000001E390C82288][711262495][ 4097]
CThostFtdcUserApiImplBase::OnSessionDisconnected[000001E390C829F8][711262496][ 4097]
CThostFtdcUserApiImplBase::OnSessionDisconnected[000001E390C82288][711262497][ 4097]
CThostFtdcUserApiImplBase::OnSessionDisconnected[000001E390C826E8][711262498][ 4097]
CThostFtdcUront Disconnected: 4097
MD Front Disconnected: 4097
MD Front Disconnected: 4097
MD Front Disconnected: 4097
MD Front Disconnected: 4097
MD Front Disconnected: 4097
MD Front Disconnected: 4097
MD Front Disconnected: 4097
MD Front Disconnected: 4097
MD Front Disconnected: 4097
MD Front Disconnected: 4097
MD Front Disconnected: 4097
MD Front Disconnected: 4097
MD Front Disconnected: 4097
MD Front Disconnected: 4097
MD Front Disconnected: 4097
MD Front Disconnected: 4097
MD Front Disconnected: 4097
MD Front Disconnected: 4097
MD Front Disconnected: 4097
MD Front Disconnected: 4097
MD Front Disconnected: 4097
MD Front Disconnected: 4097
MD Front Disconnected: 4097
MD Front Disconnected: 4097
MD Front Disconnected: 4097
MD Front Disconnected: 4097
MD Front Disconnected: 4097
MD Front Disconnected: 4097
MD Front Disconnected: 4097
MD Front Disconnected: 4097
MD Front Disconnected: 4097
MD Front Disconnected: 4097
MD Front Disconnected: 4097
MD Front Disconnected: 4097
MD Front Disconnected: 4097
MD Front Disconnected: 4097
MD Front Disconnected: 4097
MD Front Disconnected: 4097
MD Front Disconnected: 4097
MD Front Disconnected: 4097
MD Front Disconnected: 4097
MD Front Disconnected: 4097
MD Front Disconnected: 4097
MD Front Disconnected: 4097
MD Front Disconnected: 4097
MD Front Disconnected: 4097
MD Front Disconnected: 4097
MD Front Disconnected: 4097
MD Front Disconnected: 4097
MD Front Disconnected: 4097
MD Front Disconnected: 4097
MD Front Disconnected: 4097
MD Front Disconnected: 4097
MD Front Disconnected: 4097
MD Front Disconnected: 4097
MD Front Disconnected: 4097
MD Front Disconnected: 4097
MD Front Disconnected: 4097
MD Front Disconnected: 4097
MD Front Disconnected: 4097
MD Front Disconnected: 4097
MD Front Disconnected: 4097
MD Front Disconnected: 4097
MD Front Disconnected: 4097
MD Front Disconnected: 4097
MD Front Disconnected: 4097
MD Front Disconnected: 4097
MD Front Disconnected: 4097
MD Front Disconnected: 4097
MD Front Disconnected: 4097
MD Front Disconnected: 4097
MD Front Disconnected: 4097
MD Front Disconnected: 4097
MD Front Disconnected: 4097
MD Front Disconnected: 4097
MD Front Disconnected: 4097
TD Front Disconnected: 4097
TD Front Disconnected: 4097
TD Front Disconnected: 4097
TD Front Disconnected: 4097
TD Front Disconnected: 4097
TD Front Disconnected: 4097
TD Front Disconnected: 4097
TD Front Disconnected: 4097
TD Front Disconnected: 4097
TD Front Disconnected: 4097
TD Front Disconnected: 4097
TD Front Disconnected: 4097
TD Front Disconnected: 4097
TD Front Disconnected: 4097
TD Front Disconnected: 4097
TD Front Disconnected: 4097
TD Front Disconnected: 4097
TD Front Disconnected: 4097
TD Front Disconnected: 4097
TD Front Disconnected: 4097
TD Front Disconnected: 4097
TD Front Disconnected: 4097
TD Front Disconnected: 4097
TD Front Disconnected: 4097
TD Front Disconnected: 4097
TD Front Disconnected: 4097
TD Front Disconnected: 4097
TD Front Disconnected: 4097
TD Front Disconnected: 4097
TD Front Disconnected: 4097
TD Front Disconnected: 4097
TD Front Disconnected: 4097
TD Front Disconnected: 4097
TD Front Disconnected: 4097
TD Front Disconnected: 4097
TD Front Disconnected: 4097
TD Front Disconnected: 4097
TD Front Disconnected: 4097
TD Front Disconnected: 4097
TD Front Disconnected: 4097
TD Front Disconnected: 4097
TD Front Disconnected: 4097
TD Front Disconnected: 4097
TD Front Disconnected: 4097
TD Front Disconnected: 4097
TD Front Disconnected: 4097
TD Front Disconnected: 4097
TD Front Disconnected: 4097
TD Front Disconnected: 4097
TD Front Disconnected: 4097
TD Front Disconnected: 4097
TD Front Disconnected: 4097
TD Front Disconnected: 4097
TD Front Disconnected: 4097
TD Front Disconnected: 4097
TD Front Disconnected: 4097
TD Front Disconnected: 4097
TD Front Disconnected: 4097
TD Front Disconnected: 4097
TD Front Disconnected: 4097
TD Front Disconnected: 4097
TD Front Disconnected: 4097
TD Front Disconnected: 4097
TD Front Disconnected: 4097
TD Front Disconnected: 4097
TD Front Disconnected: 4097
TD Front Disconnected: 4097
TD Front Disconnected: 4097
TD Front Disconnected: 4097
TD Front DisserApiImplBase::OnSessionDisconnected[000001E390C826E8][711262499][ 4097]
CThostFtdcUserApiImplBase::OnSessionDisconnected[000001E390C827C8][711262500][ 4097]
CThostFtdcUserApiImplBase::OnSessionDisconnected[000001E390C827C8][711328037][ 4097]
CThostFtdcUserApiImplBase::OnSessionDisconnected[000001E390C82288][711328038][ 4097]
CThostFtdcUserApiImplBase::OnSessionDisconnected[000001E390C82528][711328039][ 4097]
CThostFtdcUserApiImplBase::OnSessionDisconnected[000001E390C82528][711328040][ 4097]
CThostFtdcUserApiImplBase::OnSessionDisconnected[000001E390C826E8][711328041][ 4097]
CThostFtdcUserApiImplBase::OnSessionDisconnected[000001E390C82288][711328042][ 4097]
CThostFtdcUserApiImplBase::OnSessionDisconnected[000001E390C827C8][711328043][ 4097]
CThostFtdcUserApiImplBase::OnSessionDisconnected[000001E390C82528][711328044][ 4097]
CThostFtdcUserApiImplBase::OnSessionDisconnected[000001E390C82288][711393581][ 4097]
CThostFtdcUserApiImplBase::OnSessionDisconnected[000001E390C82288][711393582][ 4097]
CThostFtdcUserApiImplBase::OnSessionDisconnected[000001E390C82288][711393583][ 4097]
CThostFtdcUserApiImplBase::OnSessionDisconnected[000001E390C82288][711393584][ 4097]
CThostFtdcUserApiImplBase::OnSessionDisconnected[000001E390C82288][711393585][ 4097]
CThostFtdcUserApiImplBase::OnSessionDisconnected[000001E390C826E8][711393586][ 4097]
CThostFtdcUserApiImplBase::OnSessionDisconnected[000001E390C82288][711393587][ 4097]
CThostFtdcUserApiImplBase::OnSessionDisconnected[000001E390C826E8][711459124][ 4097]
CThostFtdcUserApiImplBase::OnSessionDisconnected[000001E390C829F8][711459125][ 4097]
CThostFtdcUserApiImplBase::OnSessionDisconnected[000001E390C829F8][711459126][ 4097]
CThostFtdcUserApiImplBase::OnSessionDisconnected[000001E390C82288][711459127][ 4097]
CThostFtdcUserApiImplBase::OnSessionDisconnected[000001E390C82288][711459128][ 4097]
CThostFtdcUserApiImplBase::OnSessionDisconnected[000001E390C82288][711459129][ 4097]
CThostFtdcUserApiImplBase::OnSessionDisconnected[000001E390C82288][711459130][ 4097]
CThostFtdcUserApiImplBase::OnSessionDisconnected[000001E390C828A8][711459131][ 4097]
CThostFtdcUserApiImplBase::OnSessionDisconnected[000001E390C829F8][711459132][ 4097]
CThostFtdcUserApiImplBase::OnSessionDisconnected[000001E390C82288][711524669][ 4097]
CThostFtdcUserApiImplBase::OnSessionDisconnected[000001E390C82528][711524670][ 4097]
CThostFtdcUserApiImplBase::OnSessionDisconnected[000001E390C82288][711524671][ 4097]
CThostFtdcUserApiImplBase::OnSessionDisconnected[000001E390C829F8][711524672][ 4097]
CThostFtdcUserApiImplBase::OnSessionDisconnected[000001E390C82288][711524673][ 4097]
CThostFtdcUserApiImplBase::OnSessionDisconnected[000001E390C82288][711524674][ 4097]
CThostFtdcUserApiImplBase::OnSessionDisconnected[000001E390C82288][711524675][ 4097]
CThostFtdcUserApiImplBase::OnSessionDisconnected[000001E390C826E8][711590212][ 4097]
CThostFtdcUserApiImplBase::OnSessionDisconnected[000001E390C826E8][711590213][ 4097]
CThostFtdcUserApiImplBase::OnSessionDisconnected[000001E390C826E8][711590214][ 4097]
CThostFtdcUserApiImplBase::OnSessionDisconnected[000001E390C82528][711590215][ 4097]
CThostFtdcUserApiImplBase::OnSessionDisconnected[000001E390C829F8][711590216][ 4097]
CThostFtdcUserApiImplBase::OnSessionDisconnected[000001E390C82288][711590217][ 4097]
CThostFtdcUserApiImplBase::OnSessionDisconnected[000001E390C82288][711590218][ 4097]
CThostFtdcUserApiImplBase::OnSessionDisconnected[000001E390C82368][711590219][ 4097]
CThostFtdcUserApiImplBase::OnSessionDisconnected[000001E390C829F8][711655756][ 4097]
CThostFtdcUserApiImplBase::OnSessionDisconnected[000001E390C826E8][711655757][ 4097]
CThostFtdcUserApiImplBase::OnSessionDisconnected[000001E390C82288][711655758][ 4097]
CThostFtdcUserApiImplBase::OnSessionDisconnected[000001E390C826E8][711655759][ 4097]
CThostFtdcUserApiImplBase::OnSessionDisconnected[000001E390C82288][711655760][ 4097]
CThostFtdcUserApiImplBase::OnSessionDisconnected[000001E390C82288][711655761][ 4097]
CThostFtdcUserApiImplBase::OnSessionDisconnected[000001E390C82528][711655762][ 4097]
CThostFtdcUserApiImplBase::OnSessionDisconnected[000001E390C82288][711655763][ 4097]
CThostFtdcUserApiImplBase::OnSessionDisconnected[000001E390C82528][711721300][ 4097]
CThostFtdcUserApiImplBase::OnSessionDisconnected[000001E390C82288][711721301][ 4097]
CThostFtdcUserApiImplBase::OnSessionDisconnected[000001E390C82288][711721302][ 4097]
CThostFtdcUserApiImplBase::OnSessionDisconnected[000001E390C827C8][711721303][ 4097]
CThostFtdcUserApiImplBase::OnSessionDisconnected[000001E390C82758][711721304][ 4097]
CThostFtdcUserApiImplBase::OnSessionDisconnected[000001E390C82288][711721305][ 4097]
CThostFtdcUserApiImplBase::OnSessionDisconnected[000001E390C82288][711786842][ 4097]
CThostFtdcUserApiImplBase::OnSessionDisconnected[000001E390C826E8][711786843][ 4097]
CThostFtdcUserApiImplBase::OnSessionDisconnected[000001E390C82288][711786844][ 4097]
CThostFtdcUserApiImplBase::OnSessionDisconnected[000001E390C82288][711786845][ 4097]
CThostFtdcUserApiImplBase::OnSessionDisconnected[000001E390C82528][711786846][ 4097]
CThostFtdcUserApiImplBase::OnSessionDisconnected[000001E390C826E8][711786847][ 4097]
CThostFtdcUserApiImplBase::OnSessionDisconnected[000001E390C82528][711852384][ 4097]
CThostFtdcUserApiImplBase::OnSessionDisconnected[000001E390C822F8][711852385][ 4097]
CThostFtdcUserApiImplBase::OnSessionDisconnected[000001E390C827C8][711852386][ 4097]
CThostFtdcUserApiImplBase::OnSessionDisconnected[000001E390C82528][711852387][ 4097]
CThostFtdcUserApiImplBase::OnSessionDisconnected[000001E390C826E8][711852388][ 4097]
CThostFtdcUserApiImplBase::OnSessionDisconnected[000001E390C82288][711852389][ 4097]
CThostFtdcUserApiImplBase::OnSessionDisconnected[000001E390C82288][711917926][ 4097]
CThostFtdcUserApiImplBase::OnSessionDisconnected[000001E390C82288][711917927][ 4097]
CThostFtdcUserApiImplBase::OnSessionDisconnected[000001E390C82288][711917928][ 4097]
CThostFtdcUserApiImplBase::OnSessionDisconnected[000001E390C826E8][711917929][ 4097]
CThostFtdcUserApiImplBase::OnSessionDisconnected[000001E390C82288][711917930][ 4097]
CThostFtdcUserApiImplBase::OnSessionDisconnected[000001E390C82288][711917931][ 4097]
CThostFtdcUserApiImplBase::OnSessionDisconnected[000001E390C828A8][711917932][ 4097]
CThostFtdcUserApiImplBase::OnSessionDisconnected[000001E390C828A8][711983469][ 4097]
CThostFtdcUserApiImplBase::OnSessionDisconnected[000001E390C829F8][711983470][ 4097]
CThostFtdcUserApiImplBase::OnSessionDisconnected[000001E390C82288][711983471][ 4097]
CThostFtdcUserApiImplBase::OnSessionDisconnected[000001E390C82288][711983472][ 4097]
CThostFtdcUserApiImplBase::OnSessionDisconnected[000001E390C82288][711983473][ 4097]
CThostFtdcUserApiImplBase::OnSessionDisconnected[000001E390C828A8][711983474][ 4097]
CThostFtdcUserApiImplBase::OnSessionDisconnected[000001E390C82288][711983475][ 4097]
CThostFtdcUserApiImplBase::OnSessionDisconnected[000001E390C82288][711983476][ 4097]
CThostFtdcUserApiImplBase::OnSessionDisconnected[000001E390C82288][712049013][ 4097]
CThostFtdcUserApiImplBase::OnSessionDisconnected[000001E390C826E8][712049014][ 4097]
CThostFtdcUserApiImplBase::OnSessionDisconnected[000001E390C82288][712049015][ 4097]
CThostFtdcUserApiImplBase::OnSessionDisconnected[000001E390C82288][712049016][ 4097]
CThostFtdcUserApiImplBase::OnSessionDisconnected[000001E390C826E8][712049017][ 4097]
CThostFtdcUserApiImplBase::OnSessionDisconnected[000001E390C82528][712049018][ 4097]
CThostFtdcUserApiImplBase::OnSessionDisconnected[000001E390C826E8][712049019][ 4097]
CThostFtdcUserApiImplBase::OnSessionDisconnected[000001E390C82288][712114556][ 4097]
CThostFtdcUserApiImplBase::OnSessionDisconnected[000001E390C82288][712114557][ 4097]
CThostFtdcUserApiImplBase::OnSessionDisconnected[000001E390C82288][712114558][ 4097]
CThostFtdcUserApiImplBase::OnSessionDisconnected[000001E390C82758][712114559][ 4097]
CThostFtdcUserApiImplBase::OnSessionDisconnected[000001E390C826E8][712114560][ 4097]
CThostFtdcUserApiImplBase::OnSessionDisconnected[000001E390C827C8][712114561][ 4097]
CThostFtdcUserApiImplBase::OnSessionDisconnected[000001E390C826E8][712180098][ 4097]
CThostFtdcUserApiImplBase::OnSessionDisconnected[000001E390C829F8][712180099][ 4097]
CThostFtdcUserApiImplBase::OnSessionDisconnected[000001E390C827C8][712180100][ 4097]
CThostFtdcUserApiImplBase::OnSessionDisconnected[000001E390C82288][712180101][ 4097]
CThostFtdcUserApiImplBase::OnSessionDisconnected[000001E390C82288][712180102][ 4097]
CThostFtdcUserApiImplBase::OnSessionDisconnected[000001E390C82288][712180103][ 4097]
CThostFtdcUserApiImplBase::OnSessionDisconnected[000001E390C82288][712245640][ 4097]
CThostFtdcUserApiImplBase::OnSessionDisconnected[000001E390C82528][712245641][ 4097]
CThostFtdcUserApiImplBase::OnSessionDisconnected[000001E390C822F8][712245642][ 4097]
CThostFtdcUserApiImplBase::OnSessionDisconnected[000001E390C82288][712245643][ 4097]
CThostFtdcUserApiImplBase::OnSessionDisconnected[000001E390C82528][712245644][ 4097]
CThostFtdcUserApiImplBase::OnSessionDisconnected[000001E390C827C8][712245645][ 4097]
CThostFtdcUserApiImplBase::OnSessionDisconnected[000001E390C82528][712311182][ 4097]
CThostFtdcUserApiImplBase::OnSessionDisconnected[000001E390C82288][712311183][ 4097]
CThostFtdcUserApiImplBase::OnSessionDisconnected[000001E390C82288][712311184][ 4097]
CThostFtdcUserApiImplBase::OnSessionDisconnected[000001E390C82288][712311185][ 4097]
CThostFtdcUserApiImplBase::OnSessionDisconnected[000001E390C82528][712311186][ 4097]
CThostFtdcUserApiImplBase::OnSessionDisconnected[000001E390C82288][712311187][ 4097]
CThostFtdcUserApiImplBase::OnSessionDisconnected[000001E390C82288][712376724][ 4097]
CThostFtdcUserApiImplBase::OnSessionDisconnected[000001E390C827C8][712376725][ 4097]
CThostFtdcUserApiImplBase::OnSessionDisconnected[000001E390C82288][712376726][ 4097]
CThostFtdcUserApiImplBase::OnSessionDisconnected[000001E390C827C8][712376727][ 4097]
CThostFtdcUserApiImplBase::OnSessionDisconnected[000001E390C827C8][712376728][ 4097]
CThostFtdcUserApiImplBase::OnSessionDisconnected[000001E390C82368][712376729][ 4097]
CThostFtdcUserApiImplBase::OnSessionDisconnected[000001E390C82288][712442266][ 4097]
CThostFtdcUserApiImplBase::OnSessionDisconnected[000001E390C82288][712442267][ 4097]
CThostFtdcUserApiImplBase::OnSessionDisconnected[000001E390C82528][712442268][ 4097]
CThostFtdcUserApiImplBase::OnSessionDisconnected[000001E390C829F8][712442269][ 4097]
CThostFtdcUserApiImplBase::OnSessionDisconnected[000001E390C82288][712507806][    0]
CThostFtdcUserApiImplBase::OnSessionDisconnected[000001E390C826E8][712507807][ 4097]
CThostFtdcUserApiImplBase::OnSessionDisconnected[000001E390C822F8][712507808][ 4097]
CThostFtdcUserApiImplBase::OnSessionDisconnected[000001E390C822F8][712507809][ 4097]
CThostFtdcUserApiImplBase::OnSessionDisconnected[000001E390C822F8][712573346][ 4097]
CThostFtdcUserApiImplBase::OnSessionDisconnected[000001E390C822F8][712573347][ 4097]
CThostFtdcUserApiImplBase::OnSessionDisconnected[000001E390C822F8][712573348][ 4097]
CThostFtdcUserApiImplBase::OnSessionDisconnected[000001E390C822F8][712573349][ 4097]
CThostFtdcUserApiImplBase::OnSessionDisconnected[000001E390C822F8][712573350][ 4097]
CThostFtdcUserApiImplBase::OnSessionDisconnected[000001E390C822F8][712573351][ 4097]
CThostFtdcUserApiImplBase::OnSessionDisconnected[000001E390C82528][712638888][ 4097]
CThostFtdcUserApiImplBase::OnSessionDisconnected[000001E390C822F8][712638889][ 4097]
CThostFtdcUserApiImplBase::OnSessionDisconnected[000001E390C822F8][712638890][ 4097]
CThostFtdcUserApiImplBase::OnSessionDisconnected[000001E390C828A8][712638891][ 4097]
CThostFtdcUserApiImplBase::OnSessionDisconnected[000001E390C82528][712638892][ 4097]
CThostFtdcUserApiImplBase::OnSessionDisconnected[000001E390C822F8][712704429][ 4097]
CThostFtdcUserApiImplBase::OnSessionDisconnected[000001E390C827C8][712704430][ 4097]
CThostFtdcUserApiImplBase::OnSessionDisconnected[000001E390C826E8][712704431][ 4097]
CThostFtdcUserApiImplBase::OnSessionDisconnected[000001E390C826E8][712704432][ 4097]
CThostFtdcUserApiImplBase::OnSessionDisconnected[000001E390C82368][712704433][ 4097]
CThostFtdcUserApiImplBase::OnSessionDisconnected[000001E390C828A8][712769970][ 4097]
CThostFtdcUserApiImplBase::OnSessionDisconnected[000001E390C829F8][712769971][ 4097]
CThostFtdcUserApiImplBase::OnSessionDisconnected[000001E390C829F8][712769972][ 4097]
CThostFtdcUserApiImplBase::OnSessionDisconnected[000001E390C822F8][712769973][ 4097]
CThostFtdcUserApiImplBase::OnSessionDisconnected[000001E390C828A8][712769974][ 4097]
CThostFtdcUserApiImplBase::OnSessionDisconnected[000001E390C822F8][712835511][ 4097]
CThostFtdcUserApiImplBase::OnSessionDisconnected[000001E390C82528][712835512][ 4097]
CThostFtdcUserApiImplBase::OnSessionDisconnected[000001E390C827C8][712835513][ 4097]
CThostFtdcUserApiImplBase::OnSessionDisconnected[000001E390C822F8][712835514][ 4097]
CThostFtdcUserApiImplBase::OnSessionDisconnected[000001E390C828A8][712835515][ 4097]
CThostFtdcUserApiImplBase::OnSessionDisconnected[000001E390C82368][712901052][ 4097]
CThostFtdcUserApiImplBase::OnSessionDisconnected[000001E390C82528][712901053][ 4097]
CThostFtdcUserApiImplBase::OnSessionDisconnected[000001E390C822F8][712901054][ 4097]
CThostFtdcUserApiImplBase::OnSessionDisconnected[000001E390C82528][712901055][ 4097]
CThostFtdcUserApiImplBase::OnSessionDisconnected[000001E390C828A8][712901056][ 4097]
CThostFtdcUserApiImplBase::OnSessionDisconnected[000001E390C826E8][712901057][ 4097]
CThostFtdcUserApiImplBase::OnSessionDisconnected[000001E390C822F8][712966594][ 4097]
CThostFtdcUserApiImplBase::OnSessionDisconnected[000001E390C829F8][712966595][ 4097]
CThostFtdcUserApiImplBase::OnSessionDisconnected[000001E390C822F8][712966596][ 4097]
CThostFtdcUserApiImplBase::OnSessionDisconnected[000001E390C82758][712966597][ 4097]
CThostFtdcUserApiImplBase::OnSessionDisconnected[000001E390C822F8][712966598][ 4097]
CThostFtdcUserApiImplBase::OnSessionDisconnected[000001E390C822F8][712966599][ 4097]
CThostFtdcUserApiImplBase::OnSessionDisconnected[000001E390C826E8][713032136][ 4097]
CThostFtdcUserApiImplBase::OnSessionDisconnected[000001E390C822F8][713032137][ 4097]
CThostFtdcUserApiImplBase::OnSessionDisconnected[000001E390C82528][713032138][ 4097]
CThostFtdcUserApiImplBase::OnSessionDisconnected[000001E390C822F8][713032139][ 4097]
CThostFtdcUserApiImplBase::OnSessionDisconnected[000001E390C82528][713032140][ 4097]
CThostFtdcUserApiImplBase::OnSessionDisconnected[000001E390C822F8][713032141][ 4097]
CThostFtdcUserApiImplBase::OnSessionDisconnected[000001E390C822F8][713097678][ 4097]
CThostFtdcUserApiImplBase::OnSessionDisconnected[000001E390C828A8][713097679][ 4097]
CThostFtdcUserApiImplBase::OnSessionDisconnected[000001E390C829F8][713097680][ 4097]
CThostFtdcUserApiImplBase::OnSessionDisconnected[000001E390C82528][713097681][ 4097]
CThostFtdcUserApiImplBase::OnSessionDisconnected[000001E390C82528][713097682][ 4097]
CThostFtdcUserApiImplBase::OnSessionDisconnected[000001E390C822F8][713097683][ 4097]
CThostFtdcUserApiImplBase::OnSessionDisconnected[000001E390C822F8][713163220][ 4097]
CThostFtdcUserApiImplBase::OnSessionDisconnected[000001E390C82528][713163221][ 4097]
CThostFtdcUserApiImplBase::OnSessionDisconnected[000001E390C822F8][713163222][ 4097]
CThostFtdcUserApiImplBase::OnSessionDisconnected[000001E390C822F8][713163223][ 4097]
CThostFtdcUserApiImplBase::OnSessionDisconnected[000001E390C828A8][713163224][ 4097]
CThostFtdcUserApiImplBase::OnSessionDisconnected[000001E390C822F8][713163225][ 4097]
CThostFtdcUserApiImplBase::OnSessionDisconnected[000001E390C82758][713228762][ 4097]
CThostFtdcUserApiImplBase::OnSessionDisconnected[000001E390C82528][713228763][ 4097]
CThostFtdcUserApiImplBase::OnSessionDisconnected[000001E390C826E8][713228764][ 4097]
CThostFtdcUserApiImplBase::OnSessionDisconnected[000001E390C829F8][713228765][ 4097]
CThostFtdcUserApiImplBase::OnSessionDisconnected[000001E390C822F8][713228766][ 4097]
CThostFtdcUserApiImplBase::OnSessionDisconnected[000001E390C822F8][713228767][ 4097]
CThostFtdcUserApiImplBase::OnSessionDisconnected[000001E390C826E8][713294304][ 4097]
CThostFtdcUserApiImplBase::OnSessionDisconnected[000001E390C822F8][713294305][ 4097]
CThostFtdcUserApiImplBase::OnSessionDisconnected[000001E390C822F8][713294306][ 4097]
CThostFtdcUserApiImplBase::OnSessionDisconnected[000001E390C827C8][71329430connected: 4097
TD Front Disconnected: 4097
TD Front Disconnected: 4097
TD Front Disconnected: 4097
TD Front Disconnected: 4097
TD Front Disconnected: 4097
TD Front Disconnected: 4097
TD Front Disconnected: 4097
TD Front Disconnected: 4097
TD Front Disconnected: 4097
TD Front Disconnected: 4097
TD Front Disconnected: 4097
TD Front Disconnected: 4097
TD Front Disconnected: 4097
TD Front Disconnected: 4097
TD Front Disconnected: 4097
TD Front Disconnected: 4097
TD Front Disconnected: 4097
TD Front Disconnected: 4097
TD Front Disconnected: 4097
TD Front Disconnected: 4097
TD Front Disconnected: 4097
TD Front Disconnected: 4097
TD Front Disconnected: 4097
TD Front Disconnected: 4097
TD Front Disconnected: 4097
TD Front Disconnected: 4097
TD Front Disconnected: 4097
TD Front Disconnected: 4097
TD Front Disconnected: 4097
TD Front Disconnected: 4097
TD Front Disconnected: 4097
TD Front Disconnected: 4097
TD Front Disconnected: 4097
TD Front Disconnected: 4097
TD Front Disconnected: 4097
TD Front Disconnected: 4097
TD Front Disconnected: 4097
TD Front Disconnected: 4097
TD Front Disconnected: 4097
TD Front Disconnected: 4097
TD Front Disconnected: 4097
TD Front Disconnected: 4097
TD Front Disconnected: 4097
TD Front Disconnected: 4097
TD Front Disconnected: 4097
TD Front Disconnected: 4097
TD Front Disconnected: 4097
TD Front Disconnected: 4097
TD Front Disconnected: 4097
TD Front Disconnected: 4097
TD Front Disconnected: 4097
TD Front Disconnected: 4097
TD Front Disconnected: 4097
TD Front Disconnected: 4097
TD Front Disconnected: 4097
TD Front Disconnected: 4097
TD Front Disconnected: 4097
TD Front Disconnected: 4097
TD Front Disconnected: 4097
TD Front Disconnected: 4097
TD Front Disconnected: 4097
TD Front Disconnected: 4097
TD Front Disconnected: 4097
TD Front Disconnected: 4097
TD Front Disconnected: 4097
TD Front Disconnected: 4097
TD Front Disconnected: 4097
TD Front Disconnected: 4097
TD Front Disconnected: 4097
TD Front Disconnected: 4097
TD Front Disconnected: 4097
TD Front Disconnected: 4097
TD Front Disconnected: 4097
TD Front Disconnected: 4097
TD Front Disconnected: 4097
TD Front Disconnected: 4097
TD Front Disconnected: 4097
TD Front Disconnected: 4097
TD Front Disconnected: 4097
TD Front Disconnected: 4097
TD Front Disconnected: 4097
TD Front Disconnected: 4097
TD Front Disconnected: 4097
TD Front Disconnected: 4097
TD Front Disconnected: 4097
TD Front Disconnected: 4097
TD Front Disconnected: 4097
TD Front Disconnected: 4097
TD Front Disconnected: 4097
TD Front Disconnected: 4097
TD Front Disconnected: 4097
TD Front Disconnected: 4097
TD Front Disconnected: 4097
TD Front Disconnected: 4097
TD Front Disconnected: 4097
TD Front Disconnected: 4097
TD Front Disconnected: 4097
TD Front Disconnected: 4097
TD Front Disconnected: 4097
TD Front Disconnected: 4097
TD Front Disconnected: 4097
TD Front Disconnected: 4097
TD Front Disconnected: 4097
TD Front Disconnected: 4097
TD Front Disconnected: 4097
TD Front Disconnected: 4097
TD Front Disconnected: 4097
TD Front Disconnected: 4097
TD Front Disconnected: 4097
TD Front Disconnected: 4097
TD Front Disconnected: 4097
TD Front Disconnected: 4097
TD Front Disconnected: 4097
TD Front Disconnected: 4097
TD Front Disconnected: 4097
TD Front Disconnected: 4097
TD Front Disconnected: 4097
TD Front Disconnected: 4097
TD Front Disconnected: 4097
TD Front Disconnected: 4097
TD Front Disconnected: 4097
TD Front Disconnected: 4097
TD Front Disconnected: 4097
TD Front Disconnected: 4097
TD Front Disconnected: 4097
TD Front Disconnected: 4097
TD Front Disconnected: 4097
TD Front Disconnected: 4097
TD Front Disconnected: 4097
TD Front Disconnected: 4097
TD Front Disconnected: 4097
TD Front Disconnected: 4097
TD Front Disconnected: 4097
TD Front Disconnected: 4097
TD Front Disconnected: 4097
TD Front Disconnected: 4097
TD Front Disconnected: 4097
TD Front Disconnected: 4097
TD Front Disconnected: 4097
TD Front Disconnected: 4097
TD Front Disconnected: 4097
TD Front Disconnected: 4097
TD Front Disconnected: 4097
TD Front Disconnected: 4097
TD Front Disconnected: 4097
TD Front Disconnecte7][ 4097]
CThostFtdcUserApiImplBase::OnSessionDisconnected[000001E390C82528][713294308][ 4097]
CThostFtdcUserApiImplBase::OnSessionDisconnected[000001E390C827C8][713359845][ 4097]
CThostFtdcUserApiImplBase::OnSessionDisconnected[000001E390C822F8][713359846][ 4097]
CThostFtdcUserApiImplBase::OnSessionDisconnected[000001E390C828A8][713359847][ 4097]
CThostFtdcUserApiImplBase::OnSessionDisconnected[000001E390C82368][713359848][ 4097]
CThostFtdcUserApiImplBase::OnSessionDisconnected[000001E390C82528][713359849][ 4097]
CThostFtdcUserApiImplBase::OnSessionDisconnected[000001E390C829F8][713359850][ 4097]
CThostFtdcUserApiImplBase::OnSessionDisconnected[000001E390C828A8][713425387][ 4097]
CThostFtdcUserApiImplBase::OnSessionDisconnected[000001E390C829F8][713425388][ 4097]
CThostFtdcUserApiImplBase::OnSessionDisconnected[000001E390C829F8][713425389][ 4097]
CThostFtdcUserApiImplBase::OnSessionDisconnected[000001E390C828A8][713425390][ 4097]
CThostFtdcUserApiImplBase::OnSessionDisconnected[000001E390C82528][713425391][ 4097]
CThostFtdcUserApiImplBase::OnSessionDisconnected[000001E390C822F8][713425392][ 4097]
CThostFtdcUserApiImplBase::OnSessionDisconnected[000001E390C826E8][713425393][ 4097]
CThostFtdcUserApiImplBase::OnSessionDisconnected[000001E390C822F8][713490930][ 4097]
CThostFtdcUserApiImplBase::OnSessionDisconnected[000001E390C826E8][713490931][ 4097]
CThostFtdcUserApiImplBase::OnSessionDisconnected[000001E390C822F8][713490932][ 4097]
CThostFtdcUserApiImplBase::OnSessionDisconnected[000001E390C82528][713490933][ 4097]
CThostFtdcUserApiImplBase::OnSessionDisconnected[000001E390C827C8][713490934][ 4097]
CThostFtdcUserApiImplBase::OnSessionDisconnected[000001E390C828A8][713556471][ 4097]
CThostFtdcUserApiImplBase::OnSessionDisconnected[000001E390C829F8][713556472][ 4097]
CThostFtdcUserApiImplBase::OnSessionDisconnected[000001E390C829F8][713556473][ 4097]
CThostFtdcUserApiImplBase::OnSessionDisconnected[000001E390C822F8][713556474][ 4097]
CThostFtdcUserApiImplBase::OnSessionDisconnected[000001E390C828A8][713556475][ 4097]
CThostFtdcUserApiImplBase::OnSessionDisconnected[000001E390C822F8][713556476][ 4097]
CThostFtdcUserApiImplBase::OnSessionDisconnected[000001E390C822F8][713622013][ 4097]
CThostFtdcUserApiImplBase::OnSessionDisconnected[000001E390C826E8][713622014][ 4097]
CThostFtdcUserApiImplBase::OnSessionDisconnected[000001E390C822F8][713622015][ 4097]
CThostFtdcUserApiImplBase::OnSessionDisconnected[000001E390C822F8][713622016][ 4097]
CThostFtdcUserApiImplBase::OnSessionDisconnected[000001E390C82368][713622017][ 4097]
CThostFtdcUserApiImplBase::OnSessionDisconnected[000001E390C822F8][713622018][ 4097]
CThostFtdcUserApiImplBase::OnSessionDisconnected[000001E390C82368][713622019][ 4097]
CThostFtdcUserApiImplBase::OnSessionDisconnected[000001E390C82528][713687556][ 4097]
CThostFtdcUserApiImplBase::OnSessionDisconnected[000001E390C826E8][713687557][ 4097]
CThostFtdcUserApiImplBase::OnSessionDisconnected[000001E390C82528][713687558][ 4097]
CThostFtdcUserApiImplBase::OnSessionDisconnected[000001E390C82758][713687559][ 4097]
CThostFtdcUserApiImplBase::OnSessionDisconnected[000001E390C826E8][713687560][ 4097]
CThostFtdcUserApiImplBase::OnSessionDisconnected[000001E390C828A8][713687561][ 4097]
CThostFtdcUserApiImplBase::OnSessionDisconnected[000001E390C822F8][713753098][ 4097]
CThostFtdcUserApiImplBase::OnSessionDisconnected[000001E390C822F8][713753099][ 4097]
CThostFtdcUserApiImplBase::OnSessionDisconnected[000001E390C828A8][713753100][ 4097]
CThostFtdcUserApiImplBase::OnSessionDisconnected[000001E390C826E8][713753101][ 4097]
CThostFtdcUserApiImplBase::OnSessionDisconnected[000001E390C822F8][713753102][ 4097]
CThostFtdcUserApiImplBase::OnSessionDisconnected[000001E390C829F8][713818639][ 4097]
CThostFtdcUserApiImplBase::OnSessionDisconnected[000001E390C822F8][713818640][ 4097]
CThostFtdcUserApiImplBase::OnSessionDisconnected[000001E390C82528][713818641][ 4097]
CThostFtdcUserApiImplBase::OnSessionDisconnected[000001E390C82528][713818642][ 4097]
CThostFtdcUserApiImplBase::OnSessionDisconnected[000001E390C822F8][713818643][ 4097]
CThostFtdcUserApiImplBase::OnSessionDisconnected[000001E390C827C8][713884180][ 4097]
CThostFtdcUserApiImplBase::OnSessionDisconnected[000001E390C828A8][713884181][ 4097]
CThostFtdcUserApiImplBase::OnSessionDisconnected[000001E390C826E8][713949719][ 4097]
CThostFtdcUserApiImplBase::OnSessionDisconnected[000001E390C826E8][713949720][ 4097]
CThostFtdcUserApiImplBase::OnSessionDisconnected[000001E390C828A8][713949721][ 4097]
CThostFtdcUserApiImplBase::OnSessionDisconnected[000001E390C828A8][713949722][ 4097]
CThostFtdcUserApiImplBase::OnSessionDisconnected[000001E390C822F8][713949723][ 4097]
CThostFtdcUserApiImplBase::OnSessionDisconnected[000001E390C82528][714015260][ 4097]
CThostFtdcUserApiImplBase::OnSessionDisconnected[000001E390C822F8][714015261][ 4097]
CThostFtdcUserApiImplBase::OnSessionDisconnected[000001E390C82758][714015262][ 4097]
CThostFtdcUserApiImplBase::OnSessionDisconnected[000001E390C82528][714015263][ 4097]
CThostFtdcUserApiImplBase::OnSessionDisconnected[000001E390C826E8][714015264][ 4097]
CThostFtdcUserApiImplBase::OnSessionDisconnected[000001E390C822F8][714080801][ 4097]
CThostFtdcUserApiImplBase::OnSessionDisconnected[000001E390C82758][714080802][ 4097]
CThostFtdcUserApiImplBase::OnSessionDisconnected[000001E390C826E8][714080803][ 4097]
CThostFtdcUserApiImplBase::OnSessionDisconnected[000001E390C822F8][714080804][ 4097]
CThostFtdcUserApiImplBase::OnSessionDisconnected[000001E390C82528][714080805][ 4097]
CThostFtdcUserApiImplBase::OnSessionDisconnected[000001E390C826E8][714146342][ 4097]
CThostFtdcUserApiImplBase::OnSessionDisconnected[000001E390C822F8][714146343][ 4097]
CThostFtdcUserApiImplBase::OnSessionDisconnected[000001E390C822F8][714146344][ 4097]
CThostFtdcUserApiImplBase::OnSessionDisconnected[000001E390C822F8][714146345][ 4097]
CThostFtdcUserApiImplBase::OnSessionDisconnected[000001E390C82528][714146346][ 4097]
CThostFtdcUserApiImplBase::OnSessionDisconnected[000001E390C822F8][714211883][ 4097]
CThostFtdcUserApiImplBase::OnSessionDisconnected[000001E390C822F8][714211884][ 4097]
CThostFtdcUserApiImplBase::OnSessionDisconnected[000001E390C822F8][714211885][ 4097]
CThostFtdcUserApiImplBase::OnSessionDisconnected[000001E390C826E8][714211886][ 4097]
CThostFtdcUserApiImplBase::OnSessionDisconnected[000001E390C822F8][714211887][ 4097]
CThostFtdcUserApiImplBase::OnSessionDisconnected[000001E390C829F8][714277424][ 4097]
CThostFtdcUserApiImplBase::OnSessionDisconnected[000001E390C829F8][714277425][ 4097]
CThostFtdcUserApiImplBase::OnSessionDisconnected[000001E390C828A8][714277426][ 4097]
CThostFtdcUserApiImplBase::OnSessionDisconnected[000001E390C82528][714277427][ 4097]
CThostFtdcUserApiImplBase::OnSessionDisconnected[000001E390C822F8][714277428][ 4097]
CThostFtdcUserApiImplBase::OnSessionDisconnected[000001E390C82528][714342965][ 4097]
CThostFtdcUserApiImplBase::OnSessionDisconnected[000001E390C822F8][714342966][ 4097]
CThostFtdcUserApiImplBase::OnSessionDisconnected[000001E390C822F8][714342967][ 4097]
CThostFtdcUserApiImplBase::OnSessionDisconnected[000001E390C826E8][714342968][ 4097]
CThostFtdcUserApiImplBase::OnSessionDisconnected[000001E390C82528][714342969][ 4097]
CThostFtdcUserApiImplBase::OnSessionDisconnected[000001E390C826E8][714408506][ 4097]
CThostFtdcUserApiImplBase::OnSessionDisconnected[000001E390C82758][714408507][ 4097]
CThostFtdcUserApiImplBase::OnSessionDisconnected[000001E390C822F8][714408508][ 4097]
CThostFtdcUserApiImplBase::OnSessionDisconnected[000001E390C822F8][714408509][ 4097]
CThostFtdcUserApiImplBase::OnSessionDisconnected[000001E390C822F8][714408510][ 4097]
CThostFtdcUserApiImplBase::OnSessionDisconnected[000001E390C82368][714474047][ 4097]
CThostFtdcUserApiImplBase::OnSessionDisconnected[000001E390C822F8][714474048][ 4097]
CThostFtdcUserApiImplBase::OnSessionDisconnected[000001E390C822F8][714474049][ 4097]
CThostFtdcUserApiImplBase::OnSessionDisconnected[000001E390C822F8][714474050][ 4097]
CThostFtdcUserApiImplBase::OnSessionDisconnected[000001E390C82528][714474051][ 4097]
CThostFtdcUserApiImplBase::OnSessionDisconnected[000001E390C828A8][714539588][ 4097]
CThostFtdcUserApiImplBase::OnSessionDisconnected[000001E390C822F8][714539589][ 4097]
CThostFtdcUserApiImplBase::OnSessionDisconnected[000001E390C827C8][714539590][ 4097]
CThostFtdcUserApiImplBase::OnSessionDisconnected[000001E390C828A8][714539591][ 4097]
CThostFtdcUserApiImplBase::OnSessionDisconnected[000001E390C829F8][714539592][ 4097]
CThostFtdcUserApiImplBase::OnSessionDisconnected[000001E390C82528][714605129][ 4097]
CThostFtdcUserApiImplBase::OnSessionDisconnected[000001E390C822F8][714605130][ 4097]
CThostFtdcUserApiImplBase::OnSessionDisconnected[000001E390C82528][714605131][ 4097]
CThostFtdcUserApiImplBase::OnSessionDisconnected[000001E390C822F8][714605132][ 4097]
CThostFtdcUserApiImplBase::OnSessionDisconnected[000001E390C829F8][714605133][ 4097]
CThostFtdcUserApiImplBase::OnSessionDisconnected[000001E390C822F8][714670670][ 4097]
CThostFtdcUserApiImplBase::OnSessionDisconnected[000001E390C827C8][714670671][ 4097]
CThostFtdcUserApiImplBase::OnSessionDisconnected[000001E390C822F8][714670672][ 4097]
CThostFtdcUserApiImplBase::OnSessionDisconnected[000001E390C82528][714670673][ 4097]
CThostFtdcUserApiImplBase::OnSessionDisconnected[000001E390C822F8][714670674][ 4097]
CThostFtdcUserApiImplBase::OnSessionDisconnected[000001E390C82528][714736211][ 4097]
CThostFtdcUserApiImplBase::OnSessionDisconnected[000001E390C822F8][714736212][ 4097]
CThostFtdcUserApiImplBase::OnSessionDisconnected[000001E390C822F8][714736213][ 4097]
CThostFtdcUserApiImplBase::OnSessionDisconnected[000001E390C829F8][714736214][ 4097]
CThostFtdcUserApiImplBase::OnSessionDisconnected[000001E390C829F8][714736215][ 4097]
CThostFtdcUserApiImplBase::OnSessionDisconnected[000001E390C822F8][714801752][ 4097]
CThostFtdcUserApiImplBase::OnSessionDisconnected[000001E390C822F8][714801753][ 4097]
CThostFtdcUserApiImplBase::OnSessionDisconnected[000001E390C822F8][714801754][ 4097]
CThostFtdcUserApiImplBase::OnSessionDisconnected[000001E390C829F8][714801755][ 4097]
CThostFtdcUserApiImplBase::OnSessionDisconnected[000001E390C829F8][714801756][ 4097]
CThostFtdcUserApiImplBase::OnSessionDisconnected[000001E390C822F8][714867293][ 4097]
CThostFtdcUserApiImplBase::OnSessionDisconnected[000001E390C828A8][714867294][ 4097]
CThostFtdcUserApiImplBase::OnSessionDisconnected[000001E390C822F8][714867295][ 4097]
CThostFtdcUserApiImplBase::OnSessionDisconnected[000001E390C822F8][714867296][ 4097]
CThostFtdcUserApiImplBase::OnSessionDisconnected[000001E390C826E8][714867297][ 4097]
CThostFtdcUserApiImplBase::OnSessionDisconnected[000001E390C829F8][714932834][ 4097]
CThostFtdcUserApiImplBase::OnSessionDisconnected[000001E390C822F8][714932835][ 4097]
CThostFtdcUserApiImplBase::OnSessionDisconnected[000001E390C826E8][714932836][ 4097]
CThostFtdcUserApiImplBase::OnSessionDisconnected[000001E390C828A8][714932837][ 4097]
CThostFtdcUserApiImplBase::OnSessionDisconnected[000001E390C822F8][714932838][ 4097]
CThostFtdcUserApiImplBase::OnSessionDisconnected[000001E390C822F8][714932839][ 4097]
CThostFtdcUserApiImplBase::OnSessionDisconnected[000001E390C822F8][714998376][ 4097]
CThostFtdcUserApiImplBase::OnSessionDisconnected[000001E390C827C8][714998377][ 4097]
CThostFtdcUserApiImplBase::OnSessionDisconnected[000001E390C82528][714998378][ 4097]
CThostFtdcUserApiImplBase::OnSessionDisconnected[000001E390C828A8][714998379][ 4097]
CThostFtdcUserApiImplBase::OnSessionDisconnected[000001E390C822F8][715063916][ 4097]
CThostFtdcUserApiImplBase::OnSessionDisconnected[000001E390C829F8][715063917][ 4097]
CThostFtdcUserApiImplBase::OnSessionDisconnected[000001E390C827C8][715063918][ 4097]
CThostFtdcUserApiImplBase::OnSessionDisconnected[000001E390C822F8][715063919][ 4097]
CThostFtdcUserApiImplBase::OnSessionDisconnected[000001E390C82528][715063920][ 4097]
CThostFtdcUserApiImplBase::OnSessionDisconnected[000001E390C82528][715129457][ 4097]
CThostFtdcUserApiImplBase::OnSessionDisconnected[000001E390C82528][715129458][ 4097]
CThostFtdcUserApiImplBase::OnSessionDisconnected[000001E390C828A8][715129459][ 4097]
CThostFtdcUserApiImplBase::OnSessionDisconnected[000001E390C822F8][715129460][ 4097]
CThostFtdcUserApiImplBase::OnSessionDid: 4097
TD Front Disconnected: 4097
TD Front Disconnected: 4097
TD Front Disconnected: 4097
TD Front Disconnected: 4097
TD Front Disconnected: 4097
TD Front Disconnected: 4097
TD Front Disconnected: 4097
TD Front Disconnected: 4097
TD Front Disconnected: 4097
TD Front Disconnected: 4097
TD Front Disconnected: 4097
TD Front Disconnected: 4097
TD Front Disconnected: 4097
TD Front Disconnected: 4097
TD Front Disconnected: 4097
TD Front Disconnected: 4097
TD Front Disconnected: 4097
TD Front Disconnected: 4097
TD Front Disconnected: 4097
TD Front Disconnected: 4097
TD Front Disconnected: 4097
TD Front Disconnected: 4097
TD Front Disconnected: 4097
TD Front Disconnected: 4097
TD Front Disconnected: 4097
TD Front Disconnected: 4097
TD Front Disconnected: 4097
TD Front Disconnected: 4097
TD Front Disconnected: 4097
TD Front Disconnected: 4097
TD Front Disconnected: 4097
TD Front Disconnected: 4097
TD Front Disconnected: 4097
TD Front Disconnected: 4097
TD Front Disconnected: 4097
TD Front Disconnected: 4097
TD Front Disconnected: 4097
TD Front Disconnected: 4097
TD Front Disconnected: 4097
TD Front Disconnected: 4097
TD Front Disconnected: 4097
TD Front Disconnected: 4097
TD Front Disconnected: 4097
TD Front Disconnected: 4097
TD Front Disconnected: 4097
TD Front Disconnected: 4097
TD Front Disconnected: 4097
TD Front Disconnected: 4097
TD Front Disconnected: 4097
TD Front Disconnected: 4097
TD Front Disconnected: 4097
TD Front Disconnected: 4097
TD Front Disconnected: 4097
TD Front Disconnected: 4097
TD Front Disconnected: 4097
TD Front Disconnected: 4097
TD Front Disconnected: 4097
TD Front Disconnected: 4097
TD Front Disconnected: 4097
TD Front Disconnected: 4097
TD Front Disconnected: 4097
TD Front Disconnected: 4097
TD Front Disconnected: 4097
TD Front Disconnected: 4097
TD Front Disconnected: 4097
TD Front Disconnected: 4097
TD Front Disconnected: 4097
TD Front Disconnected: 4097
TD Front Disconnected: 4097
TD Front Disconnected: 4097
TD Front Disconnected: 4097
TD Front Disconnected: 4097
TD Front Disconnected: 4097
TD Front Disconnected: 4097
TD Front Disconnected: 4097
TD Front Disconnected: 4097
TD Front Disconnected: 4097
TD Front Disconnected: 4097
TD Front Disconnected: 4097
TD Front Disconnected: 4097
TD Front Disconnected: 4097
TD Front Disconnected: 4097
TD Front Disconnected: 4097
TD Front Disconnected: 4097
TD Front Disconnected: 4097
TD Front Disconnected: 4097
TD Front Disconnected: 4097
TD Front Disconnected: 4097
TD Front Disconnected: 4097
TD Front Disconnected: 4097
TD Front Disconnected: 4097
TD Front Disconnected: 4097
TD Front Disconnected: 4097
TD Front Disconnected: 4097
TD Front Disconnected: 4097
TD Front Disconnected: 4097
TD Front Disconnected: 4097
TD Front Disconnected: 4097
TD Front Disconnected: 4097
TD Front Disconnected: 4097
TD Front Disconnected: 4097
TD Front Disconnected: 4097
TD Front Disconnected: 4097
TD Front Disconnected: 4097
TD Front Disconnected: 4097
TD Front Disconnected: 4097
TD Front Disconnected: 4097
TD Front Disconnected: 4097
TD Front Disconnected: 4097
TD Front Disconnected: 4097
TD Front Disconnected: 4097
TD Front Disconnected: 4097
TD Front Disconnected: 4097
TD Front Disconnected: 4097
TD Front Disconnected: 4097
TD Front Disconnected: 4097
TD Front Disconnected: 4097
TD Front Disconnected: 4097
TD Front Disconnected: 4097
TD Front Disconnected: 4097
TD Front Disconnected: 4097
TD Front Disconnected: 4097
TD Front Disconnected: 4097
TD Front Disconnected: 4097
TD Front Disconnected: 4097
TD Front Disconnected: 4097
TD Front Disconnected: 4097
TD Front Disconnected: 4097
TD Front Disconnected: 4097
TD Front Disconnected: 4097
TD Front Disconnected: 4097
TD Front Disconnected: 4097
TD Front Disconnected: 4097
TD Front Disconnected: 4097
TD Front Disconnected: 4097
TD Front Disconnected: 4097
TD Front Disconnected: 4097
TD Front Disconnected: 4097
TD Front Disconnected: 4097
TD Front Disconnected: 4097
TD Front Disconnected: 4097
TD Front Disconnected: 4097
TD Front Disconnected: 4097
TD Front Disconnected: 4097
TD Front Disconnected: 4097
TD Front Disconnected: 4097
sconnected[000001E390C822F8][715129461][ 4097]
CThostFtdcUserApiImplBase::OnSessionDisconnected[000001E390C827C8][715194998][ 4097]
CThostFtdcUserApiImplBase::OnSessionDisconnected[000001E390C822F8][715194999][ 4097]
CThostFtdcUserApiImplBase::OnSessionDisconnected[000001E390C822F8][715195000][ 4097]
CThostFtdcUserApiImplBase::OnSessionDisconnected[000001E390C82368][715195001][ 4097]
CThostFtdcUserApiImplBase::OnSessionDisconnected[000001E390C82758][715195002][ 4097]
CThostFtdcUserApiImplBase::OnSessionDisconnected[000001E390C829F8][715260539][ 4097]
CThostFtdcUserApiImplBase::OnSessionDisconnected[000001E390C822F8][715260540][ 4097]
CThostFtdcUserApiImplBase::OnSessionDisconnected[000001E390C822F8][715260541][ 4097]
CThostFtdcUserApiImplBase::OnSessionDisconnected[000001E390C82528][715260542][ 4097]
CThostFtdcUserApiImplBase::OnSessionDisconnected[000001E390C828A8][715260543][ 4097]
CThostFtdcUserApiImplBase::OnSessionDisconnected[000001E390C82528][715326080][ 4097]
CThostFtdcUserApiImplBase::OnSessionDisconnected[000001E390C822F8][715326081][    0]
CThostFtdcUserApiImplBase::OnSessionDisconnected[000001E390C82368][715326082][ 4097]
CThostFtdcUserApiImplBase::OnSessionDisconnected[000001E390C829F8][715326083][ 4097]
CThostFtdcUserApiImplBase::OnSessionDisconnected[000001E390C82368][715391620][ 4097]
CThostFtdcUserApiImplBase::OnSessionDisconnected[000001E390C829F8][715391621][ 4097]
CThostFtdcUserApiImplBase::OnSessionDisconnected[000001E390C827C8][715391622][ 4097]
CThostFtdcUserApiImplBase::OnSessionDisconnected[000001E390C82368][715391623][ 4097]
CThostFtdcUserApiImplBase::OnSessionDisconnected[000001E390C827C8][715391624][ 4097]
CThostFtdcUserApiImplBase::OnSessionDisconnected[000001E390C82368][715391625][ 4097]
CThostFtdcUserApiImplBase::OnSessionDisconnected[000001E390C82368][715457162][ 4097]
CThostFtdcUserApiImplBase::OnSessionDisconnected[000001E390C82368][715457163][ 4097]
CThostFtdcUserApiImplBase::OnSessionDisconnected[000001E390C82368][715457164][ 4097]
CThostFtdcUserApiImplBase::OnSessionDisconnected[000001E390C82368][715457165][ 4097]
CThostFtdcUserApiImplBase::OnSessionDisconnected[000001E390C826E8][715457166][ 4097]
CThostFtdcUserApiImplBase::OnSessionDisconnected[000001E390C826E8][715522703][ 4097]
CThostFtdcUserApiImplBase::OnSessionDisconnected[000001E390C826E8][715522704][ 4097]
CThostFtdcUserApiImplBase::OnSessionDisconnected[000001E390C82368][715522705][ 4097]
CThostFtdcUserApiImplBase::OnSessionDisconnected[000001E390C828A8][715522706][ 4097]
CThostFtdcUserApiImplBase::OnSessionDisconnected[000001E390C82368][715522707][ 4097]
CThostFtdcUserApiImplBase::OnSessionDisconnected[000001E390C82528][715588244][ 4097]
CThostFtdcUserApiImplBase::OnSessionDisconnected[000001E390C82368][715588245][ 4097]
CThostFtdcUserApiImplBase::OnSessionDisconnected[000001E390C82758][715588246][ 4097]
CThostFtdcUserApiImplBase::OnSessionDisconnected[000001E390C829F8][715588247][ 4097]
CThostFtdcUserApiImplBase::OnSessionDisconnected[000001E390C82368][715588248][ 4097]
CThostFtdcUserApiImplBase::OnSessionDisconnected[000001E390C82368][715653785][ 4097]
CThostFtdcUserApiImplBase::OnSessionDisconnected[000001E390C82368][715653786][ 4097]
CThostFtdcUserApiImplBase::OnSessionDisconnected[000001E390C82368][715653787][ 4097]
CThostFtdcUserApiImplBase::OnSessionDisconnected[000001E390C82368][715653788][ 4097]
CThostFtdcUserApiImplBase::OnSessionDisconnected[000001E390C826E8][715653789][ 4097]
CThostFtdcUserApiImplBase::OnSessionDisconnected[000001E390C82368][715719326][ 4097]
CThostFtdcUserApiImplBase::OnSessionDisconnected[000001E390C82368][715719327][ 4097]
CThostFtdcUserApiImplBase::OnSessionDisconnected[000001E390C82368][715719328][ 4097]
CThostFtdcUserApiImplBase::OnSessionDisconnected[000001E390C82528][715719329][ 4097]
CThostFtdcUserApiImplBase::OnSessionDisconnected[000001E390C826E8][715719330][ 4097]
CThostFtdcUserApiImplBase::OnSessionDisconnected[000001E390C82758][715784867][ 4097]
CThostFtdcUserApiImplBase::OnSessionDisconnected[000001E390C82368][715784868][ 4097]
CThostFtdcUserApiImplBase::OnSessionDisconnected[000001E390C82368][715784869][ 4097]
CThostFtdcUserApiImplBase::OnSessionDisconnected[000001E390C82368][715784870][ 4097]
CThostFtdcUserApiImplBase::OnSessionDisconnected[000001E390C82528][715784871][ 4097]
CThostFtdcUserApiImplBase::OnSessionDisconnected[000001E390C828A8][715784872][ 4097]
CThostFtdcUserApiImplBase::OnSessionDisconnected[000001E390C828A8][715850409][ 4097]
CThostFtdcUserApiImplBase::OnSessionDisconnected[000001E390C82368][715850410][ 4097]
CThostFtdcUserApiImplBase::OnSessionDisconnected[000001E390C82368][715850411][ 4097]
CThostFtdcUserApiImplBase::OnSessionDisconnected[000001E390C82368][715850412][ 4097]
CThostFtdcUserApiImplBase::OnSessionDisconnected[000001E390C826E8][715850413][ 4097]
CThostFtdcUserApiImplBase::OnSessionDisconnected[000001E390C82528][715915950][ 4097]
CThostFtdcUserApiImplBase::OnSessionDisconnected[000001E390C82368][715915951][ 4097]
CThostFtdcUserApiImplBase::OnSessionDisconnected[000001E390C828A8][715915952][ 4097]
CThostFtdcUserApiImplBase::OnSessionDisconnected[000001E390C82368][715915953][ 4097]
CThostFtdcUserApiImplBase::OnSessionDisconnected[000001E390C826E8][715915954][ 4097]
CThostFtdcUserApiImplBase::OnSessionDisconnected[000001E390C828A8][715981491][ 4097]
CThostFtdcUserApiImplBase::OnSessionDisconnected[000001E390C82368][715981492][ 4097]
CThostFtdcUserApiImplBase::OnSessionDisconnected[000001E390C82528][715981493][ 4097]
CThostFtdcUserApiImplBase::OnSessionDisconnected[000001E390C82368][715981494][ 4097]
CThostFtdcUserApiImplBase::OnSessionDisconnected[000001E390C828A8][715981495][ 4097]
CThostFtdcUserApiImplBase::OnSessionDisconnected[000001E390C82368][716047032][ 4097]
CThostFtdcUserApiImplBase::OnSessionDisconnected[000001E390C826E8][716047033][ 4097]
CThostFtdcUserApiImplBase::OnSessionDisconnected[000001E390C82758][716047034][ 4097]
CThostFtdcUserApiImplBase::OnSessionDisconnected[000001E390C827C8][716047035][ 4097]
CThostFtdcUserApiImplBase::OnSessionDisconnected[000001E390C827C8][716047036][ 4097]
CThostFtdcUserApiImplBase::OnSessionDisconnected[000001E390C829F8][716047037][ 4097]
CThostFtdcUserApiImplBase::OnSessionDisconnected[000001E390C82368][716047038][ 4097]
CThostFtdcUserApiImplBase::OnSessionDisconnected[000001E390C82368][716047039][ 4097]
CThostFtdcUserApiImplBase::OnSessionDisconnected[000001E390C82528][716112576][ 4097]
CThostFtdcUserApiImplBase::OnSessionDisconnected[000001E390C82368][716112577][ 4097]
CThostFtdcUserApiImplBase::OnSessionDisconnected[000001E390C828A8][716112578][ 4097]
CThostFtdcUserApiImplBase::OnSessionDisconnected[000001E390C82368][716112579][ 4097]
CThostFtdcUserApiImplBase::OnSessionDisconnected[000001E390C826E8][716112580][ 4097]
CThostFtdcUserApiImplBase::OnSessionDisconnected[000001E390C826E8][716112581][ 4097]
CThostFtdcUserApiImplBase::OnSessionDisconnected[000001E390C82368][716112582][ 4097]
CThostFtdcUserApiImplBase::OnSessionDisconnected[000001E390C828A8][716112583][ 4097]
CThostFtdcUserApiImplBase::OnSessionDisconnected[000001E390C82368][716178120][ 4097]
CThostFtdcUserApiImplBase::OnSessionDisconnected[000001E390C829F8][716178121][ 4097]
CThostFtdcUserApiImplBase::OnSessionDisconnected[000001E390C82528][716178122][ 4097]
CThostFtdcUserApiImplBase::OnSessionDisconnected[000001E390C82368][716178123][ 4097]
CThostFtdcUserApiImplBase::OnSessionDisconnected[000001E390C829F8][716178124][ 4097]
CThostFtdcUserApiImplBase::OnSessionDisconnected[000001E390C82368][716178125][ 4097]
CThostFtdcUserApiImplBase::OnSessionDisconnected[000001E390C829F8][716178126][ 4097]
CThostFtdcUserApiImplBase::OnSessionDisconnected[000001E390C82368][716243663][ 4097]
CThostFtdcUserApiImplBase::OnSessionDisconnected[000001E390C82368][716243664][ 4097]
CThostFtdcUserApiImplBase::OnSessionDisconnected[000001E390C829F8][716243665][ 4097]
CThostFtdcUserApiImplBase::OnSessionDisconnected[000001E390C82368][716243666][ 4097]
CThostFtdcUserApiImplBase::OnSessionDisconnected[000001E390C829F8][716243667][ 4097]
CThostFtdcUserApiImplBase::OnSessionDisconnected[000001E390C82368][716243668][ 4097]
CThostFtdcUserApiImplBase::OnSessionDisconnected[000001E390C82368][716309205][ 4097]
CThostFtdcUserApiImplBase::OnSessionDisconnected[000001E390C82368][716309206][ 4097]
CThostFtdcUserApiImplBase::OnSessionDisconnected[000001E390C82368][716309207][ 4097]
CThostFtdcUserApiImplBase::OnSessionDisconnected[000001E390C82368][716309208][ 4097]
CThostFtdcUserApiImplBase::OnSessionDisconnected[000001E390C82368][716309209][ 4097]
CThostFtdcUserApiImplBase::OnSessionDisconnected[000001E390C82368][716309210][ 4097]
CThostFtdcUserApiImplBase::OnSessionDisconnected[000001E390C82368][716374747][ 4097]
CThostFtdcUserApiImplBase::OnSessionDisconnected[000001E390C826E8][716374748][ 4097]
CThostFtdcUserApiImplBase::OnSessionDisconnected[000001E390C82368][716374749][ 4097]
CThostFtdcUserApiImplBase::OnSessionDisconnected[000001E390C82368][716374750][ 4097]
CThostFtdcUserApiImplBase::OnSessionDisconnected[000001E390C82368][716374751][ 4097]
CThostFtdcUserApiImplBase::OnSessionDisconnected[000001E390C82528][716374752][ 4097]
CThostFtdcUserApiImplBase::OnSessionDisconnected[000001E390C82368][716440289][ 4097]
CThostFtdcUserApiImplBase::OnSessionDisconnected[000001E390C827C8][716440290][ 4097]
CThostFtdcUserApiImplBase::OnSessionDisconnected[000001E390C82368][716440291][ 4097]
CThostFtdcUserApiImplBase::OnSessionDisconnected[000001E390C82368][716440292][ 4097]
CThostFtdcUserApiImplBase::OnSessionDisconnected[000001E390C82368][716440293][ 4097]
CThostFtdcUserApiImplBase::OnSessionDisconnected[000001E390C82368][716440294][ 4097]
CThostFtdcUserApiImplBase::OnSessionDisconnected[000001E390C828A8][716505831][ 4097]
CThostFtdcUserApiImplBase::OnSessionDisconnected[000001E390C82368][716505832][ 4097]
CThostFtdcUserApiImplBase::OnSessionDisconnected[000001E390C82368][716505833][ 4097]
CThostFtdcUserApiImplBase::OnSessionDisconnected[000001E390C82528][716505834][ 4097]
CThostFtdcUserApiImplBase::OnSessionDisconnected[000001E390C827C8][716505835][ 4097]
CThostFtdcUserApiImplBase::OnSessionDisconnected[000001E390C82528][716505836][ 4097]
CThostFtdcUserApiImplBase::OnSessionDisconnected[000001E390C82368][716505837][ 4097]
CThostFtdcUserApiImplBase::OnSessionDisconnected[000001E390C82528][716505838][ 4097]
CThostFtdcUserApiImplBase::OnSessionDisconnected[000001E390C829F8][716571375][ 4097]
CThostFtdcUserApiImplBase::OnSessionDisconnected[000001E390C82368][716571376][ 4097]
CThostFtdcUserApiImplBase::OnSessionDisconnected[000001E390C82368][716571377][ 4097]
CThostFtdcUserApiImplBase::OnSessionDisconnected[000001E390C82368][716571378][ 4097]
CThostFtdcUserApiImplBase::OnSessionDisconnected[000001E390C82368][716571379][ 4097]
CThostFtdcUserApiImplBase::OnSessionDisconnected[000001E390C82368][716571380][ 4097]
CThostFtdcUserApiImplBase::OnSessionDisconnected[000001E390C82528][716571381][ 4097]
CThostFtdcUserApiImplBase::OnSessionDisconnected[000001E390C828A8][716636918][ 4097]
CThostFtdcUserApiImplBase::OnSessionDisconnected[000001E390C82368][716636919][ 4097]
CThostFtdcUserApiImplBase::OnSessionDisconnected[000001E390C82368][716636920][ 4097]
CThostFtdcUserApiImplBase::OnSessionDisconnected[000001E390C82368][716636921][ 4097]
CThostFtdcUserApiImplBase::OnSessionDisconnected[000001E390C827C8][716636922][ 4097]
CThostFtdcUserApiImplBase::OnSessionDisconnected[000001E390C82368][716636923][ 4097]
CThostFtdcUserApiImplBase::OnSessionDisconnected[000001E390C828A8][716636924][ 4097]
CThostFtdcUserApiImplBase::OnSessionDisconnected[000001E390C829F8][716636925][ 4097]
CThostFtdcUserApiImplBase::OnSessionDisconnected[000001E390C829F8][716702462][ 4097]
CThostFtdcUserApiImplBase::OnSessionDisconnected[000001E390C82368][716702463][ 4097]
CThostFtdcUserApiImplBase::OnSessionDisconnected[000001E390C82368][716702464][ 4097]
CThostFtdcUserApiImplBase::OnSessionDisconnected[000001E390C82368][716702465][ 4097]
CThostFtdcUserApiImplBase::OnSessionDisconnected[000001E390C82368][716702466][ 4097]
CThostFtdcUserApiImplBase::OnSessionDisconnected[000001E390C82368][716702467][ 4097]
CThostFtdcUserApiImplBase::OnSessionDisconnected[000001E390C82368][716768005][ 4097]
CThostFtdcUserApiImplBase::OnSessionDisconnected[000001E390C829F8][716768006][ 4097]
CTD Front Disconnected: 4097
TD Front Disconnected: 4097
TD Front Disconnected: 4097
TD Front Disconnected: 4097
TD Front Disconnected: 4097
TD Front Disconnected: 4097
TD Front Disconnected: 4097
TD Front Disconnected: 4097
TD Front Disconnected: 4097
TD Front Disconnected: 4097
TD Front Disconnected: 4097
TD Front Disconnected: 4097
TD Front Disconnected: 4097
TD Front Disconnected: 4097
TD Front Disconnected: 4097
TD Front Disconnected: 4097
TD Front Disconnected: 4097
TD Front Disconnected: 4097
TD Front Disconnected: 4097
TD Front Disconnected: 4097
TD Front Disconnected: 4097
TD Front Disconnected: 4097
TD Front Disconnected: 4097
TD Front Disconnected: 4097
TD Front Disconnected: 4097
TD Front Disconnected: 4097
TD Front Disconnected: 4097
TD Front Disconnected: 4097
TD Front Disconnected: 4097
TD Front Disconnected: 4097
TD Front Disconnected: 4097
TD Front Disconnected: 4097
TD Front Disconnected: 4097
TD Front Disconnected: 4097
TD Front Disconnected: 4097
TD Front Disconnected: 4097
TD Front Disconnected: 4097
TD Front Disconnected: 4097
TD Front Disconnected: 4097
TD Front Disconnected: 4097
TD Front Disconnected: 4097
TD Front Disconnected: 4097
TD Front Disconnected: 4097
TD Front Disconnected: 4097
TD Front Disconnected: 4097
TD Front Disconnected: 4097
TD Front Disconnected: 4097
TD Front Disconnected: 4097
TD Front Disconnected: 4097
TD Front Disconnected: 4097
TD Front Disconnected: 4097
TD Front Disconnected: 4097
TD Front Disconnected: 4097
TD Front Disconnected: 4097
TD Front Disconnected: 4097
TD Front Disconnected: 4097
TD Front Disconnected: 4097
TD Front Disconnected: 4097
TD Front Disconnected: 4097
TD Front Disconnected: 4097
TD Front Disconnected: 4097
TD Front Disconnected: 4097
TD Front Disconnected: 4097
TD Front Disconnected: 4097
TD Front Disconnected: 4097
TD Front Disconnected: 4097
TD Front Disconnected: 4097
TD Front Disconnected: 4097
TD Front Disconnected: 4097
TD Front Disconnected: 4097
TD Front Disconnected: 4097
TD Front Disconnected: 4097
TD Front Disconnected: 4097
TD Front Disconnected: 4097
TD Front Disconnected: 4097
TD Front Disconnected: 4097
TD Front Disconnected: 4097
TD Front Disconnected: 4097
TD Front Disconnected: 4097
TD Front Disconnected: 4097
TD Front Disconnected: 4097
TD Front Disconnected: 4097
TD Front Disconnected: 4097
TD Front Disconnected: 4097
TD Front Disconnected: 4097
TD Front Disconnected: 4097
TD Front Disconnected: 4097
TD Front Disconnected: 4097
TD Front Disconnected: 4097
TD Front Disconnected: 4097
TD Front Disconnected: 4097
TD Front Disconnected: 4097
TD Front Disconnected: 4097
TD Front Disconnected: 4097
TD Front Disconnected: 4097
TD Front Disconnected: 4097
TD Front Disconnected: 4097
TD Front Disconnected: 4097
TD Front Disconnected: 4097
TD Front Disconnected: 4097
TD Front Disconnected: 4097
TD Front Disconnected: 4097
TD Front Disconnected: 4097
TD Front Disconnected: 4097
TD Front Disconnected: 4097
TD Front Disconnected: 4097
TD Front Disconnected: 4097
TD Front Disconnected: 4097
TD Front Disconnected: 4097
TD Front Disconnected: 4097
TD Front Disconnected: 4097
TD Front Disconnected: 4097
TD Front Disconnected: 4097
TD Front Disconnected: 4097
TD Front Disconnected: 4097
TD Front Disconnected: 4097
TD Front Disconnected: 4097
TD Front Disconnected: 4097
TD Front Disconnected: 4097
TD Front Disconnected: 4097
TD Front Disconnected: 4097
TD Front Disconnected: 4097
TD Front Disconnected: 4097
TD Front Disconnected: 4097
TD Front Disconnected: 4097
TD Front Disconnected: 4097
TD Front Disconnected: 4097
TD Front Disconnected: 4097
TD Front Disconnected: 4097
TD Front Disconnected: 4097
TD Front Disconnected: 4097
TD Front Disconnected: 4097
TD Front Disconnected: 4097
TD Front Disconnected: 4097
TD Front Disconnected: 4097
TD Front Disconnected: 4097
TD Front Disconnected: 4097
TD Front Disconnected: 4097
TD Front Disconnected: 4097
TD Front Disconnected: 4097
TD Front Disconnected: 4097
TD Front Disconnected: 4097
TD Front Disconnected: 4097
TD Front Disconnected: 4097
TD Front Disconnected: 4097
TD Front Disconnected: 4097
TD FrontThostFtdcUserApiImplBase::OnSessionDisconnected[000001E390C827C8][716768007][ 4097]
CThostFtdcUserApiImplBase::OnSessionDisconnected[000001E390C828A8][716768008][ 4097]
CThostFtdcUserApiImplBase::OnSessionDisconnected[000001E390C828A8][716768009][ 4097]
CThostFtdcUserApiImplBase::OnSessionDisconnected[000001E390C82368][716833546][ 4097]
CThostFtdcUserApiImplBase::OnSessionDisconnected[000001E390C82528][716833547][ 4097]
CThostFtdcUserApiImplBase::OnSessionDisconnected[000001E390C82368][716833548][ 4097]
CThostFtdcUserApiImplBase::OnSessionDisconnected[000001E390C826E8][716833549][ 4097]
CThostFtdcUserApiImplBase::OnSessionDisconnected[000001E390C82368][716833550][ 4097]
CThostFtdcUserApiImplBase::OnSessionDisconnected[000001E390C826E8][716833551][ 4097]
CThostFtdcUserApiImplBase::OnSessionDisconnected[000001E390C82368][716899088][ 4097]
CThostFtdcUserApiImplBase::OnSessionDisconnected[000001E390C82368][716899089][ 4097]
CThostFtdcUserApiImplBase::OnSessionDisconnected[000001E390C82758][716899090][ 4097]
CThostFtdcUserApiImplBase::OnSessionDisconnected[000001E390C82368][716899091][ 4097]
CThostFtdcUserApiImplBase::OnSessionDisconnected[000001E390C82528][716899092][ 4097]
CThostFtdcUserApiImplBase::OnSessionDisconnected[000001E390C82368][716899093][ 4097]
CThostFtdcUserApiImplBase::OnSessionDisconnected[000001E390C82368][716964630][ 4097]
CThostFtdcUserApiImplBase::OnSessionDisconnected[000001E390C827C8][716964631][ 4097]
CThostFtdcUserApiImplBase::OnSessionDisconnected[000001E390C82368][716964632][ 4097]
CThostFtdcUserApiImplBase::OnSessionDisconnected[000001E390C82368][716964633][ 4097]
CThostFtdcUserApiImplBase::OnSessionDisconnected[000001E390C82368][716964634][ 4097]
CThostFtdcUserApiImplBase::OnSessionDisconnected[000001E390C827C8][716964635][ 4097]
CThostFtdcUserApiImplBase::OnSessionDisconnected[000001E390C826E8][717030172][ 4097]
CThostFtdcUserApiImplBase::OnSessionDisconnected[000001E390C827C8][717030173][ 4097]
CThostFtdcUserApiImplBase::OnSessionDisconnected[000001E390C82368][717030174][ 4097]
CThostFtdcUserApiImplBase::OnSessionDisconnected[000001E390C82368][717030175][ 4097]
CThostFtdcUserApiImplBase::OnSessionDisconnected[000001E390C82368][717030176][ 4097]
CThostFtdcUserApiImplBase::OnSessionDisconnected[000001E390C829F8][717030177][ 4097]
CThostFtdcUserApiImplBase::OnSessionDisconnected[000001E390C82368][717095714][ 4097]
CThostFtdcUserApiImplBase::OnSessionDisconnected[000001E390C826E8][717095715][ 4097]
CThostFtdcUserApiImplBase::OnSessionDisconnected[000001E390C826E8][717095716][ 4097]
CThostFtdcUserApiImplBase::OnSessionDisconnected[000001E390C82368][717095717][ 4097]
CThostFtdcUserApiImplBase::OnSessionDisconnected[000001E390C827C8][717095718][ 4097]
CThostFtdcUserApiImplBase::OnSessionDisconnected[000001E390C82368][717095719][ 4097]
CThostFtdcUserApiImplBase::OnSessionDisconnected[000001E390C82368][717161256][ 4097]
CThostFtdcUserApiImplBase::OnSessionDisconnected[000001E390C82368][717161257][ 4097]
CThostFtdcUserApiImplBase::OnSessionDisconnected[000001E390C82368][717161258][ 4097]
CThostFtdcUserApiImplBase::OnSessionDisconnected[000001E390C82368][717161259][ 4097]
CThostFtdcUserApiImplBase::OnSessionDisconnected[000001E390C82368][717161260][ 4097]
CThostFtdcUserApiImplBase::OnSessionDisconnected[000001E390C82368][717161261][ 4097]
CThostFtdcUserApiImplBase::OnSessionDisconnected[000001E390C82368][717226798][ 4097]
CThostFtdcUserApiImplBase::OnSessionDisconnected[000001E390C829F8][717226799][ 4097]
CThostFtdcUserApiImplBase::OnSessionDisconnected[000001E390C82368][717226800][ 4097]
CThostFtdcUserApiImplBase::OnSessionDisconnected[000001E390C826E8][717226801][ 4097]
CThostFtdcUserApiImplBase::OnSessionDisconnected[000001E390C826E8][717226802][ 4097]
CThostFtdcUserApiImplBase::OnSessionDisconnected[000001E390C82368][717226803][ 4097]
CThostFtdcUserApiImplBase::OnSessionDisconnected[000001E390C828A8][717292340][ 4097]
CThostFtdcUserApiImplBase::OnSessionDisconnected[000001E390C82368][717292341][ 4097]
CThostFtdcUserApiImplBase::OnSessionDisconnected[000001E390C829F8][717292342][ 4097]
CThostFtdcUserApiImplBase::OnSessionDisconnected[000001E390C82368][717292343][ 4097]
CThostFtdcUserApiImplBase::OnSessionDisconnected[000001E390C82368][717292344][ 4097]
CThostFtdcUserApiImplBase::OnSessionDisconnected[000001E390C82368][717292345][ 4097]
CThostFtdcUserApiImplBase::OnSessionDisconnected[000001E390C826E8][717357882][ 4097]
CThostFtdcUserApiImplBase::OnSessionDisconnected[000001E390C828A8][717357883][ 4097]
CThostFtdcUserApiImplBase::OnSessionDisconnected[000001E390C828A8][717357884][ 4097]
CThostFtdcUserApiImplBase::OnSessionDisconnected[000001E390C82528][717357885][ 4097]
CThostFtdcUserApiImplBase::OnSessionDisconnected[000001E390C82758][717357886][ 4097]
CThostFtdcUserApiImplBase::OnSessionDisconnected[000001E390C82368][717357887][ 4097]
CThostFtdcUserApiImplBase::OnSessionDisconnected[000001E390C828A8][717423424][ 4097]
CThostFtdcUserApiImplBase::OnSessionDisconnected[000001E390C829F8][717423425][ 4097]
CThostFtdcUserApiImplBase::OnSessionDisconnected[000001E390C829F8][717423426][ 4097]
CThostFtdcUserApiImplBase::OnSessionDisconnected[000001E390C82528][717423427][ 4097]
CThostFtdcUserApiImplBase::OnSessionDisconnected[000001E390C82528][717423428][ 4097]
CThostFtdcUserApiImplBase::OnSessionDisconnected[000001E390C82528][717423429][ 4097]
CThostFtdcUserApiImplBase::OnSessionDisconnected[000001E390C82368][717488966][ 4097]
CThostFtdcUserApiImplBase::OnSessionDisconnected[000001E390C82368][717488967][ 4097]
CThostFtdcUserApiImplBase::OnSessionDisconnected[000001E390C82368][717488968][ 4097]
CThostFtdcUserApiImplBase::OnSessionDisconnected[000001E390C82368][717488969][ 4097]
CThostFtdcUserApiImplBase::OnSessionDisconnected[000001E390C82368][717488970][ 4097]
CThostFtdcUserApiImplBase::OnSessionDisconnected[000001E390C82368][717488971][ 4097]
CThostFtdcUserApiImplBase::OnSessionDisconnected[000001E390C82368][717554508][ 4097]
CThostFtdcUserApiImplBase::OnSessionDisconnected[000001E390C829F8][717554509][ 4097]
CThostFtdcUserApiImplBase::OnSessionDisconnected[000001E390C82368][717554510][ 4097]
CThostFtdcUserApiImplBase::OnSessionDisconnected[000001E390C82368][717554511][ 4097]
CThostFtdcUserApiImplBase::OnSessionDisconnected[000001E390C82368][717554512][ 4097]
CThostFtdcUserApiImplBase::OnSessionDisconnected[000001E390C82758][717554513][ 4097]
CThostFtdcUserApiImplBase::OnSessionDisconnected[000001E390C82368][717620050][ 4097]
CThostFtdcUserApiImplBase::OnSessionDisconnected[000001E390C82368][717620051][ 4097]
CThostFtdcUserApiImplBase::OnSessionDisconnected[000001E390C82368][717620052][ 4097]
CThostFtdcUserApiImplBase::OnSessionDisconnected[000001E390C829F8][717620053][ 4097]
CThostFtdcUserApiImplBase::OnSessionDisconnected[000001E390C82368][717620054][ 4097]
CThostFtdcUserApiImplBase::OnSessionDisconnected[000001E390C82368][717620055][ 4097]
CThostFtdcUserApiImplBase::OnSessionDisconnected[000001E390C82528][717685592][ 4097]
CThostFtdcUserApiImplBase::OnSessionDisconnected[000001E390C82368][717685593][ 4097]
CThostFtdcUserApiImplBase::OnSessionDisconnected[000001E390C82368][717685594][ 4097]
CThostFtdcUserApiImplBase::OnSessionDisconnected[000001E390C826E8][717685595][ 4097]
CThostFtdcUserApiImplBase::OnSessionDisconnected[000001E390C82758][717685596][ 4097]
CThostFtdcUserApiImplBase::OnSessionDisconnected[000001E390C829F8][717751133][ 4097]
CThostFtdcUserApiImplBase::OnSessionDisconnected[000001E390C82368][717751134][ 4097]
CThostFtdcUserApiImplBase::OnSessionDisconnected[000001E390C82368][717751135][ 4097]
CThostFtdcUserApiImplBase::OnSessionDisconnected[000001E390C82368][717751136][ 4097]
CThostFtdcUserApiImplBase::OnSessionDisconnected[000001E390C82368][717751137][ 4097]
CThostFtdcUserApiImplBase::OnSessionDisconnected[000001E390C82368][717751138][ 4097]
CThostFtdcUserApiImplBase::OnSessionDisconnected[000001E390C82368][717816675][ 4097]
CThostFtdcUserApiImplBase::OnSessionDisconnected[000001E390C82368][717816676][ 4097]
CThostFtdcUserApiImplBase::OnSessionDisconnected[000001E390C82368][717816677][ 4097]
CThostFtdcUserApiImplBase::OnSessionDisconnected[000001E390C82368][717816678][ 4097]
CThostFtdcUserApiImplBase::OnSess{"evidence_version": "live-ops-evidence-v1", "account_id": "025292", "symbol": "rb2610", "disposition": "manual_review_required", "startup_disposition": "manual_review_required", "md_disposition": "manual_review_required", "td_disposition": "manual_review_required", "reconciliation_disposition": "manual_review_required", "startup_shared_flow_reuse_allowed": false, "startup_session_rotated": false, "md_restore_succeeded": false, "position_count": 0, "observed_callback_count": 0, "historical_callback_count": 0, "current_session_callback_count": 0, "available_ratio": null, "margin_ratio": null, "manual_review_codes": ["shared_startup_truth_unready", "isolated_startup_truth_unready", "startup_truth_unready", "restored_truth_unready", "missing_account_snapshot", "position_snapshot_incomplete", "missing_available_ratio", "missing_margin_ratio", "missing_account_id", "missing_account_balance"], "rebuild_required_codes": ["shared_flow_requires_isolated_rebuild"], "restore_required_codes": [], "boundary_codes": [], "evidence_only_codes": ["isolated_flow_verified", "restore_resubscribe_triggered", "no_current_session_callbacks", "flat_positions"], "bridge_command_kinds": ["connect", "connect", "connect", "subscribe_market_data", "connect", "subscribe_market_data", "connect", "connect", "connect", "connect", "connect"], "bridge_event_kinds": ["disconnected", "disconnected", "disconnected", "disconnected", "disconnected", "disconnected", "disconnected", "disconnected", "disconnected", "disconnected", "disconnected", "disconnected", "disconnected", "disconnected", "disconnected", "disconnected", "disconnected", "disconnected", "disconnected", "disconnected", "disconnected", "disconnected", "disconnected", "disconnected", "disconnected", "disconnected", "disconnected", "disconnected", "disconnected", "disconnected", "disconnected", "disconnected", "disconnected", "disconnected", "disconnected", "disconnected", "disconnected", "disconnected", "disconnected", "disconnected", "disconnected", "disconnected", "disconnected", "disconnected", "disconnected", "disconnected", "disconnected", "disconnected", "disconnected", "disconnected", "disconnected", "disconnected", "disconnected", "disconnected", "disconnected", "disconnected", "disconnected", "disconnected", "disconnected", "disconnected", "disconnected", "disconnected", "disconnected", "disconnected", "disconnected", "disconnected", "disconnected", "disconnected", "disconnected", "disconnected", "disconnected", "disconnected", "disconnected", "disconnected", "disconnected", "disconnected", "disconnected", "disconnected", "disconnected", "disconnected", "disconnected", "disconnected", "disconnected", "disconnected", "disconnected", "disconnected", "disconnected", "disconnected", "disconnected", "disconnected", "disconnected", "disconnected", "disconnected", "disconnected", "disconnected", "disconnected", "disconnected", "disconnected", "disconnected", "disconnected", "disconnected", "disconnected", "disconnected", "disconnected", "disconnected", "disconnected", "disconnected", "disconnected", "disconnected", "disconnected", "disconnected", "disconnected", "disconnected", "disconnected", "disconnected", "disconnected", "disconnected", "disconnected", "disconnected", "disconnected", "disconnected", "disconnected", "disconnected", "disconnected", "disconnected", "disconnected", "disconnected", "disconnected", "disconnected", "disconnected", "disconnected", "disconnected", "disconnected", "disconnected", "disconnected", "disconnected", "disconnected", "disconnected", "disconnected", "disconnected", "disconnected", "disconnected", "disconnected", "disconnected", "disconnected", "disconnected", "disconnected", "disconnected", "disconnected", "disconnected", "disconnected", "disconnected", "disconnected", "disconnected", "disconnected", "disconnected", "disconnected", "disconnected", "disconnected", "disconnected", "disconnected", "disconnected", "disconnected", "disconnected", "disconnected", "disconnected", "disconnected", "disconnected", "disconnected", "disconnected", "disconnected"]}
 Disconnected: 4097
TD Front Disconnected: 4097
TD Front Disconnected: 4097
TD Front Disconnected: 4097
TD Front Disconnected: 4097
TD Front Disconnected: 4097
TD Front Disconnected: 4097
TD Front Disconnected: 4097
TD Front Disconnected: 4097
TD Front Disconnected: 4097
TD Front Disconnected: 4097
TD Front Disconnected: 4097
TD Front Disconnected: 4097
TD Front Disconnected: 4097
TD Front Disconnected: 4097
TD Front Disconnected: 4097
TD Front Disconnected: 4097
TD Front Disconnected: 4097
TD Front Disconnected: 4097
TD Front Disconnected: 4097
TD Front Disconnected: 4097
TD Front Disconnected: 4097
TD Front Disconnected: 4097
TD Front Disconnected: 4097
TD Front Disconnected: 4097
TD Front Disconnected: 4097
TD Front Disconnected: 4097
TD Front Disconnected: 4097
TD Front Disconnected: 4097
TD Front Disconnected: 4097
TD Front Disconnected: 4097
TD Front Disconnected: 4097
TD Front Disconnected: 4097
TD Front Disconnected: 4097
TD Front Disconnected: 4097
TD Front Disconnected: 4097
TD Front Disconnected: 4097
TD Front Disconnected: 4097
TD Front Disconnected: 4097
TD Front Disconnected: 4097
TD Front Disconnected: 4097
TD Front Disconnected: 4097
TD Front Disconnected: 4097
TD Front Disconnected: 4097
TD Front Disconnected: 4097
TD Front Disconnected: 4097
TD Front Disconnected: 4097
TD Front Disconnected: 4097
TD Front Disconnected: 4097
TD Front Disconnected: 4097
TD Front Disconnected: 4097
TD Front Disconnected: 4097
TD Front Disconnected: 4097
TD Front Disconnected: 4097
TD Front Disconnected: 4097
TD Front Disconnected: 4097
TD Front Disconnected: 4097
TD Front Disconnected: 4097
TD Front Disconnected: 4097
TD Front Disconnected: 4097
TD Front Disconnected: 4097
TD Front Disconnected: 4097
TD Front Disconnected: 4097
TD Front Disconnected: 4097
TD Front Disconnected: 4097
TD Front Disconnected: 4097
TD Front Disconnected: 4097
TD Front Disconnected: 4097
TD Front Disconnected: 4097
TD Front Disconnected: 4097
TD Front Disconnected: 4097
TD Front Disconnected: 4097
TD Front Disconnected: 4097
TD Front Disconnected: 4097
TD Front Disconnected: 4097
TD Front Disconnected: 4097
TD Front Disconnected: 4097
TD Front Disconnected: 4097
TD Front Disconnected: 4097
TD Front Disconnected: 4097
TD Front Disconnected: 4097
TD Front Disconnected: 4097
TD Front Disconnected: 4097
TD Front Disconnected: 4097
TD Front Disconnected: 4097
TD Front Disconnected: 4097
TD Front Disconnected: 4097
TD Front Disconnected: 4097
TD Front Disconnected: 4097
TD Front Disconnected: 4097
TD Front Disconnected: 4097
TD Front Disconnected: 4097
TD Front Disconnected: 4097
TD Front Disconnected: 4097
TD Front Disconnected: 4097
TD Front Disconnected: 4097
TD Front Disconnected: 4097
TD Front Disconnected: 4097
TD Front Disconnected: 4097
TD Front Disconnected: 4097
TD Front Disconnected: 4097
TD Front Disconnected: 4097
TD Front Disconnected: 4097
TD Front Disconnected: 4097
TD Front Disconnected: 4097
TD Front Disconnected: 4097
TD Front Disconnected: 4097
TD Front Disconnected: 4097
TD Front Disconnected: 4097
TD Front Disconnected: 4097
TD Front Disconnected: 4097
TD Front Disconnected: 4097
TD Front Disconnected: 4097
TD Front Disconnected: 4097
ionDisconnected[000001E390C82758][717816679][ 4097]
CThostFtdcUserApiImplBase::OnSessionDisconnected[000001E390C82368][717816680][ 4097]
CThostFtdcUserApiImplBase::OnSessionDisconnected[000001E390C826E8][717882217][ 4097]
CThostFtdcUserApiImplBase::OnSessionDisconnected[000001E390C826E8][717882218][ 4097]
CThostFtdcUserApiImplBase::OnSessionDisconnected[000001E390C82368][717882219][ 4097]
CThostFtdcUserApiImplBase::OnSessionDisconnected[000001E390C826E8][717882220][ 4097]
CThostFtdcUserApiImplBase::OnSessionDisconnected[000001E390C82368][717882221][ 4097]
CThostFtdcUserApiImplBase::OnSessionDisconnected[000001E390C82368][717882222][ 4097]
CThostFtdcUserApiImplBase::OnSessionDisconnected[000001E390C826E8][717947759][ 4097]
CThostFtdcUserApiImplBase::OnSessionDisconnected[000001E390C82368][717947760][ 4097]
CThostFtdcUserApiImplBase::OnSessionDisconnected[000001E390C82368][717947761][ 4097]
CThostFtdcUserApiImplBase::OnSessionDisconnected[000001E390C82368][717947762][ 4097]
CThostFtdcUserApiImplBase::OnSessionDisconnected[000001E390C82368][717947763][ 4097]
CThostFtdcUserApiImplBase::OnSessionDisconnected[000001E390C82368][718013300][ 4097]
CThostFtdcUserApiImplBase::OnSessionDisconnected[000001E390C82368][718013301][ 4097]
CThostFtdcUserApiImplBase::OnSessionDisconnected[000001E390C82368][718013302][ 4097]
CThostFtdcUserApiImplBase::OnSessionDisconnected[000001E390C82758][718013303][ 4097]
CThostFtdcUserApiImplBase::OnSessionDisconnected[000001E390C82368][718013304][ 4097]
CThostFtdcUserApiImplBase::OnSessionDisconnected[000001E390C82368][718078841][ 4097]
CThostFtdcUserApiImplBase::OnSessionDisconnected[000001E390C829F8][718078842][ 4097]
CThostFtdcUserApiImplBase::OnSessionDisconnected[000001E390C82368][718078843][ 4097]
CThostFtdcUserApiImplBase::OnSessionDisconnected[000001E390C82368][718078844][ 4097]
CThostFtdcUserApiImplBase::OnSessionDisconnected[000001E390C82368][718078845][ 4097]
CThostFtdcUserApiImplBase::OnSessionDisconnected[000001E390C82758][718144382][ 4097]
CThostFtdcUserApiImplBase::OnSessionDisconnected[000001E390C82368][718144383][ 4097]
CThostFtdcUserApiImplBase::OnSessionDisconnected[000001E390C82368][718144384][    0]
ected[000001E390C822F8][710934914][ 4097]
CThostFtdcUserApiImplBase::OnSessionDisconnected[000001E390C82288][711000451][ 4097]
CThostFtdcUserApiImplBase::OnSessionDisconnected[000001E390C82288][711000452][ 4097]
CThostFtdcUserApiImplBase::OnSessionDisconnected[000001E390C82288][711000453][ 4097]
CThostFtdcUserApiImplBase::OnSessionDisconnected[000001E390C828A8][711000454][ 4097]
CThostFtdcUserApiImplBase::OnSessionDisconnected[000001E390C826E8][711000455][ 4097]
CThostFtdcUserApiImplBase::OnSessionDisconnected[000001E390C82288][711000456][ 4097]
CThostFtdcUserApiImplBase::OnSessionDisconnected[000001E390C829F8][711000457][ 4097]
CThostFtdcUserApiImplBase::OnSessionDisconnected[000001E390C826E8][711000458][ 4097]
CThostFtdcUserApiImplBase::OnSessionDisconnected[000001E390C829F8][711000459][ 4097]
CThostFtdcUserApiImplBase::OnSessionDisconnected[000001E390C827C8][711000460][ 4097]
CThostFtdcUserApiImplBase::OnSessionDisconnected[000001E390C82288][711065997][ 4097]
CThostFtdcUserApiImplBase::OnSessionDisconnected[000001E390C82288][711065998][ 4097]
CThostFtdcUserApiImplBase::OnSessionDisconnected[000001E390C82528][711065999][ 4097]
