CThostFtdcUserApiImplBase::OnSessionDisconnected[00000218C8380D78][720896001][ 4097]
CThostFtdcUserApiImplBase::OnSessionDisconnected[00000218C8380D78][720961538][ 4097]
CThostFtdcUserApiImplBase::OnSessionDisconnected[00000218C8380D78][720961539][ 4097]
CThostFtdcUserApiImplBase::OnSessionDisconnected[00000218C8380D78][720961540][ 4097]
CThostFtdcUserApiImplBase::OnSessionDisconnected[00000218C8380D78][720961541][ 4097]
CThostFtdcUserApiImplBase::OnSessionDisconnected[00000218C8380D78][720961542][ 4097]
CThostFtdcUserApiImplBase::OnSessionDisconnected[00000218C8380DE8][720961543][ 4097]
CThostFtdcUserApiImplBase::OnSessionDisconnected[00000218C8380D78][721027080][ 4097]
CThostFtdcUserApiImplBase::OnSessionDisconnected[00000218C8380D78][721027081][ 4097]
CThostFtdcUserApiImplBase::OnSessionDisconnected[00000218C8380D78][721027082][ 4097]
CThostFtdcUserApiImplBase::OnSessionDisconnected[00000218C8380DE8][721027083][ 4097]
CThostFtdcUserApiImplBase::OnSessionDisconnected[00000218C8380D78][721027084][ 4097]
CThostFtdcUserApiImplBase::OnSessionDisconnected[00000218C8380D78][721027085][ 4097]
CThostFtdcUserApiImplBase::OnSessionDisconnected[00000218C8380D78][721092622][ 4097]
CThostFtdcUserApiImplBase::OnSessionDisconnected[00000218C8380D78][721092623][ 4097]
CThostFtdcUserApiImplBase::OnSessionDisconnected[00000218C8380D78][721092624][ 4097]
CThostFtdcUserApiImplBase::OnSessionDisconnected[00000218C8380D78][721092625][ 4097]
CThostFtdcUserApiImplBase::OnSessionDisconnected[00000218C8380D78][721092626][ 4097]
CThostFtdcUserApiImplBase::OnSessionDisconnected[00000218C8380D78][721092627][ 4097]
CThostFtdcUserApiImplBase::OnSessionDisconnected[00000218C8380D78][721158164][ 4097]
CThostFtdcUserApiImplBase::OnSessionDisconnected[00000218C8380D78][721158165][ 4097]
CThostFtdcUserApiImplBase::OnSessionDisconnected[00000218C8380D78][721158166][ 4097]
CThostFtdcUserApiImplBase::OnSessionDisconnected[00000218C8380D78][721158167][ 4097]
CThostFtdcUserApiImplBase::OnSessionDisconnected[00000218C8380D78][721158168][ 4097]
CThostFtdcUserApiImplBase::OnSessionDisconnected[00000218C8380D78][721158169][ 4097]
CThostFtdcUserApiImplBase::OnSessionDisconnected[00000218C8380D78][721158170][ 4097]
CThostFtdcUserApiImplBase::OnSessionDisconnected[00000218C8380D78][721158171][ 4097]
CThostFtdcUserApiImplBase::OnSessionDisconnected[00000218C8380D78][721223708][ 4097]
CThostFtdcUserApiImplBase::OnSessionDisconnected[00000218C8380D78][721223709][ 4097]
CThostFtdcUserApiImplBase::OnSessionDisconnected[00000218C8380D78][721223710][ 4097]
CThostFtdcUserApiImplBase::OnSessionDisconnected[00000218C8380D78][721223711][ 4097]
CThostFtdcUserApiImplBase::OnSessionDisconnected[00000218C8380D78][721223712][ 4097]
CThostFtdcUserApiImplBase::OnSessionDisconnected[00000218C8380D78][721223713][ 4097]
CThostFtdcUserApiImplBase::OnSessionDisconnected[00000218C8380DE8][721223714][ 4097]
CThostFtdcUserApiImplBase::OnSessionDisconnected[00000218C8380D78][721223715][ 4097]
CThostFtdcUserApiImplBase::OnSessionDisconnected[00000218C8380D78][721289252][ 4097]
CThostFtdcUserApiImplBase::OnSessionDisconnected[00000218C8380D78][721289253][ 4097]
CThostFtdcUserApiImplBase::OnSessionDisconnected[00000218C8380D78][721289254][ 4097]
CThostFtdcUserApiImplBase::OnSessionDisconnected[00000218C8380D78][721289255][ 4097]
CThostFtdcUserApiImplBase::OnSessionDisconnected[00000218C8380D78][721289256][ 4097]
CThostFtdcUserApiImplBase::OnSessionDisconnected[00000218C8380D78][721289257][ 4097]
CThostFtdcUserApiImplBase::OnSessionDisconnected[00000218C8380D78][721289258][ 4097]
CThostFtdcUserApiImplBase::OnSessionDisconnected[00000218C8380D78][721289259][ 4097]
CThostFtdcUserApiImplBase::OnSessionDisconnected[00000218C8380D78][721354796][ 4097]
CThostFtdcUserApiImplBase::OnSessionDisconnected[00000218C8380D78][721354797][ 4097]
CThostFtdcUserApiImplBase::OnSessionDisconnected[00000218C8380D78][721354798][ 4097]
CThostFtdcUserApiImplBase::OnSessionDisconnected[00000218C8380D78][721354799][ 4097]
CThostFtdcUserApiImplBase::OnSessionDisconnected[00000218C8380D78][721354800][ 4097]
CThostFtdcUserApiImplBase::OnSessionDisconnected[00000218C8380D78][721354801][ 4097]
CThostFtdcUserApiImplBase::OnSessionDisconnected[00000218C8380D78][721354802][ 4097]
CThostFtdcUserApiImplBase::OnSessionDisconnected[00000218C8380D78][721354803][ 4097]
CThostFtdcUserApiImplBase::OnSessionDisconnected[00000218C8380D78][721420340][ 4097]
CThostFtdcUserApiImplBase::OnSessionDisconnected[00000218C8380D78][721420341][ 4097]
CThostFtdcUserApiImplBase::OnSessionDisconnected[00000218C8380D78][721420342][ 4097]
CThostFtdcUserApiImplBase::OnSessionDisconnected[00000218C8380D78][721420343][ 4097]
CThostFtdcUserApiImplBase::OnSessionDisconnected[00000218C8380D78][721420344][ 4097]
CThostFtdcUserApiImplBase::OnSessionDisconnected[00000218C8380D78][721420345][ 4097]
CThostFtdcUserApiImplBase::OnSessionDisconnected[00000218C8380D78][721420346][ 4097]
CThostFtdcUserApiImplBase::OnSessionDisconnected[00000218C8380D78][721420347][ 4097]
CThostFtdcUserApiImplBase::OnSessionDisconnected[00000218C8380D78][721485884][ 4097]
CThostFtdcUserApiImplBase::OnSessionDisconnected[00000218C8380D78][721485885][ 4097]
CThostFtdcUserApiImplBase::OnSessionDisconnected[00000218C8380D78][721485886][ 4097]
CThostFtdcUserApiImplBase::OnSessionDisconnected[00000218C8380D78][721485887][ 4097]
CThostFtdcUserApiImplBase::OnSessionDisconnected[00000218C8380D78][721485888][ 4097]
CThostFtdcUserApiImplBase::OnSessionDisconnected[00000218C8380D78][721485889][ 4097]
CThostFtdcUserApiImplBase::OnSessionDisconnected[00000218C8380D78][721485890][ 4097]
CThostFtdcUserApiImplBase::OnSessionDisconnected[00000218C8380D78][721485891][ 4097]
CThostFtdcUserApiImplBase::OnSessionDisconnected[00000218C8380D78][721485892][ 4097]
CThostFtdcUserApiImplBase::OnSessionDisconnected[00000218C8380D78][721485893][ 4097]
CThostFtdcUserApiImplBase::OnSessionDisconnected[00000218C8380D78][721551430][ 4097]
CThostFtdcUserApiImplBase::OnSessionDisconnected[00000218C8380DE8][721551431][ 4097]
CThostFtdcUserApiImplBase::OnSessionDisconnected[00000218C8380D78][721551432][ 4097]
CThostFtdcUserApiImplBase::OnSessionDisconnected[00000218C8380D78][721551433][ 4097]
CThostFtdcUserApiImplBase::OnSessionDisconnected[00000218C8380D78][721551434][ 4097]
CThostFtdcUserApiImplBase::OnSessionDisconnected[00000218C8380D78][721551435][ 4097]
CThostFtdcUserApiImplBase::OnSessionDisconnected[00000218C8380D78][721551436][ 4097]
CThostFtdcUserApiImplBase::OnSessionDisconnected[00000218C8380D78][721551437][ 4097]
CThostFtdcUserApiImplBase::OnSessionDisconnected[00000218C8380D78][721551438][ 4097]
CThostFtdcUserApiImplBase::OnSessionDisconnected[00000218C8380D78][721551439][ 4097]
CThostFtdcUserApiImplBase::OnSessionDisconnected[00000218C8380D78][721616976][ 4097]
CThostFtdcUserApiImplBase::OnSessionDisconnected[00000218C8380D78][721616977][ 4097]
CThostFtdcUserApiImplBase::OnSessionDisconnected[00000218C8380D78][721616978][ 4097]
CThostFtdcUserApiImplBase::OnSessionDisconnected[00000218C8380D78][721616979][ 4097]
CThostFtdcUserApiImplBase::OnSessionDisconnected[00000218C8380D78][721616980][ 4097]
CThostFtdcUserApiImplBase::OnSessionDisconnected[00000218C8380D78][721616981][ 4097]
CThostFtdcUserApiImplBase::OnSessionDisconnected[00000218C8380D78][721616982][ 4097]
CThostFtdcUserApiImplBase::OnSessionDisconnected[00000218C8380D78][721616983][ 4097]
CThostFtdcUserApiImplBase::OnSessionDisconnected[00000218C8380D78][721616984][ 4097]
CThostFtdcUserApiImplBase::OnSessionDisconnected[00000218C8380D78][721682521][ 4097]
CThostFtdcUserApiImplBase::OnSessionDisconnected[00000218C8380D78][721682522][ 4097]
CThostFtdcUserApiImplBase::OnSessionDisconnected[00000218C8380D78][721682523][ 4097]
CThostFtdcUserApiImplBase::OnSessionDisconnected[00000218C8380D78][721682524][ 4097]
CThostFtdcUserApiImplBase::OnSessionDisconnected[00000218C8380D78][721682525][ 4097]
CThostFtdcUserApiImplBase::OnSessionDisconnected[00000218C8380D78][721682526][ 4097]
CThostFtdcUserApiImplBase::OnSessionDisconnected[00000218C8380D78][721682527][ 4097]
CThostFtdcUserApiImplBase::OnSessionDisconnected[00000218C8380D78][721682528][ 4097]
CThostFtdcUserApiImplBase::OnSessionDisconnected[00000218C8380D78][721682529][ 4097]
CThostFtdcUserApiImplBase::OnSessionDisconnected[00000218C8380D78][721682530][ 4097]
CThostFtdcUserApiImplBase::OnSessionDisconnected[00000218C8380D78][721748067][ 4097]
CThostFtdcUserApiImplBase::OnSessionDisconnected[00000218C8380D78][721748068][ 4097]
CThostFtdcUserApiImplBase::OnSessionDisconnected[00000218C8380D78][721748069][ 4097]
CThostFtdcUserApiImplBase::OnSessionDisconnected[00000218C8380D78][721748070][ 4097]
CThostFtdcUserApiImplBase::OnSessionDisconnected[00000218C8380D78][721748071][ 4097]
CThostFtdcUserApiImplBase::OnSessionDisconnected[00000218C8380D78][721748072][ 4097]
CThostFtdcUserApiImplBase::OnSessionDisconnected[00000218C8380D78][721748073][ 4097]
CThostFtdcUserApiImplBase::OnSessionDisconnected[00000218C8380D78][721748074][ 4097]
CThostFtdcUserApiImplBase::OnSessionDisconnected[00000218C8380D78][721748075][ 4097]
CThostFtdcUserApiImplBase::OnSessionDisconnected[00000218C8380D78][721813612][ 4097]
CThostFtdcUserApiImplBase::OnSessionDisconnected[00000218C8380D78][721813613][ 4097]
CThostFtdcUserApiImplBase::OnSessionDisconnected[00000218C8380D78][721813614][ 4097]
CThostFtdcUserApiImplBase::OnSessionDisconnected[00000218C8380D78][721813615][ 4097]
CThostFtdcUserApiImplBase::OnSessionDisconnected[00000218C8380D78][721813616][ 4097]
CThostFtdcUserApiImplBase::OnSessionDisconnected[00000218C8380D78][721813617][ 4097]
CThostFtdcUserApiImplBase::OnSessionDisconnected[00000218C8380D78][721813618][ 4097]
CThostFtdcUserApiImplBase::OnSessionDisconnected[00000218C8380D78][721813619][ 4097]
CThostFtdcUserApiImplBase::OnSessionDisconnected[00000218C8380D78][721879156][ 4097]
CThostFtdcUserApiImplBase::OnSessionDisconnected[00000218C8380D78][721879157][ 4097]
CThostFtdcUserApiImplBase::OnSessionDisconnected[00000218C8380D78][721879158][ 4097]
CThostFtdcUserApiImplBase::OnSessionDisconnected[00000218C8380D78][721879159][ 4097]
CThostFtdcUserApiImplBase::OnSessionDisconnected[00000218C8380D78][721879160][ 4097]
CThostFtdcUserApiImplBase::OnSessionDisconnected[00000218C8380D78][721879161][ 4097]
CThostFtdcUserApiImplBase::OnSessionDisconnected[00000218C8380D78][721879162][ 4097]
CThostFtdcUserApiImplBase::OnSessionDisconnected[00000218C8380D78][721879163][ 4097]
CThostFtdcUserApiImplBase::OnSessionDisconnected[00000218C8380D78][721944700][ 4097]
CThostFtdcUserApiImplBase::OnSessionDisconnected[00000218C8380D78][721944701][ 4097]
CThostFtdcUserApiImplBase::OnSessionDisconnected[00000218C8380D78][721944702][ 4097]
CThostFtdcUserApiImplBase::OnSessionDisconnected[00000218C8380D78][721944703][ 4097]
CThostFtdcUserApiImplBase::OnSessionDisconnected[00000218C8380D78][721944704][ 4097]
CThostFtdcUserApiImplBase::OnSessionDisconnected[00000218C8380D78][721944705][ 4097]
CThostFtdcUserApiImplBase::OnSessionDisconnected[00000218C8380D78][721944706][ 4097]
CThostFtdcUserApiImplBase::OnSessionDisconnected[00000218C8380D78][722010243][ 4097]
CThostFtdcUserApiImplBase::OnSessionDisconnected[00000218C8380D78][722010244][ 4097]
CThostFtdcUserApiImplBase::OnSessionDisconnected[00000218C8380D78][722010245][ 4097]
CThostFtdcUserApiImplBase::OnSessionDisconnected[00000218C8380D78][722010246][ 4097]
CThostFtdcUserApiImplBase::OnSessionDisconnected[00000218C8380D78][722010247][ 4097]
CThostFtdcUserApiImplBase::OnSessionDisconnected[00000218C8380D78][722010248][ 4097]
CThostFtdcUserApiImplBase::OnSessionDisconnected[00000218C8380D78][722075785][ 4097]
CThostFtdcUserApiImplBase::OnSessionDisconnected[00000218C8380D78][722075786][ 4097]
CThostFtdcUserApiImplBase::OnSessionDisconnected[00000218C8380D78][722075787][ 4097]
CThostFtdcUserApiImplBase::OnSessionDisconnected[00000218C8380D78][722075788][ 4097]
CThostFtdcUserApiImplBase::OnSessionDisconnected[00000218C8380D78][722075789][ 4097]
CThostFtdcUserApiImplBase::OnSessionDisconnected[00000218C8380D78][722075790][ 4097]
CThostFtdcUserApiImplBase::OnSessionDisconnected[00000218C8380D78][722075791][ 4097]
CThostFtdcUserApiImplBase::OnSessionDisconnected[00000218C8380D78][722141328][ 4097]
CThostFtdcUserApiImplBase::OnSessionDisconnectedTD Front Disconnected: 4097
TD Front Disconnected: 4097
TD Front Disconnected: 4097
TD Front Disconnected: 4097
TD Front Disconnected: 4097
TD Front Disconnected: 4097
TD Front Disconnected: 4097
TD Front Disconnected: 4097
TD Front Disconnected: 4097
TD Front Disconnected: 4097
TD Front Disconnected: 4097
TD Front Disconnected: 4097
TD Front Disconnected: 4097
TD Front Disconnected: 4097
TD Front Disconnected: 4097
TD Front Disconnected: 4097
TD Front Disconnected: 4097
TD Front Disconnected: 4097
TD Front Disconnected: 4097
TD Front Disconnected: 4097
TD Front Disconnected: 4097
TD Front Disconnected: 4097
TD Front Disconnected: 4097
TD Front Disconnected: 4097
TD Front Disconnected: 4097
TD Front Disconnected: 4097
TD Front Disconnected: 4097
TD Front Disconnected: 4097
TD Front Disconnected: 4097
TD Front Disconnected: 4097
TD Front Disconnected: 4097
TD Front Disconnected: 4097
TD Front Disconnected: 4097
TD Front Disconnected: 4097
TD Front Disconnected: 4097
TD Front Disconnected: 4097
TD Front Disconnected: 4097
TD Front Disconnected: 4097
TD Front Disconnected: 4097
TD Front Disconnected: 4097
TD Front Disconnected: 4097
TD Front Disconnected: 4097
TD Front Disconnected: 4097
TD Front Disconnected: 4097
TD Front Disconnected: 4097
TD Front Disconnected: 4097
TD Front Disconnected: 4097
TD Front Disconnected: 4097
TD Front Disconnected: 4097
TD Front Disconnected: 4097
TD Front Disconnected: 4097
TD Front Disconnected: 4097
TD Front Disconnected: 4097
TD Front Disconnected: 4097
TD Front Disconnected: 4097
TD Front Disconnected: 4097
TD Front Disconnected: 4097
TD Front Disconnected: 4097
TD Front Disconnected: 4097
TD Front Disconnected: 4097
TD Front Disconnected: 4097
TD Front Disconnected: 4097
TD Front Disconnected: 4097
TD Front Disconnected: 4097
TD Front Disconnected: 4097
TD Front Disconnected: 4097
TD Front Disconnected: 4097
TD Front Disconnected: 4097
TD Front Disconnected: 4097
TD Front Disconnected: 4097
TD Front Disconnected: 4097
TD Front Disconnected: 4097
TD Front Disconnected: 4097
TD Front Disconnected: 4097
TD Front Disconnected: 4097
TD Front Disconnected: 4097
TD Front Disconnected: 4097
TD Front Disconnected: 4097
TD Front Disconnected: 4097
TD Front Disconnected: 4097
TD Front Disconnected: 4097
TD Front Disconnected: 4097
TD Front Disconnected: 4097
TD Front Disconnected: 4097
TD Front Disconnected: 4097
TD Front Disconnected: 4097
TD Front Disconnected: 4097
TD Front Disconnected: 4097
TD Front Disconnected: 4097
TD Front Disconnected: 4097
TD Front Disconnected: 4097
TD Front Disconnected: 4097
TD Front Disconnected: 4097
TD Front Disconnected: 4097
TD Front Disconnected: 4097
TD Front Disconnected: 4097
TD Front Disconnected: 4097
TD Front Disconnected: 4097
TD Front Disconnected: 4097
TD Front Disconnected: 4097
TD Front Disconnected: 4097
TD Front Disconnected: 4097
TD Front Disconnected: 4097
TD Front Disconnected: 4097
TD Front Disconnected: 4097
TD Front Disconnected: 4097
TD Front Disconnected: 4097
TD Front Disconnected: 4097
TD Front Disconnected: 4097
TD Front Disconnected: 4097
TD Front Disconnected: 4097
TD Front Disconnected: 4097
TD Front Disconnected: 4097
TD Front Disconnected: 4097
TD Front Disconnected: 4097
TD Front Disconnected: 4097
TD Front Disconnected: 4097
TD Front Disconnected: 4097
TD Front Disconnected: 4097
TD Front Disconnected: 4097
TD Front Disconnected: 4097
TD Front Disconnected: 4097
TD Front Disconnected: 4097
TD Front Disconnected: 4097
TD Front Disconnected: 4097
TD Front Disconnected: 4097
TD Front Disconnected: 4097
TD Front Disconnected: 4097
TD Front Disconnected: 4097
TD Front Disconnected: 4097
TD Front Disconnected: 4097
TD Front Disconnected: 4097
TD Front Disconnected: 4097
TD Front Disconnected: 4097
TD Front Disconnected: 4097
TD Front Disconnected: 4097
TD Front Disconnected: 4097
TD Front Disconnected: 4097
TD Front Disconnected: 4097
TD Front Disconnected: 4097
TD Front Disconnected: 4097
TD Front Disconnected: 4097
TD Front Disconnected: 4097
TD Front Disconnected: 4097
TD Front Disconnected: 4097
TD Front Disconnected: 4097
TD Front[00000218C8380D78][722141329][ 4097]
CThostFtdcUserApiImplBase::OnSessionDisconnected[00000218C8380D78][722141330][ 4097]
CThostFtdcUserApiImplBase::OnSessionDisconnected[00000218C8380D78][722141331][ 4097]
CThostFtdcUserApiImplBase::OnSessionDisconnected[00000218C8380D78][722141332][ 4097]
CThostFtdcUserApiImplBase::OnSessionDisconnected[00000218C8380D78][722141333][ 4097]
CThostFtdcUserApiImplBase::OnSessionDisconnected[00000218C8380D78][722141334][ 4097]
CThostFtdcUserApiImplBase::OnSessionDisconnected[00000218C8380D78][722206871][ 4097]
CThostFtdcUserApiImplBase::OnSessionDisconnected[00000218C8380D78][722206872][ 4097]
CThostFtdcUserApiImplBase::OnSessionDisconnected[00000218C8380D78][722206873][ 4097]
CThostFtdcUserApiImplBase::OnSessionDisconnected[00000218C8380D78][722206874][ 4097]
CThostFtdcUserApiImplBase::OnSessionDisconnected[00000218C8380D78][722206875][ 4097]
CThostFtdcUserApiImplBase::OnSessionDisconnected[00000218C8380D78][722206876][ 4097]
CThostFtdcUserApiImplBase::OnSessionDisconnected[00000218C8380D78][722206877][ 4097]
CThostFtdcUserApiImplBase::OnSessionDisconnected[00000218C8380D78][722206878][ 4097]
CThostFtdcUserApiImplBase::OnSessionDisconnected[00000218C8380D78][722272415][ 4097]
CThostFtdcUserApiImplBase::OnSessionDisconnected[00000218C8380D78][722272416][ 4097]
CThostFtdcUserApiImplBase::OnSessionDisconnected[00000218C8380D78][722272417][ 4097]
CThostFtdcUserApiImplBase::OnSessionDisconnected[00000218C8380D78][722272418][ 4097]
CThostFtdcUserApiImplBase::OnSessionDisconnected[00000218C8380D78][722272419][ 4097]
CThostFtdcUserApiImplBase::OnSessionDisconnected[00000218C8380D78][722272420][ 4097]
CThostFtdcUserApiImplBase::OnSessionDisconnected[00000218C8380D78][722272421][    0]
CThostFtdcUserApiImplBase::OnSessionDisconnected[00000218C8380DE8][722337958][ 4097]
CThostFtdcUserApiImplBase::OnSessionDisconnected[00000218C8380DE8][722337959][ 4097]
CThostFtdcUserApiImplBase::OnSessionDisconnected[00000218C837B768][722337960][ 4097]
CThostFtdcUserApiImplBase::OnSessionDisconnected[00000218C837BCA8][722337961][ 4097]
CThostFtdcUserApiImplBase::OnSessionDisconnected[00000218C837BBC8][722403498][ 4097]
CThostFtdcUserApiImplBase::OnSessionDisconnected[00000218C837BC38][722403499][ 4097]
CThostFtdcUserApiImplBase::OnSessionDisconnected[00000218C837B998][722403500][ 4097]
CThostFtdcUserApiImplBase::OnSessionDisconnected[00000218C837B8B8][722403501][ 4097]
CThostFtdcUserApiImplBase::OnSessionDisconnected[00000218C837B848][722403502][ 4097]
CThostFtdcUserApiImplBase::OnSessionDisconnected[00000218C837BBC8][722403503][ 4097]
CThostFtdcUserApiImplBase::OnSessionDisconnected[00000218C837B998][722403504][ 4097]
CThostFtdcUserApiImplBase::OnSessionDisconnected[00000218C837BD88][722403505][ 4097]
CThostFtdcUserApiImplBase::OnSessionDisconnected[00000218C837B928][722469042][ 4097]
CThostFtdcUserApiImplBase::OnSessionDisconnected[00000218C837BBC8][722469043][ 4097]
CThostFtdcUserApiImplBase::OnSessionDisconnected[00000218C837B6F8][722469044][ 4097]
CThostFtdcUserApiImplBase::OnSessionDisconnected[00000218C837BBC8][722469045][ 4097]
CThostFtdcUserApiImplBase::OnSessionDisconnected[00000218C837B8B8][722469046][ 4097]
CThostFtdcUserApiImplBase::OnSessionDisconnected[00000218C837B6F8][722469047][ 4097]
CThostFtdcUserApiImplBase::OnSessionDisconnected[00000218C837BCA8][722469048][ 4097]
CThostFtdcUserApiImplBase::OnSessionDisconnected[00000218C837B998][722534585][ 4097]
CThostFtdcUserApiImplBase::OnSessionDisconnected[00000218C837B8B8][722534586][ 4097]
CThostFtdcUserApiImplBase::OnSessionDisconnected[00000218C837B7D8][722534587][ 4097]
CThostFtdcUserApiImplBase::OnSessionDisconnected[00000218C837B7D8][722534588][ 4097]
CThostFtdcUserApiImplBase::OnSessionDisconnected[00000218C837BA08][722534589][ 4097]
CThostFtdcUserApiImplBase::OnSessionDisconnected[00000218C837B998][722534590][ 4097]
CThostFtdcUserApiImplBase::OnSessionDisconnected[00000218C837B768][722534591][ 4097]
CThostFtdcUserApiImplBase::OnSessionDisconnected[00000218C837B768][722600128][ 4097]
CThostFtdcUserApiImplBase::OnSessionDisconnected[00000218C837B7D8][722600129][ 4097]
CThostFtdcUserApiImplBase::OnSessionDisconnected[00000218C837BBC8][722600130][ 4097]
CThostFtdcUserApiImplBase::OnSessionDisconnected[00000218C837B6F8][722600131][ 4097]
CThostFtdcUserApiImplBase::OnSessionDisconnected[00000218C837BBC8][722600132][ 4097]
CThostFtdcUserApiImplBase::OnSessionDisconnected[00000218C837BC38][722600133][ 4097]
CThostFtdcUserApiImplBase::OnSessionDisconnected[00000218C837B6F8][722600134][ 4097]
CThostFtdcUserApiImplBase::OnSessionDisconnected[00000218C837BD88][722600135][ 4097]
CThostFtdcUserApiImplBase::OnSessionDisconnected[00000218C837BAE8][722665672][ 4097]
CThostFtdcUserApiImplBase::OnSessionDisconnected[00000218C837BA78][722665673][ 4097]
CThostFtdcUserApiImplBase::OnSessionDisconnected[00000218C837B6F8][722665674][ 4097]
CThostFtdcUserApiImplBase::OnSessionDisconnected[00000218C837BA08][722665675][ 4097]
CThostFtdcUserApiImplBase::OnSessionDisconnected[00000218C837B7D8][722665676][ 4097]
CThostFtdcUserApiImplBase::OnSessionDisconnected[00000218C837B768][722665677][ 4097]
CThostFtdcUserApiImplBase::OnSessionDisconnected[00000218C837BBC8][722731214][ 4097]
CThostFtdcUserApiImplBase::OnSessionDisconnected[00000218C837B848][722731215][ 4097]
CThostFtdcUserApiImplBase::OnSessionDisconnected[00000218C837BA78][722731216][ 4097]
CThostFtdcUserApiImplBase::OnSessionDisconnected[00000218C837B768][722731217][ 4097]
CThostFtdcUserApiImplBase::OnSessionDisconnected[00000218C837B768][722731218][ 4097]
CThostFtdcUserApiImplBase::OnSessionDisconnected[00000218C837B848][722731219][ 4097]
CThostFtdcUserApiImplBase::OnSessionDisconnected[00000218C837BCA8][722731220][ 4097]
CThostFtdcUserApiImplBase::OnSessionDisconnected[00000218C837BBC8][722731221][ 4097]
CThostFtdcUserApiImplBase::OnSessionDisconnected[00000218C837BD88][722796758][ 4097]
CThostFtdcUserApiImplBase::OnSessionDisconnected[00000218C837BD88][722796759][ 4097]
CThostFtdcUserApiImplBase::OnSessionDisconnected[00000218C837B998][722796760][ 4097]
CThostFtdcUserApiImplBase::OnSessionDisconnected[00000218C837BCA8][722796761][ 4097]
CThostFtdcUserApiImplBase::OnSessionDisconnected[00000218C837B768][722796762][ 4097]
CThostFtdcUserApiImplBase::OnSessionDisconnected[00000218C837B928][722796763][ 4097]
CThostFtdcUserApiImplBase::OnSessionDisconnected[00000218C837B998][722796764][ 4097]
CThostFtdcUserApiImplBase::OnSessionDisconnected[00000218C837BA08][722862301][ 4097]
CThostFtdcUserApiImplBase::OnSessionDisconnected[00000218C837BBC8][722862302][ 4097]
CThostFtdcUserApiImplBase::OnSessionDisconnected[00000218C837BAE8][722862303][ 4097]
CThostFtdcUserApiImplBase::OnSessionDisconnected[00000218C837BBC8][722862304][ 4097]
CThostFtdcUserApiImplBase::OnSessionDisconnected[00000218C837B998][722862305][ 4097]
CThostFtdcUserApiImplBase::OnSessionDisconnected[00000218C837B768][722862306][ 4097]
CThostFtdcUserApiImplBase::OnSessionDisconnected[00000218C837BC38][722862307][ 4097]
CThostFtdcUserApiImplBase::OnSessionDisconnected[00000218C837BD88][722862308][ 4097]
CThostFtdcUserApiImplBase::OnSessionDisconnected[00000218C837BBC8][722927845][ 4097]
CThostFtdcUserApiImplBase::OnSessionDisconnected[00000218C837B928][722927846][ 4097]
CThostFtdcUserApiImplBase::OnSessionDisconnected[00000218C837BA08][722927847][ 4097]
CThostFtdcUserApiImplBase::OnSessionDisconnected[00000218C837BCA8][722927848][ 4097]
CThostFtdcUserApiImplBase::OnSessionDisconnected[00000218C837BC38][722927849][ 4097]
CThostFtdcUserApiImplBase::OnSessionDisconnected[00000218C837B848][722927850][ 4097]
CThostFtdcUserApiImplBase::OnSessionDisconnected[00000218C837BAE8][722927851][ 4097]
CThostFtdcUserApiImplBase::OnSessionDisconnected[00000218C837BAE8][722993388][ 4097]
CThostFtdcUserApiImplBase::OnSessionDisconnected[00000218C837B6F8][722993389][ 4097]
CThostFtdcUserApiImplBase::OnSessionDisconnected[00000218C837B998][722993390][ 4097]
CThostFtdcUserApiImplBase::OnSessionDisconnected[00000218C837BCA8][722993391][ 4097]
CThostFtdcUserApiImplBase::OnSessionDisconnected[00000218C837B848][722993392][ 4097]
CThostFtdcUserApiImplBase::OnSessionDisconnected[00000218C837B7D8][722993393][ 4097]
CThostFtdcUserApiImplBase::OnSessionDisconnected[00000218C837BD88][722993394][ 4097]
CThostFtdcUserApiImplBase::OnSessionDisconnected[00000218C837B6F8][723058931][ 4097]
CThostFtdcUserApiImplBase::OnSessionDisconnected[00000218C837B8B8][723058932][ 4097]
CThostFtdcUserApiImplBase::OnSessionDisconnected[00000218C837B6F8][723058933][ 4097]
CThostFtdcUserApiImplBase::OnSessionDisconnected[00000218C837BA08][723058934][ 4097]
CThostFtdcUserApiImplBase::OnSessionDisconnected[00000218C837B7D8][723058935][ 4097]
CThostFtdcUserApiImplBase::OnSessionDisconnected[00000218C837B6F8][723058936][ 4097]
CThostFtdcUserApiImplBase::OnSessionDisconnected[00000218C837B7D8][723124473][ 4097]
CThostFtdcUserApiImplBase::OnSessionDisconnected[00000218C837BAE8][723124474][ 4097]
CThostFtdcUserApiImplBase::OnSessionDisconnected[00000218C837B998][723124475][ 4097]
CThostFtdcUserApiImplBase::OnSessionDisconnected[00000218C837BD88][723124476][ 4097]
CThostFtdcUserApiImplBase::OnSessionDisconnected[00000218C837BA78][723124477][ 4097]
CThostFtdcUserApiImplBase::OnSessionDisconnected[00000218C837BCA8][723124478][ 4097]
CThostFtdcUserApiImplBase::OnSessionDisconnected[00000218C837B6F8][723124479][ 4097]
CThostFtdcUserApiImplBase::OnSessionDisconnected[00000218C837BA08][723190016][ 4097]
CThostFtdcUserApiImplBase::OnSessionDisconnected[00000218C837B7D8][723190017][ 4097]
CThostFtdcUserApiImplBase::OnSessionDisconnected[00000218C837B8B8][723190018][ 4097]
CThostFtdcUserApiImplBase::OnSessionDisconnected[00000218C837BA08][723190019][ 4097]
CThostFtdcUserApiImplBase::OnSessionDisconnected[00000218C837BBC8][723190020][ 4097]
CThostFtdcUserApiImplBase::OnSessionDisconnected[00000218C837B8B8][723190021][ 4097]
CThostFtdcUserApiImplBase::OnSessionDisconnected[00000218C837BBC8][723190022][ 4097]
CThostFtdcUserApiImplBase::OnSessionDisconnected[00000218C837BBC8][723190023][ 4097]
CThostFtdcUserApiImplBase::OnSessionDisconnected[00000218C837BCA8][723255560][ 4097]
CThostFtdcUserApiImplBase::OnSessionDisconnected[00000218C837BA08][723255561][ 4097]
CThostFtdcUserApiImplBase::OnSessionDisconnected[00000218C837BCA8][723255562][ 4097]
CThostFtdcUserApiImplBase::OnSessionDisconnected[00000218C837BBC8][723255563][ 4097]
CThostFtdcUserApiImplBase::OnSessionDisconnected[00000218C837B8B8][723255564][ 4097]
CThostFtdcUserApiImplBase::OnSessionDisconnected[00000218C837BBC8][723255565][ 4097]
CThostFtdcUserApiImplBase::OnSessionDisconnected[00000218C837BC38][723255566][ 4097]
CThostFtdcUserApiImplBase::OnSessionDisconnected[00000218C837B848][723321103][ 4097]
CThostFtdcUserApiImplBase::OnSessionDisconnected[00000218C837BD88][723321104][ 4097]
CThostFtdcUserApiImplBase::OnSessionDisconnected[00000218C837B998][723321105][ 4097]
CThostFtdcUserApiImplBase::OnSessionDisconnected[00000218C837BD88][723321106][ 4097]
CThostFtdcUserApiImplBase::OnSessionDisconnected[00000218C837BA78][723321107][ 4097]
CThostFtdcUserApiImplBase::OnSessionDisconnected[00000218C837BCA8][723321108][ 4097]
CThostFtdcUserApiImplBase::OnSessionDisconnected[00000218C837BBC8][723321109][ 4097]
CThostFtdcUserApiImplBase::OnSessionDisconnected[00000218C837BBC8][723386646][ 4097]
CThostFtdcUserApiImplBase::OnSessionDisconnected[00000218C837BAE8][723386647][ 4097]
CThostFtdcUserApiImplBase::OnSessionDisconnected[00000218C837BA08][723386648][ 4097]
CThostFtdcUserApiImplBase::OnSessionDisconnected[00000218C837B848][723386649][ 4097]
CThostFtdcUserApiImplBase::OnSessionDisconnected[00000218C837B998][723386650][ 4097]
CThostFtdcUserApiImplBase::OnSessionDisconnected[00000218C837B928][723386651][ 4097]
CThostFtdcUserApiImplBase::OnSessionDisconnected[00000218C837B7D8][723452188][ 4097]
CThostFtdcUserApiImplBase::OnSessionDisconnected[00000218C837B7D8][723452189][ 4097]
CThostFtdcUserApiImplBase::OnSessionDisconnected[00000218C837BA08][723452190][ 4097]
CThostFtdcUserApiImplBase::OnSessionDisconnected[00000218C837B998][723452191][ 4097]
CThostFtdcUserApiImplBase::OnSessionDisconnected[00000218C837B768][723452192][ 4097]
CThostFtdcUserApiImplBase::OnSessionDisconnected[00000218C837BC38][723452193][ 4097]
CThostFtdcU Disconnected: 4097
TD Front Disconnected: 4097
TD Front Disconnected: 4097
TD Front Disconnected: 4097
TD Front Disconnected: 4097
TD Front Disconnected: 4097
TD Front Disconnected: 4097
TD Front Disconnected: 4097
TD Front Disconnected: 4097
TD Front Disconnected: 4097
TD Front Disconnected: 4097
TD Front Disconnected: 4097
TD Front Disconnected: 4097
TD Front Disconnected: 4097
TD Front Disconnected: 4097
TD Front Disconnected: 4097
TD Front Disconnected: 4097
TD Front Disconnected: 4097
TD Front Disconnected: 4097
TD Front Disconnected: 4097
TD Front Disconnected: 4097
TD Front Disconnected: 4097
TD Front Disconnected: 4097
TD Front Disconnected: 4097
TD Front Disconnected: 4097
TD Front Disconnected: 4097
TD Front Disconnected: 4097
TD Front Disconnected: 4097
TD Front Disconnected: 4097
TD Front Disconnected: 4097
TD Front Disconnected: 4097
TD Front Disconnected: 4097
TD Front Disconnected: 4097
TD Front Disconnected: 4097
TD Front Disconnected: 4097
TD Front Disconnected: 4097
TD Front Disconnected: 4097
TD Front Disconnected: 4097
TD Front Disconnected: 4097
TD Front Disconnected: 4097
TD Front Disconnected: 4097
TD Front Disconnected: 4097
TD Front Disconnected: 4097
TD Front Disconnected: 4097
TD Front Disconnected: 4097
TD Front Disconnected: 4097
TD Front Disconnected: 4097
TD Front Disconnected: 4097
TD Front Disconnected: 4097
TD Front Disconnected: 4097
TD Front Disconnected: 4097
TD Front Disconnected: 4097
TD Front Disconnected: 4097
TD Front Disconnected: 4097
TD Front Disconnected: 4097
TD Front Disconnected: 4097
TD Front Disconnected: 4097
TD Front Disconnected: 4097
TD Front Disconnected: 4097
TD Front Disconnected: 4097
TD Front Disconnected: 4097
TD Front Disconnected: 4097
TD Front Disconnected: 4097
TD Front Disconnected: 4097
TD Front Disconnected: 4097
TD Front Disconnected: 4097
TD Front Disconnected: 4097
TD Front Disconnected: 4097
TD Front Disconnected: 4097
TD Front Disconnected: 4097
TD Front Disconnected: 4097
TD Front Disconnected: 4097
TD Front Disconnected: 4097
TD Front Disconnected: 4097
TD Front Disconnected: 4097
TD Front Disconnected: 4097
TD Front Disconnected: 4097
TD Front Disconnected: 4097
TD Front Disconnected: 4097
TD Front Disconnected: 4097
TD Front Disconnected: 4097
TD Front Disconnected: 4097
TD Front Disconnected: 4097
TD Front Disconnected: 4097
TD Front Disconnected: 4097
TD Front Disconnected: 4097
TD Front Disconnected: 4097
TD Front Disconnected: 4097
TD Front Disconnected: 4097
TD Front Disconnected: 4097
TD Front Disconnected: 4097
TD Front Disconnected: 4097
TD Front Disconnected: 4097
TD Front Disconnected: 4097
TD Front Disconnected: 4097
TD Front Disconnected: 4097
TD Front Disconnected: 4097
TD Front Disconnected: 4097
TD Front Disconnected: 4097
TD Front Disconnected: 4097
TD Front Disconnected: 4097
TD Front Disconnected: 4097
TD Front Disconnected: 4097
TD Front Disconnected: 4097
TD Front Disconnected: 4097
TD Front Disconnected: 4097
TD Front Disconnected: 4097
TD Front Disconnected: 4097
TD Front Disconnected: 4097
TD Front Disconnected: 4097
TD Front Disconnected: 4097
TD Front Disconnected: 4097
TD Front Disconnected: 4097
TD Front Disconnected: 4097
TD Front Disconnected: 4097
TD Front Disconnected: 4097
TD Front Disconnected: 4097
TD Front Disconnected: 4097
TD Front Disconnected: 4097
TD Front Disconnected: 4097
TD Front Disconnected: 4097
TD Front Disconnected: 4097
TD Front Disconnected: 4097
TD Front Disconnected: 4097
TD Front Disconnected: 4097
TD Front Disconnected: 4097
TD Front Disconnected: 4097
TD Front Disconnected: 4097
TD Front Disconnected: 4097
TD Front Disconnected: 4097
TD Front Disconnected: 4097
TD Front Disconnected: 4097
TD Front Disconnected: 4097
TD Front Disconnected: 4097
TD Front Disconnected: 4097
TD Front Disconnected: 4097
TD Front Disconnected: 4097
TD Front Disconnected: 4097
TD Front Disconnected: 4097
TD Front Disconnected: 4097
TD Front Disconnected: 4097
TD Front Disconnected: 4097
TD Front Disconnected: 4097
TD Front Disconnected: 4097
TD Front Disconnected: 4097
TD Front Disconnected: 4097
TD Front DisconnCThostFtdcUserApiImplBase::OnSessionDisconnected[00000218C837B7D8][723779585][ 4097]
CThostFtdcUserApiImplBase::OnSessionDisconnected[00000218C837B7D8][723779586][ 4097]
CThostFtdcUserApiImplBase::OnSessionDisconnected[00000218C837B7D8][723779587][ 4097]
CThostFtdcUserApiImplBase::OnSessionDisconnected[00000218C837BC38][723779588][ 4097]
CThostFtdcUserApiImplBase::OnSessionDisconnected[00000218C837B848][723779589][ 4097]
CThostFtdcUserApiImplBase::OnSessionDisconnected[00000218C837B998][723779590][ 4097]
CThostFtdcUserApiImplBase::OnSessionDisconnected[00000218C837BBC8][723779591][ 4097]
CThostFtdcUserApiImplBase::OnSessionDisconnected[00000218C837B768][723779592][ 4097]
CThostFtdcUserApiImplBase::OnSessionDisconnected[00000218C837BAE8][723779593][ 4097]
CThostFtdcUserApiImplBase::OnSessionDisconnected[00000218C837BD88][723845130][ 4097]
CThostFtdcUserApiImplBase::OnSessionDisconnected[00000218C837B768][723845131][ 4097]
CThostFtdcUserApiImplBase::OnSessionDisconnected[00000218C837B768][723845132][ 4097]
CThostFtdcUserApiImplBase::OnSessionDisconnected[00000218C837B998][723845133][ 4097]
CThostFtdcUserApiImplBase::OnSessionDisconnected[00000218C837B8B8][723845134][ 4097]
CThostFtdcUserApiImplBase::OnSessionDisconnected[00000218C837BBC8][723845135][ 4097]
CThostFtdcUserApiImplBase::OnSessionDisconnected[00000218C837BAE8][723845136][ 4097]
CThostFtdcUserApiImplBase::OnSessionDisconnected[00000218C837BD88][723845137][ 4097]
CThostFtdcUserApiImplBase::OnSessionDisconnected[00000218C837BBC8][723845138][ 4097]
CThostFtdcUserApiImplBase::OnSessionDisconnected[00000218C837BAE8][723845139][ 4097]
CThostFtdcUserApiImplBase::OnSessionDisconnected[00000218C837B928][723910676][ 4097]
CThostFtdcUserApiImplBase::OnSessionDisconnected[00000218C837B998][723910677][ 4097]
CThostFtdcUserApiImplBase::OnSessionDisconnected[00000218C837BC38][723910678][ 4097]
CThostFtdcUserApiImplBase::OnSessionDisconnected[00000218C837BBC8][723910679][ 4097]
CThostFtdcUserApiImplBase::OnSessionDisconnected[00000218C837BD88][723910680][ 4097]
CThostFtdcUserApiImplBase::OnSessionDisconnected[00000218C837B6F8][723910681][ 4097]
CThostFtdcUserApiImplBase::OnSessionDisconnected[00000218C837B998][723910682][ 4097]
CThostFtdcUserApiImplBase::OnSessionDisconnected[00000218C837BD88][723910683][ 4097]
CThostFtdcUserApiImplBase::OnSessionDisconnected[00000218C837B8B8][723910684][ 4097]
CThostFtdcUserApiImplBase::OnSessionDisconnected[00000218C837BCA8][723976221][ 4097]
CThostFtdcUserApiImplBase::OnSessionDisconnected[00000218C837BA08][723976222][ 4097]
CThostFtdcUserApiImplBase::OnSessionDisconnected[00000218C837B928][723976223][ 4097]
CThostFtdcUserApiImplBase::OnSessionDisconnected[00000218C837B928][723976224][ 4097]
CThostFtdcUserApiImplBase::OnSessionDisconnected[00000218C837BD88][723976225][ 4097]
CThostFtdcUserApiImplBase::OnSessionDisconnected[00000218C837BCA8][723976226][ 4097]
CThostFtdcUserApiImplBase::OnSessionDisconnected[00000218C837B6F8][723976227][ 4097]
CThostFtdcUserApiImplBase::OnSessionDisconnected[00000218C837B6F8][723976228][ 4097]
CThostFtdcUserApiImplBase::OnSessionDisconnected[00000218C837BBC8][723976229][ 4097]
CThostFtdcUserApiImplBase::OnSessionDisconnected[00000218C837B6F8][724041766][ 4097]
CThostFtdcUserApiImplBase::OnSessionDisconnected[00000218C837BD88][724041767][ 4097]
CThostFtdcUserApiImplBase::OnSessionDisconnected[00000218C837B6F8][724041768][ 4097]
CThostFtdcUserApiImplBase::OnSessionDisconnected[00000218C837B998][724041769][ 4097]
CThostFtdcUserApiImplBase::OnSessionDisconnected[00000218C837BC38][724041770][ 4097]
CThostFtdcUserApiImplBase::OnSessionDisconnected[00000218C837B6F8][724041771][ 4097]
CThostFtdcUserApiImplBase::OnSessionDisconnected[00000218C837B998][724041772][ 4097]
CThostFtdcUserApiImplBase::OnSessionDisconnected[00000218C837BC38][724041773][ 4097]
CThostFtdcUserApiImplBase::OnSessionDisconnected[00000218C837B6F8][724041774][ 4097]
CThostFtdcUserApiImplBase::OnSessionDisconnected[00000218C837B768][724041775][ 4097]
CThostFtdcUserApiImplBase::OnSessionDisconnected[00000218C837BCA8][724107312][ 4097]
CThostFtdcUserApiImplBase::OnSessionDisconnected[00000218C837B6F8][724107313][ 4097]
CThostFtdcUserApiImplBase::OnSessionDisconnected[00000218C837BAE8][724107314][ 4097]
CThostFtdcUserApiImplBase::OnSessionDisconnected[00000218C837BC38][724107315][ 4097]
CThostFtdcUserApiImplBase::OnSessionDisconnected[00000218C837B6F8][724107316][ 4097]
CThostFtdcUserApiImplBase::OnSessionDisconnected[00000218C837B768][724107317][ 4097]
CThostFtdcUserApiImplBase::OnSessionDisconnected[00000218C837BCA8][724107318][ 4097]
CThostFtdcUserApiImplBase::OnSessionDisconnected[00000218C837B6F8][724107319][ 4097]
CThostFtdcUserApiImplBase::OnSessionDisconnected[00000218C837BAE8][724107320][ 4097]
CThostFtdcUserApiImplBase::OnSessionDisconnected[00000218C837BD88][724107321][ 4097]
CThostFtdcUserApiImplBase::OnSessionDisconnected[00000218C837B8B8][724172858][ 4097]
CThostFtdcUserApiImplBase::OnSessionDisconnected[00000218C837BD88][724172859][ 4097]
CThostFtdcUserApiImplBase::OnSessionDisconnected[00000218C837B928][724172860][ 4097]
CThostFtdcUserApiImplBase::OnSessionDisconnected[00000218C837BBC8][724172861][ 4097]
CThostFtdcUserApiImplBase::OnSessionDisconnected[00000218C837B7D8][724172862][ 4097]
CThostFtdcUserApiImplBase::OnSessionDisconnected[00000218C837B7D8][724172863][ 4097]
CThostFtdcUserApiImplBase::OnSessionDisconnected[00000218C837B928][724172864][ 4097]
CThostFtdcUserApiImplBase::OnSessionDisconnected[00000218C837BC38][724172865][ 4097]
CThostFtdcUserApiImplBase::OnSessionDisconnected[00000218C837B6F8][724172866][ 4097]
CThostFtdcUserApiImplBase::OnSessionDisconnected[00000218C837B6F8][724238403][ 4097]
CThostFtdcUserApiImplBase::OnSessionDisconnected[00000218C837BA78][724238404][ 4097]
CThostFtdcUserApiImplBase::OnSessionDisconnected[00000218C837B998][724238405][ 4097]
CThostFtdcUserApiImplBase::OnSessionDisconnected[00000218C837BCA8][724238406][ 4097]
CThostFtdcUserApiImplBase::OnSessionDisconnected[00000218C837B768][724238407][ 4097]
CThostFtdcUserApiImplBase::OnSessionDisconnected[00000218C837B6F8][724238408][ 4097]
CThostFtdcUserApiImplBase::OnSessionDisconnected[00000218C837BBC8][724238409][ 4097]
CThostFtdcUserApiImplBase::OnSessionDisconnected[00000218C837BA08][724238410][ 4097]
CThostFtdcUserApiImplBase::OnSessionDisconnected[00000218C837BA78][724238411][ 4097]
CThostFtdcUserApiImplBase::OnSessionDisconnected[00000218C837B928][724238412][ 4097]
CThostFtdcUserApiImplBase::OnSessionDisconnected[00000218C837BBC8][724303949][ 4097]
CThostFtdcUserApiImplBase::OnSessionDisconnected[00000218C837B6F8][724303950][ 4097]
CThostFtdcUserApiImplBase::OnSessionDisconnected[00000218C837BD88][724303951][ 4097]
CThostFtdcUserApiImplBase::OnSessionDisconnected[00000218C837B768][724303952][ 4097]
CThostFtdcUserApiImplBase::OnSessionDisconnected[00000218C837B848][724303953][ 4097]
CThostFtdcUserApiImplBase::OnSessionDisconnected[00000218C837BCA8][724303954][ 4097]
CThostFtdcUserApiImplBase::OnSessionDisconnected[00000218C837B7D8][724303955][ 4097]
CThostFtdcUserApiImplBase::OnSessionDisconnected[00000218C837B8B8][724303956][ 4097]
CThostFtdcUserApiImplBase::OnSessionDisconnected[00000218C837B8B8][724303957][ 4097]
CThostFtdcUserApiImplBase::OnSessionDisconnected[00000218C837B928][724303958][ 4097]
CThostFtdcUserApiImplBase::OnSessionDisconnected[00000218C837B998][724369495][ 4097]
CThostFtdcUserApiImplBase::OnSessionDisconnected[00000218C837BCA8][724369496][ 4097]
CThostFtdcUserApiImplBase::OnSessionDisconnected[00000218C837B768][724369497][ 4097]
CThostFtdcUserApiImplBase::OnSessionDisconnected[00000218C837B6F8][724369498][ 4097]
CThostFtdcUserApiImplBase::OnSessionDisconnected[00000218C837B7D8][724369499][ 4097]
CThostFtdcUserApiImplBase::OnSessionDisconnected[00000218C837BA08][724369500][ 4097]
CThostFtdcUserApiImplBase::OnSessionDisconnected[00000218C837BA08][724369501][ 4097]
CThostFtdcUserApiImplBase::OnSessionDisconnected[00000218C837BBC8][724369502][ 4097]
CThostFtdcUserApiImplBase::OnSessionDisconnected[00000218C837B7D8][724369503][ 4097]
CThostFtdcUserApiImplBase::OnSessionDisconnected[00000218C837BC38][724369504][ 4097]
CThostFtdcUserApiImplBase::OnSesected: 4097
TD Front Disconnected: 4097
TD Front Disconnected: 4097
TD Front Disconnected: 4097
TD Front Disconnected: 4097
TD Front Disconnected: 4097
TD Front Disconnected: 4097
TD Front Disconnected: 4097
TD Front Disconnected: 4097
TD Front Disconnected: 4097
TD Front Disconnected: 4097
TD Front Disconnected: 4097
TD Front Disconnected: 4097
TD Front Disconnected: 4097
TD Front Disconnected: 4097
TD Front Disconnected: 4097
TD Front Disconnected: 4097
TD Front Disconnected: 4097
TD Front Disconnected: 4097
TD Front Disconnected: 4097
MD Front Disconnected: 4097
MD Front Disconnected: 4097
MD Front Disconnected: 4097
MD Front Disconnected: 4097
MD Front Disconnected: 4097
MD Front Disconnected: 4097
MD Front Disconnected: 4097
MD Front Disconnected: 4097
MD Front Disconnected: 4097
MD Front Disconnected: 4097
MD Front Disconnected: 4097
MD Front Disconnected: 4097
MD Front Disconnected: 4097
MD Front Disconnected: 4097
MD Front Disconnected: 4097
MD Front Disconnected: 4097
MD Front Disconnected: 4097
MD Front Disconnected: 4097
MD Front Disconnected: 4097
MD Front Disconnected: 4097
MD Front Disconnected: 4097
MD Front Disconnected: 4097
MD Front Disconnected: 4097
MD Front Disconnected: 4097
MD Front Disconnected: 4097
MD Front Disconnected: 4097
MD Front Disconnected: 4097
MD Front Disconnected: 4097
MD Front Disconnected: 4097
MD Front Disconnected: 4097
MD Front Disconnected: 4097
MD Front Disconnected: 4097
MD Front Disconnected: 4097
MD Front Disconnected: 4097
MD Front Disconnected: 4097
MD Front Disconnected: 4097
MD Front Disconnected: 4097
MD Front Disconnected: 4097
MD Front Disconnected: 4097
MD Front Disconnected: 4097
MD Front Disconnected: 4097
MD Front Disconnected: 4097
MD Front Disconnected: 4097
MD Front Disconnected: 4097
MD Front Disconnected: 4097
MD Front Disconnected: 4097
MD Front Disconnected: 4097
MD Front Disconnected: 4097
MD Front Disconnected: 4097
MD Front Disconnected: 4097
MD Front Disconnected: 4097
MD Front Disconnected: 4097
MD Front Disconnected: 4097
MD Front Disconnected: 4097
MD Front Disconnected: 4097
MD Front Disconnected: 4097
MD Front Disconnected: 4097
MD Front Disconnected: 4097
MD Front Disconnected: 4097
MD Front Disconnected: 4097
MD Front Disconnected: 4097
MD Front Disconnected: 4097
MD Front Disconnected: 4097
MD Front Disconnected: 4097
MD Front Disconnected: 4097
MD Front Disconnected: 4097
MD Front Disconnected: 4097
MD Front Disconnected: 4097
MD Front Disconnected: 4097
MD Front Disconnected: 4097
MD Front Disconnected: 4097
MD Front Disconnected: 4097
MD Front Disconnected: 4097
MD Front Disconnected: 4097
MD Front Disconnected: 4097
MD Front Disconnected: 4097
MD Front Disconnected: 4097
MD Front Disconnected: 4097
MD Front Disconnected: 4097
MD Front Disconnected: 4097
MD Front Disconnected: 4097
MD Front Disconnected: 4097
MD Front Disconnected: 4097
MD Front Disconnected: 4097
MD Front Disconnected: 4097
MD Front Disconnected: 4097
MD Front Disconnected: 4097
MD Front Disconnected: 4097
MD Front Disconnected: 4097
MD Front Disconnected: 4097
MD Front Disconnected: 4097
MD Front Disconnected: 4097
MD Front Disconnected: 4097
MD Front Disconnected: 4097
MD Front Disconnected: 4097
MD Front Disconnected: 4097
MD Front Disconnected: 4097
MD Front Disconnected: 4097
MD Front Disconnected: 4097
MD Front Disconnected: 4097
MD Front Disconnected: 4097
MD Front Disconnected: 4097
MD Front Disconnected: 4097
MD Front Disconnected: 4097
MD Front Disconnected: 4097
MD Front Disconnected: 4097
MD Front Disconnected: 4097
MD Front Disconnected: 4097
MD Front Disconnected: 4097
MD Front Disconnected: 4097
MD Front Disconnected: 4097
MD Front Disconnected: 4097
MD Front Disconnected: 4097
MD Front Disconnected: 4097
MD Front Disconnected: 4097
MD Front Disconnected: 4097
MD Front Disconnected: 4097
MD Front Disconnected: 4097
MD Front Disconnected: 4097
MD Front Disconnected: 4097
MD Front Disconnected: 4097
MD Front Disconnected: 4097
MD Front Disconnected: 4097
MD Front Disconnected: 4097
MD Front Disconnected: 4097
MD Front Disconnected: 4097
MD Front Disconnected: 4sionDisconnected[00000218C837B6F8][724435041][ 4097]
CThostFtdcUserApiImplBase::OnSessionDisconnected[00000218C837B848][724435042][ 4097]
CThostFtdcUserApiImplBase::OnSessionDisconnected[00000218C837BBC8][724435043][ 4097]
CThostFtdcUserApiImplBase::OnSessionDisconnected[00000218C837BD88][724435044][ 4097]
CThostFtdcUserApiImplBase::OnSessionDisconnected[00000218C837B928][724435045][ 4097]
CThostFtdcUserApiImplBase::OnSessionDisconnected[00000218C837BBC8][724435046][ 4097]
CThostFtdcUserApiImplBase::OnSessionDisconnected[00000218C837BAE8][724435047][ 4097]
CThostFtdcUserApiImplBase::OnSessionDisconnected[00000218C837B7D8][724435048][ 4097]
CThostFtdcUserApiImplBase::OnSessionDisconnected[00000218C837B848][724435049][ 4097]
CThostFtdcUserApiImplBase::OnSessionDisconnected[00000218C837BC38][724435050][ 4097]
CThostFtdcUserApiImplBase::OnSessionDisconnected[00000218C837B7D8][724500587][ 4097]
CThostFtdcUserApiImplBase::OnSessionDisconnected[00000218C837BC38][724500588][ 4097]
CThostFtdcUserApiImplBase::OnSessionDisconnected[00000218C837B6F8][724500589][ 4097]
CThostFtdcUserApiImplBase::OnSessionDisconnected[00000218C837B848][724500590][ 4097]
CThostFtdcUserApiImplBase::OnSessionDisconnected[00000218C837BBC8][724500591][ 4097]
CThostFtdcUserApiImplBase::OnSessionDisconnected[00000218C837B7D8][724500592][ 4097]
CThostFtdcUserApiImplBase::OnSessionDisconnected[00000218C837B998][724500593][ 4097]
CThostFtdcUserApiImplBase::OnSessionDisconnected[00000218C837B7D8][724500594][ 4097]
CThostFtdcUserApiImplBase::OnSessionDisconnected[00000218C837B7D8][724500595][ 4097]
CThostFtdcUserApiImplBase::OnSessionDisconnected[00000218C837B8B8][724500596][ 4097]
CThostFtdcUserApiImplBase::OnSessionDisconnected[00000218C837B8B8][724566133][ 4097]
CThostFtdcUserApiImplBase::OnSessionDisconnected[00000218C837BBC8][724566134][ 4097]
CThostFtdcUserApiImplBase::OnSessionDisconnected[00000218C837BA08][724566135][ 4097]
CThostFtdcUserApiImplBase::OnSessionDisconnected[00000218C837B768][724566136][ 4097]
CThostFtdcUserApiImplBase::OnSessionDisconnected[00000218C837B998][724566137][ 4097]
CThostFtdcUserApiImplBase::OnSessionDisconnected[00000218C837B928][724566138][ 4097]
CThostFtdcUserApiImplBase::OnSessionDisconnected[00000218C837BBC8][724566139][ 4097]
CThostFtdcUserApiImplBase::OnSessionDisconnected[00000218C837BCA8][724566140][ 4097]
CThostFtdcUserApiImplBase::OnSessionDisconnected[00000218C837BA08][724566141][ 4097]
CThostFtdcUserApiImplBase::OnSessionDisconnected[00000218C837BA78][724631678][ 4097]
CThostFtdcUserApiImplBase::OnSessionDisconnected[00000218C837B6F8][724631679][ 4097]
CThostFtdcUserApiImplBase::OnSessionDisconnected[00000218C837BA08][724631680][ 4097]
CThostFtdcUserApiImplBase::OnSessionDisconnected[00000218C837B8B8][724631681][ 4097]
CThostFtdcUserApiImplBase::OnSessionDisconnected[00000218C837B7D8][724631682][ 4097]
CThostFtdcUserApiImplBase::OnSessionDisconnected[00000218C837BBC8][724631683][ 4097]
CThostFtdcUserApiImplBase::OnSessionDisconnected[00000218C837B6F8][724631684][ 4097]
CThostFtdcUserApiImplBase::OnSessionDisconnected[00000218C837BA08][724631685][ 4097]
CThostFtdcUserApiImplBase::OnSessionDisconnected[00000218C837B6F8][724631686][ 4097]
CThostFtdcUserApiImplBase::OnSessionDisconnected[00000218C837BCA8][724697223][ 4097]
CThostFtdcUserApiImplBase::OnSessionDisconnected[00000218C837BCA8][724697224][ 4097]
CThostFtdcUserApiImplBase::OnSessionDisconnected[00000218C837B6F8][724697225][ 4097]
CThostFtdcUserApiImplBase::OnSessionDisconnected[00000218C837BAE8][724697226][ 4097]
CThostFtdcUserApiImplBase::OnSessionDisconnected[00000218C837BD88][724697227][ 4097]
CThostFtdcUserApiImplBase::OnSessionDisconnected[00000218C837B6F8][724697228][ 4097]
CThostFtdcUserApiImplBase::OnSessionDisconnected[00000218C837BAE8][724697229][ 4097]
CThostFtdcUserApiImplBase::OnSessionDisconnected[00000218C837B6F8][724697230][ 4097]
CThostFtdcUserApiImplBase::OnSessionDisconnected[00000218C837B7D8][724697231][ 4097]
CThostFtdcUserApiImplBase::OnSessionDisconnected[00000218C837B768][724697232][ 4097]
CThostFtdcUserApiImplBase::OnSessionDisconnected[00000218C837B928][724762769][ 4097]
CThostFtdcUserApiImplBase::OnSessionDisconnected[00000218C837B7D8][724762770][ 4097]
CThostFtdcUserApiImplBase::OnSessionDisconnected[00000218C837B848][724762771][ 4097]
CThostFtdcUserApiImplBase::OnSessionDisconnected[00000218C837B998][724762772][ 4097]
CThostFtdcUserApiImplBase::OnSessionDisconnected[00000218C837BAE8][724762773][ 4097]
CThostFtdcUserApiImplBase::OnSessionDisconnected[00000218C837BD88][724762774][ 4097]
CThostFtdcUserApiImplBase::OnSessionDisconnected[00000218C837B998][724762775][ 4097]
CThostFtdcUserApiImplBase::OnSessionDisconnected[00000218C837BD88][724762776][ 4097]
CThostFtdcUserApiImplBase::OnSessionDisconnected[00000218C837B6F8][724762777][ 4097]
CThostFtdcUserApiImplBase::OnSessionDisconnected[00000218C837B998][724762778][ 4097]
CThostFtdcUserApiImplBase::OnSessionDisconnected[00000218C837B7D8][724828315][ 4097]
CThostFtdcUserApiImplBase::OnSessionDisconnected[00000218C837B6F8][724828316][ 4097]
CThostFtdcUserApiImplBase::OnSessionDisconnected[00000218C837B928][724828317][ 4097]
CThostFtdcUserApiImplBase::OnSessionDisconnected[00000218C837BA78][724828318][ 4097]
CThostFtdcUserApiImplBase::OnSessionDisconnected[00000218C837BA08][724828319][ 4097]
CThostFtdcUserApiImplBase::OnSessionDisconnected[00000218C837B848][724828320][ 4097]
CThostFtdcUserApiImplBase::OnSessionDisconnected[00000218C837B8B8][724828321][ 4097]
CThostFtdcUserApiImplBase::OnSessionDisconnected[00000218C837B7D8][724828322][ 4097]
CThostFtdcUserApiImplBase::OnSessionDisconnected[00000218C837B768][724828323][ 4097]
CThostFtdcUserApiImplBase::OnSessionDisconnected[00000218C837B768][724828324][ 4097]
CThostFtdcUserApiImplBase::OnSessionDisconnected[00000218C837BA78][724893861][ 4097]
CThostFtdcUserApiImplBase::OnSessionDisconnected[00000218C837BD88][724893862][ 4097]
CThostFtdcUserApiImplBase::OnSessionDisconnected[00000218C837BAE8][724893863][ 4097]
CThostFtdcUserApiImplBase::OnSessionDisconnected[00000218C837BBC8][724893864][ 4097]
CThostFtdcUserApiImplBase::OnSessionDisconnected[00000218C837BC38][724893865][ 4097]
CThostFtdcUserApiImplBase::OnSessionDisconnected[00000218C837BCA8][724893866][ 4097]
CThostFtdcUserApiImplBase::OnSessionDisconnected[00000218C837BA08][724893867][ 4097]
CThostFtdcUserApiImplBase::OnSessionDisconnected[00000218C837BA78][724893868][ 4097]
CThostFtdcUserApiImplBase::OnSessionDisconnected[00000218C837B928][724893869][ 4097]
CThostFtdcUserApiImplBase::OnSessionDisconnected[00000218C837BBC8][724959406][ 4097]
CThostFtdcUserApiImplBase::OnSessionDisconnected[00000218C837B998][724959407][ 4097]
CThostFtdcUserApiImplBase::OnSessionDisconnected[00000218C837B8B8][724959408][ 4097]
CThostFtdcUserApiImplBase::OnSessionDisconnected[00000218C837BA78][724959409][ 4097]
CThostFtdcUserApiImplBase::OnSessionDisconnected[00000218C837B8B8][724959410][ 4097]
CThostFtdcUserApiImplBase::OnSessionDisconnected[00000218C837BAE8][724959411][ 4097]
CThostFtdcUserApiImplBase::OnSessionDisconnected[00000218C837B928][724959412][ 4097]
CThostFtdcUserApiImplBase::OnSessionDisconnected[00000218C837B768][724959413][ 4097]
CThostFtdcUserApiImplBase::OnSessionDisconnected[00000218C837BA78][724959414][ 4097]
CThostFtdcUserApiImplBase::OnSessionDisconnected[00000218C837B6F8][724959415][ 4097]
CThostFtdcUserApiImplBase::OnSessionDisconnected[00000218C837BA08][725024952][ 4097]
CThostFtdcUserApiImplBase::OnSessionDisconnected[00000218C837B8B8][725024953][ 4097]
CThostFtdcUserApiImplBase::OnSessionDisconnected[00000218C837B848][725024954][ 4097]
CThostFtdcUserApiImplBase::OnSessionDisconnected[00000218C837B6F8][725024955][ 4097]
CThostFtdcUserApiImplBase::OnSessionDisconnected[00000218C837BBC8][725024956][ 4097]
CThostFtdcUserApiImplBase::OnSessionDisconnected[00000218C837BA78][725024957][ 4097]
CThostFtdcUserApiImplBase::OnSessionDisconnected[00000218C837BD88][725024958][ 4097]
CThostFtdcUserApiImplBase::OnSessionDisconnected[00000218C837BD88][725024959][ 4097]
CThostFtdcUserApiImplBase::OnSessionDisconnected[00000218C837BC38][725024960][ 4097]
CThostFtdcUserApiImplBase::OnSessionDisconnected[00000218C837BBC8][725024961][ 4097]
CThostFtdcUserApiImplBase::OnSessionDisconnected[00000218C837B928][725090498][ 4097]
CThostFtdcUserApiImplBase::OnSessionDisconnected[00000218C837BD88][725090499][ 4097]
CThostFtdcUserApiImplBase::OnSessionDisconnected[00000218C837B8B8][725090500][ 4097]
CThostFtdcUserApiImplBase::OnSessionDisconnected[00000218C837BBC8][725090501][ 4097]
CThostFtdcUserApiImplBase::OnSessionDisconnected[00000218C837B6F8][725090502][ 4097]
CThostFtdcUserApiImplBase::OnSessionDisconnected[00000218C837BCA8][725090503][ 4097]
CThostFtdcUserApiImplBase::OnSessionDisconnected[00000218C837BA78][725090504][ 4097]
CThostFtdcUserApiImplBase::OnSessionDisconnected[00000218C837BA78][725090505][ 4097]
CThostFtdcUserApiImplBase::OnSessionDisconnected[00000218C837BD88][725090506][ 4097]
CThostFtdcUserApiImplBase::OnSessionDisconnected[00000218C837B6F8][725090507][ 4097]
CThostFtdcUserApiImplBase::OnSessionDisconnected[00000218C837BA78][725156045][ 4097]
CThostFtdcUserApiImplBase::OnSessionDisconnected[00000218C837B848][725156046][ 4097]
CThostFtdcUserApiImplBase::OnSessionDisconnected[00000218C837BD88][725156047][ 4097]
CThostFtdcUserApiImplBase::OnSessionDisconnected[00000218C837BD88][725156048][ 4097]
CThostFtdcUserApiImplBase::OnSessionDisconnected[00000218C837B768][725221585][ 4097]
CThostFtdcUserApiImplBase::OnSessionDisconnected[00000218C837BD88][725221586][ 4097]
CThostFtdcUserApiImplBase::OnSessionDisconnected[00000218C837BA78][725221587][ 4097]
CThostFtdcUserApiImplBase::OnSessionDisconnected[00000218C837BD88][725221588][ 4097]
CThostFtdcUserApiImplBase::OnSessionDisconnected[00000218C837BAE8][725221589][ 4097]
CThostFtdcUserApiImplBase::OnSessionDisconnected[00000218C837B8B8][725221590][ 4097]
CThostFtdcUserApiImplBase::OnSessionDisconnected[00000218C837B928][725221591][ 4097]
CThostFtdcUserApiImplBase::OnSessionDisconnected[00000218C837B998][725221592][ 4097]
CThostFtdcUserApiImplBase::OnSessionDisconnected[00000218C837B6F8][725221593][ 4097]
CThostFtdcUserApiImplBase::OnSessionDisconnected[00000218C837BBC8][725287130][ 4097]
CThostFtdcUserApiImplBase::OnSessionDisconnected[00000218C837B8B8][725287131][ 4097]
CThostFtdcUserApiImplBase::OnSessionDisconnected[00000218C837BBC8][725287132][ 4097]
CThostFtdcUserApiImplBase::OnSessionDisconnected[00000218C837BC38][725287133][ 4097]
CThostFtdcUserApiImplBase::OnSessionDisconnected[00000218C837BA08][725287134][ 4097]
CThostFtdcUserApiImplBase::OnSessionDisconnected[00000218C837B848][725287135][ 4097]
CThostFtdcUserApiImplBase::OnSessionDisconnected[00000218C837BD88][725287136][ 4097]
CThostFtdcUserApiImplBase::OnSessionDisconnected[00000218C837BBC8][725287137][ 4097]
CThostFtdcUserApiImplBase::OnSessionDisconnected[00000218C837B768][725287138][ 4097]
CThostFtdcUserApiImplBase::OnSessionDisconnected[00000218C837BA78][725287139][ 4097]
CThostFtdcUserApiImplBase::OnSessionDisconnected[00000218C837B998][725352676][ 4097]
CThostFtdcUserApiImplBase::OnSessionDisconnected[00000218C837B7D8][725352677][ 4097]
CThostFtdcUserApiImplBase::OnSessionDisconnected[00000218C837BA78][725352678][ 4097]
CThostFtdcUserApiImplBase::OnSessionDisconnected[00000218C837B8B8][725352679][ 4097]
CThostFtdcUserApiImplBase::OnSessionDisconnected[00000218C837BAE8][725352680][ 4097]
CThostFtdcUserApiImplBase::OnSessionDisconnected[00000218C837B768][725352681][ 4097]
CThostFtdcUserApiImplBase::OnSessionDisconnected[00000218C837BCA8][725352682][ 4097]
CThostFtdcUserApiImplBase::OnSessionDisconnected[00000218C837B768][725352683][ 4097]
CThostFtdcUserApiImplBase::OnSessionDisconnected[00000218C837B998][725352684][ 4097]
CThostFtdcUserApiImplBase::OnSessionDisconnected[00000218C837B8B8][725352685][ 4097]
CThostFtdcUserApiImplBase::OnSessionDisconnected[00000218C837BA08][725418222][ 4097]
CThostFtdcUserApiImplBase::OnSessionDisconnected[00000218C837B928][725418223][ 4097]
CThostFtdcUserApiImplBase::OnSessionDisconnected[00000218C837BCA8][725418224][ 4097]
CThostFtdcUserApiImplBase::OnSessionDisconnected[00000218C837BBC8][725418225][ 4097]
CThostFtdcUserApiImplBase::OnSessionDisconnected[00000218C837BBC8][725418226][ 4097
MD Front Disconnected: 4097
MD Front Disconnected: 4097
MD Front Disconnected: 4097
MD Front Disconnected: 4097
MD Front Disconnected: 4097
MD Front Disconnected: 4097
MD Front Disconnected: 4097
MD Front Disconnected: 4097
MD Front Disconnected: 4097
MD Front Disconnected: 4097
MD Front Disconnected: 4097
MD Front Disconnected: 4097
MD Front Disconnected: 4097
MD Front Disconnected: 4097
MD Front Disconnected: 4097
MD Front Disconnected: 4097
MD Front Disconnected: 4097
MD Front Disconnected: 4097
MD Front Disconnected: 4097
MD Front Disconnected: 4097
MD Front Disconnected: 4097
MD Front Disconnected: 4097
MD Front Disconnected: 4097
MD Front Disconnected: 4097
MD Front Disconnected: 4097
MD Front Disconnected: 4097
MD Front Disconnected: 4097
MD Front Disconnected: 4097
MD Front Disconnected: 4097
MD Front Disconnected: 4097
MD Front Disconnected: 4097
MD Front Disconnected: 4097
MD Front Disconnected: 4097
MD Front Disconnected: 4097
MD Front Disconnected: 4097
MD Front Disconnected: 4097
MD Front Disconnected: 4097
MD Front Disconnected: 4097
MD Front Disconnected: 4097
MD Front Disconnected: 4097
MD Front Disconnected: 4097
MD Front Disconnected: 4097
MD Front Disconnected: 4097
MD Front Disconnected: 4097
MD Front Disconnected: 4097
MD Front Disconnected: 4097
MD Front Disconnected: 4097
MD Front Disconnected: 4097
MD Front Disconnected: 4097
MD Front Disconnected: 4097
MD Front Disconnected: 4097
MD Front Disconnected: 4097
MD Front Disconnected: 4097
MD Front Disconnected: 4097
MD Front Disconnected: 4097
MD Front Disconnected: 4097
MD Front Disconnected: 4097
MD Front Disconnected: 4097
MD Front Disconnected: 4097
MD Front Disconnected: 4097
MD Front Disconnected: 4097
MD Front Disconnected: 4097
MD Front Disconnected: 4097
MD Front Disconnected: 4097
MD Front Disconnected: 4097
MD Front Disconnected: 4097
MD Front Disconnected: 4097
MD Front Disconnected: 4097
MD Front Disconnected: 4097
MD Front Disconnected: 4097
MD Front Disconnected: 4097
MD Front Disconnected: 4097
MD Front Disconnected: 4097
MD Front Disconnected: 4097
MD Front Disconnected: 4097
MD Front Disconnected: 4097
MD Front Disconnected: 4097
MD Front Disconnected: 4097
MD Front Disconnected: 4097
MD Front Disconnected: 4097
MD Front Disconnected: 4097
MD Front Disconnected: 4097
MD Front Disconnected: 4097
MD Front Disconnected: 4097
MD Front Disconnected: 4097
MD Front Disconnected: 4097
MD Front Disconnected: 4097
MD Front Disconnected: 4097
MD Front Disconnected: 4097
MD Front Disconnected: 4097
MD Front Disconnected: 4097
MD Front Disconnected: 4097
MD Front Disconnected: 4097
MD Front Disconnected: 4097
MD Front Disconnected: 4097
MD Front Disconnected: 4097
MD Front Disconnected: 4097
MD Front Disconnected: 4097
MD Front Disconnected: 4097
MD Front Disconnected: 4097
MD Front Disconnected: 4097
MD Front Disconnected: 4097
MD Front Disconnected: 4097
MD Front Disconnected: 4097
MD Front Disconnected: 4097
MD Front Disconnected: 4097
MD Front Disconnected: 4097
MD Front Disconnected: 4097
MD Front Disconnected: 4097
MD Front Disconnected: 4097
MD Front Disconnected: 4097
MD Front Disconnected: 4097
MD Front Disconnected: 4097
MD Front Disconnected: 4097
MD Front Disconnected: 4097
MD Front Disconnected: 4097
MD Front Disconnected: 4097
MD Front Disconnected: 4097
MD Front Disconnected: 4097
MD Front Disconnected: 4097
MD Front Disconnected: 4097
MD Front Disconnected: 4097
MD Front Disconnected: 4097
MD Front Disconnected: 4097
MD Front Disconnected: 4097
MD Front Disconnected: 4097
MD Front Disconnected: 4097
MD Front Disconnected: 4097
MD Front Disconnected: 4097
MD Front Disconnected: 4097
MD Front Disconnected: 4097
MD Front Disconnected: 4097
MD Front Disconnected: 4097
MD Front Disconnected: 4097
MD Front Disconnected: 4097
MD Front Disconnected: 4097
MD Front Disconnected: 4097
MD Front Disconnected: 4097
MD Front Disconnected: 4097
MD Front Disconnected: 4097
MD Front Disconnected: 4097
MD Front Disconnected: 4097
MD Front Disconnected: 4097
MD Front Disconnected: 4097
MD Front Disconnected: 4097
MD Front Disconnected: 4097
MD F097]
CThostFtdcUserApiImplBase::OnSessionDisconnected[00000218C837BA78][725418227][ 4097]
CThostFtdcUserApiImplBase::OnSessionDisconnected[00000218C837BA08][725418228][ 4097]
CThostFtdcUserApiImplBase::OnSessionDisconnected[00000218C837B928][725418229][ 4097]
CThostFtdcUserApiImplBase::OnSessionDisconnected[00000218C837BBC8][725418230][ 4097]
CThostFtdcUserApiImplBase::OnSessionDisconnected[00000218C837BBC8][725418231][ 4097]
CThostFtdcUserApiImplBase::OnSessionDisconnected[00000218C837BD88][725483768][ 4097]
CThostFtdcUserApiImplBase::OnSessionDisconnected[00000218C837BD88][725483769][ 4097]
CThostFtdcUserApiImplBase::OnSessionDisconnected[00000218C837BC38][725483770][ 4097]
CThostFtdcUserApiImplBase::OnSessionDisconnected[00000218C837B7D8][725483771][ 4097]
CThostFtdcUserApiImplBase::OnSessionDisconnected[00000218C837B8B8][725483772][ 4097]
CThostFtdcUserApiImplBase::OnSessionDisconnected[00000218C837BA78][725483773][ 4097]
CThostFtdcUserApiImplBase::OnSessionDisconnected[00000218C837B7D8][725483774][ 4097]
CThostFtdcUserApiImplBase::OnSessionDisconnected[00000218C837BA08][725483775][ 4097]
CThostFtdcUserApiImplBase::OnSessionDisconnected[00000218C837B768][725483776][ 4097]
CThostFtdcUserApiImplBase::OnSessionDisconnected[00000218C837B6F8][725483777][ 4097]
CThostFtdcUserApiImplBase::OnSessionDisconnected[00000218C837B848][725549314][ 4097]
CThostFtdcUserApiImplBase::OnSessionDisconnected[00000218C837B6F8][725549315][ 4097]
CThostFtdcUserApiImplBase::OnSessionDisconnected[00000218C837BBC8][725549316][ 4097]
CThostFtdcUserApiImplBase::OnSessionDisconnected[00000218C837B928][725549317][ 4097]
CThostFtdcUserApiImplBase::OnSessionDisconnected[00000218C837BD88][725549318][ 4097]
CThostFtdcUserApiImplBase::OnSessionDisconnected[00000218C837BAE8][725549319][ 4097]
CThostFtdcUserApiImplBase::OnSessionDisconnected[00000218C837B8B8][725549320][ 4097]
CThostFtdcUserApiImplBase::OnSessionDisconnected[00000218C837BD88][725549321][ 4097]
CThostFtdcUserApiImplBase::OnSessionDisconnected[00000218C837BC38][725549322][ 4097]
CThostFtdcUserApiImplBase::OnSessionDisconnected[00000218C837B848][725549323][ 4097]
CThostFtdcUserApiImplBase::OnSessionDisconnected[00000218C837B848][725614860][ 4097]
CThostFtdcUserApiImplBase::OnSessionDisconnected[00000218C837BA78][725614861][ 4097]
CThostFtdcUserApiImplBase::OnSessionDisconnected[00000218C837B928][725614862][ 4097]
CThostFtdcUserApiImplBase::OnSessionDisconnected[00000218C837B6F8][725614863][ 4097]
CThostFtdcUserApiImplBase::OnSessionDisconnected[00000218C837B7D8][725614864][ 4097]
CThostFtdcUserApiImplBase::OnSessionDisconnected[00000218C837BAE8][725614865][ 4097]
CThostFtdcUserApiImplBase::OnSessionDisconnected[00000218C837B768][725614866][ 4097]
CThostFtdcUserApiImplBase::OnSessionDisconnected[00000218C837B6F8][725614867][ 4097]
CThostFtdcUserApiImplBase::OnSessionDisconnected[00000218C837BD88][725614868][ 4097]
CThostFtdcUserApiImplBase::OnSessionDisconnected[00000218C837B6F8][725614869][ 4097]
CThostFtdcUserApiImplBase::OnSessionDisconnected[00000218C837B998][725680406][ 4097]
CThostFtdcUserApiImplBase::OnSessionDisconnected[00000218C837BA08][725680407][ 4097]
CThostFtdcUserApiImplBase::OnSessionDisconnected[00000218C837B768][725680408][ 4097]
CThostFtdcUserApiImplBase::OnSessionDisconnected[00000218C837B998][725680409][ 4097]
CThostFtdcUserApiImplBase::OnSessionDisconnected[00000218C837B6F8][725680410][ 4097]
CThostFtdcUserApiImplBase::OnSessionDisconnected[00000218C837B928][725680411][ 4097]
CThostFtdcUserApiImplBase::OnSessionDisconnected[00000218C837BBC8][725680412][ 4097]
CThostFtdcUserApiImplBase::OnSessionDisconnected[00000218C837BD88][725680413][ 4097]
CThostFtdcUserApiImplBase::OnSessionDisconnected[00000218C837B848][725680414][ 4097]
CThostFtdcUserApiImplBase::OnSessionDisconnected[00000218C837BCA8][725680415][ 4097]
CThostFtdcUserApiImplBase::OnSessionDisconnected[00000218C837BD88][725745952][ 4097]
CThostFtdcUserApiImplBase::OnSessionDisconnected[00000218C837B6F8][725745953][ 4097]
CThostFtdcUserApiImplBase::OnSessionDisconnected[00000218C837BAE8][725745954][ 4097]
CThostFtdcUserApiImplBase::OnSessionDisconnected[00000218C837B8B8][725745955][ 4097]
CThostFtdcUserApiImplBase::OnSessionDisconnected[00000218C837BBC8][725745956][ 4097]
CThostFtdcUserApiImplBase::OnSessionDisconnected[00000218C837B848][725745957][ 4097]
CThostFtdcUserApiImplBase::OnSessionDisconnected[00000218C837B768][725745958][ 4097]
CThostFtdcUserApiImplBase::OnSessionDisconnected[00000218C837B6F8][725745959][ 4097]
CThostFtdcUserApiImplBase::OnSessionDisconnected[00000218C837BD88][725745960][ 4097]
CThostFtdcUserApiImplBase::OnSessionDisconnected[00000218C837BC38][725811497][ 4097]
CThostFtdcUserApiImplBase::OnSessionDisconnected[00000218C837BA08][725811498][ 4097]
CThostFtdcUserApiImplBase::OnSessionDisconnected[00000218C837B8B8][725811499][ 4097]
CThostFtdcUserApiImplBase::OnSessionDisconnected[00000218C837B768][725811500][ 4097]
CThostFtdcUserApiImplBase::OnSessionDisconnected[00000218C837B998][725811501][ 4097]
CThostFtdcUserApiImplBase::OnSessionDisconnected[00000218C837B6F8][725811502][ 4097]
CThostFtdcUserApiImplBase::OnSessionDisconnected[00000218C837B768][725811503][ 4097]
CThostFtdcUserApiImplBase::OnSessionDisconnected[00000218C837B7D8][725811504][ 4097]
CThostFtdcUserApiImplBase::OnSessionDisconnected[00000218C837BA78][725811505][ 4097]
CThostFtdcUserApiImplBase::OnSessionDisconnected[00000218C837B928][725811506][ 4097]
CThostFtdcUserApiImplBase::OnSessionDisconnected[00000218C837B6F8][725877043][ 4097]
CThostFtdcUserApiImplBase::OnSessionDisconnected[00000218C837B7D8][725877044][ 4097]
CThostFtdcUserApiImplBase::OnSessionDisconnected[00000218C837BAE8][725877045][ 4097]
CThostFtdcUserApiImplBase::OnSessionDisconnected[00000218C837B768][725877046][ 4097]
CThostFtdcUserApiImplBase::OnSessionDisconnected[00000218C837BC38][725877047][ 4097]
CThostFtdcUserApiImplBase::OnSessionDisconnected[00000218C837BA08][725877048][ 4097]
CThostFtdcUserApiImplBase::OnSessionDisconnected[00000218C837B7D8][725877049][ 4097]
CThostFtdcUserApiImplBase::OnSessionDisconnected[00000218C837B6F8][725877050][ 4097]
CThostFtdcUserApiImplBase::OnSessionDisconnected[00000218C837BBC8][725877051][ 4097]
CThostFtdcUserApiImplBase::OnSessionDisconnected[00000218C837BCA8][725877052][ 4097]
CThostFtdcUserApiImplBase::OnSessionDisconnected[00000218C837B7D8][725942589][ 4097]
CThostFtdcUserApiImplBase::OnSessionDisconnected[00000218C837BA78][725942590][ 4097]
CThostFtdcUserApiImplBase::OnSessionDisconnected[00000218C837B848][725942591][ 4097]
CThostFtdcUserApiImplBase::OnSessionDisconnected[00000218C837BD88][725942592][ 4097]
CThostFtdcUserApiImplBase::OnSessionDisconnected[00000218C837BA08][725942593][ 4097]
CThostFtdcUserApiImplBase::OnSessionDisconnected[00000218C837BCA8][725942594][ 4097]
CThostFtdcUserApiImplBase::OnSessionDisconnected[00000218C837BCA8][725942595][ 4097]
CThostFtdcUserApiImplBase::OnSessionDisconnected[00000218C837B8B8][725942596][ 4097]
CThostFtdcUserApiImplBase::OnSessionDisconnected[00000218C837B8B8][725942597][ 4097]
CThostFtdcUserApiImplBase::OnSessionDisconnected[00000218C837B848][725942598][ 4097]
CThostFtdcUserApiImplBase::OnSessionDisconnected[00000218C837BA08][726008135][ 4097]
CThostFtdcUserApiImplBase::OnSessionDisconnected[00000218C837B8B8][726008136][ 4097]
CThostFtdcUserApiImplBase::OnSessionDisconnected[00000218C837B8B8][726008137][ 4097]
CThostFtdcUserApiImplBase::OnSessionDisconnected[00000218C837B7D8][726008138][ 4097]
CThostFtdcUserApiImplBase::OnSessionDisconnected[00000218C837BA08][726008139][ 4097]
CThostFtdcUserApiImplBase::OnSessionDisconnected[00000218C837B6F8][726008140][ 4097]
CThostFtdcUserApiImplBase::OnSessionDisconnected[00000218C837B998][726008141][ 4097]
CThostFtdcUserApiImplBase::OnSessionDisconnected[00000218C837B768][726008142][ 4097]
CThostFtdcUserApiImplBase::OnSessionDisconnected[00000218C837BA78][726008143][ 4097]
CThostFtdcUserApiImplBase::OnSessionDisconnected[00000218C837B6F8][726008144][ 4097]
CThostFtdcUserApiImplBase::OnSessionDisconnected[00000218C837BAE8][726073681][ 4097]
CThostFtdcUserApiImplBase::OnSessionDisconnected[00000218C837B928][726073682][ 4097]
CThostFtdcUserApiImplBase::OnSessionDisconnected[00000218C837BD88][726073683][ 4097]
CThostFtdcUserApiImplBase::OnSessionDisconnected[00000218C837BCA8][726073684][ 4097]
CThostFtdcUserApiImplBase::OnSessionDisconnected[00000218C837B7D8][726073685][ 4097]
CThostFtdcUserApiImplBase::OnSessionDisconnected[00000218C837BAE8][726073686][ 4097]
CThostFtdcUserApiImplBase::OnSessionDisconnected[00000218C837BA78][726073687][ 4097]
CThostFtdcUserApiImplBase::OnSessionDisconnected[00000218C837BC38][726073688][ 4097]
CThostFtdcUserApiImplBase::OnSessionDisconnected[00000218C837B998][726073689][ 4097]
CThostFtdcUserApiImplBase::OnSessionDisconnected[00000218C837B998][726073690][ 4097]
CThostFtdcUserApiImplBase::OnSessionDisconnected[00000218C837B7D8][726139227][ 4097]
CThostFtdcUserApiImplBase::OnSessionDisconnected[00000218C837B6F8][726139228][ 4097]
CThostFtdcUserApiImplBase::OnSessionDisconnected[00000218C837B6F8][726139229][ 4097]
CThostFtdcUserApiImplBase::OnSessionDisconnected[00000218C837B6F8][726139230][ 4097]
CThostFtdcUserApiImplBase::OnSessionDisconnected[00000218C837B7D8][726139231][ 4097]
CThostFtdcUserApiImplBase::OnSessionDisconnected[00000218C837B998][726139232][ 4097]
CThostFtdcUserApiImplBase::OnSessionDisconnected[00000218C837B848][726139233][ 4097]
CThostFtdcUserApiImplBase::OnSessionDisconnected[00000218C837BBC8][726139234][ 4097]
CThostFtdcUserApiImplBase::OnSessionDisconnected[00000218C837BC38][726139235][ 4097]
CThostFtdcUserApiImplBase::OnSessionDisconnected[00000218C837BD88][726204772][ 4097]
CThostFtdcUserApiImplBase::OnSessionDisconnected[00000218C837BD88][726204773][ 4097]
CThostFtdcUserApiImplBase::OnSessionDisconnected[00000218C837BBC8][726204774][ 4097]
CThostFtdcUserApiImplBase::OnSessionDisconnected[00000218C837B848][726204775][ 4097]
CThostFtdcUserApiImplBase::OnSessionDisconnected[00000218C837BD88][726204776][ 4097]
CThostFtdcUserApiImplBase::OnSessionDisconnected[00000218C837BCA8][726204777][ 4097]
CThostFtdcUserApiImplBase::OnSessionDisconnected[00000218C837B928][726204778][ 4097]
CThostFtdcUserApiImplBase::OnSessionDisconnected[00000218C837B6F8][726204779][ 4097]
CThostFtdcUserApiImplBase::OnSessionDisconnected[00000218C837B7D8][726204780][ 4097]
CThostFtdcUserApiImplBase::OnSessionDisconnected[00000218C837BBC8][726204781][ 4097]
CThostFtdcUserApiImplBase::OnSessionDisconnected[00000218C837B928][726204782][ 4097]
CThostFtdcUserApiImplBase::OnSessionDisconnected[00000218C837B6F8][726270319][ 4097]
CThostFtdcUserApiImplBase::OnSessionDisconnected[00000218C837B7D8][726270320][ 4097]
CThostFtdcUserApiImplBase::OnSessionDisconnected[00000218C837BAE8][726270321][ 4097]
CThostFtdcUserApiImplBase::OnSessionDisconnected[00000218C837BD88][726270322][ 4097]
CThostFtdcUserApiImplBase::OnSessionDisconnected[00000218C837B998][726270323][ 4097]
CThostFtdcUserApiImplBase::OnSessionDisconnected[00000218C837BC38][726270324][ 4097]
CThostFtdcUserApiImplBase::OnSessionDisconnected[00000218C837B928][726270325][ 4097]
CThostFtdcUserApiImplBase::OnSessionDisconnected[00000218C837BA08][726270326][ 4097]
CThostFtdcUserApiImplBase::OnSessionDisconnected[00000218C837BBC8][726270327][ 4097]
CThostFtdcUserApiImplBase::OnSessionDisconnected[00000218C837BAE8][726270328][ 4097]
CThostFtdcUserApiImplBase::OnSessionDisconnected[00000218C837B848][726335865][ 4097]
CThostFtdcUserApiImplBase::OnSessionDisconnected[00000218C837BA08][726335866][ 4097]
CThostFtdcUserApiImplBase::OnSessionDisconnected[00000218C837B8B8][726335867][ 4097]
CThostFtdcUserApiImplBase::OnSessionDisconnected[00000218C837B6F8][726335868][ 4097]
CThostFtdcUserApiImplBase::OnSessionDisconnected[00000218C837B928][726335869][ 4097]
CThostFtdcUserApiImplBase::OnSessionDisconnected[00000218C837BA08][726335870][ 4097]
CThostFtdcUserApiImplBase::OnSessionDisconnected[00000218C837B928][726335871][ 4097]
CThostFtdcUserApiImplBase::OnSessionDisconnected[00000218C837BA78][726335872][ 4097]
CThostFtdcUserApiImplBase::OnSessionDisconnected[00000218C837B928][726335873][ 4097]
CThostFtdcUserApiImplBase::OnSessionDisconnected[00000218C837B6F8][726401410][ 4097]
CThostFtdcUserApiImplBase::OnSessionDisconnront Disconnected: 4097
MD Front Disconnected: 4097
MD Front Disconnected: 4097
MD Front Disconnected: 4097
MD Front Disconnected: 4097
MD Front Disconnected: 4097
MD Front Disconnected: 4097
MD Front Disconnected: 4097
MD Front Disconnected: 4097
MD Front Disconnected: 4097
MD Front Disconnected: 4097
MD Front Disconnected: 4097
MD Front Disconnected: 4097
MD Front Disconnected: 4097
MD Front Disconnected: 4097
MD Front Disconnected: 4097
MD Front Disconnected: 4097
MD Front Disconnected: 4097
MD Front Disconnected: 4097
MD Front Disconnected: 4097
MD Front Disconnected: 4097
MD Front Disconnected: 4097
MD Front Disconnected: 4097
MD Front Disconnected: 4097
MD Front Disconnected: 4097
MD Front Disconnected: 4097
MD Front Disconnected: 4097
MD Front Disconnected: 4097
MD Front Disconnected: 4097
MD Front Disconnected: 4097
MD Front Disconnected: 4097
MD Front Disconnected: 4097
MD Front Disconnected: 4097
MD Front Disconnected: 4097
MD Front Disconnected: 4097
MD Front Disconnected: 4097
MD Front Disconnected: 4097
MD Front Disconnected: 4097
MD Front Disconnected: 4097
MD Front Disconnected: 4097
MD Front Disconnected: 4097
MD Front Disconnected: 4097
MD Front Disconnected: 4097
MD Front Disconnected: 4097
MD Front Disconnected: 4097
MD Front Disconnected: 4097
MD Front Disconnected: 4097
MD Front Disconnected: 4097
MD Front Disconnected: 4097
MD Front Disconnected: 4097
MD Front Disconnected: 4097
MD Front Disconnected: 4097
MD Front Disconnected: 4097
MD Front Disconnected: 4097
MD Front Disconnected: 4097
MD Front Disconnected: 4097
MD Front Disconnected: 4097
MD Front Disconnected: 4097
MD Front Disconnected: 4097
MD Front Disconnected: 4097
MD Front Disconnected: 4097
MD Front Disconnected: 4097
MD Front Disconnected: 4097
MD Front Disconnected: 4097
MD Front Disconnected: 4097
MD Front Disconnected: 4097
MD Front Disconnected: 4097
MD Front Disconnected: 4097
MD Front Disconnected: 4097
MD Front Disconnected: 4097
MD Front Disconnected: 4097
MD Front Disconnected: 4097
MD Front Disconnected: 4097
MD Front Disconnected: 4097
MD Front Disconnected: 4097
MD Front Disconnected: 4097
MD Front Disconnected: 4097
MD Front Disconnected: 4097
MD Front Disconnected: 4097
MD Front Disconnected: 4097
MD Front Disconnected: 4097
MD Front Disconnected: 4097
MD Front Disconnected: 4097
MD Front Disconnected: 4097
MD Front Disconnected: 4097
MD Front Disconnected: 4097
MD Front Disconnected: 4097
MD Front Disconnected: 4097
MD Front Disconnected: 4097
MD Front Disconnected: 4097
MD Front Disconnected: 4097
MD Front Disconnected: 4097
MD Front Disconnected: 4097
MD Front Disconnected: 4097
MD Front Disconnected: 4097
MD Front Disconnected: 4097
MD Front Disconnected: 4097
MD Front Disconnected: 4097
MD Front Disconnected: 4097
MD Front Disconnected: 4097
MD Front Disconnected: 4097
MD Front Disconnected: 4097
MD Front Disconnected: 4097
MD Front Disconnected: 4097
MD Front Disconnected: 4097
MD Front Disconnected: 4097
MD Front Disconnected: 4097
MD Front Disconnected: 4097
MD Front Disconnected: 4097
MD Front Disconnected: 4097
MD Front Disconnected: 4097
MD Front Disconnected: 4097
MD Front Disconnected: 4097
MD Front Disconnected: 4097
MD Front Disconnected: 4097
MD Front Disconnected: 4097
MD Front Disconnected: 4097
MD Front Disconnected: 4097
MD Front Disconnected: 4097
MD Front Disconnected: 4097
MD Front Disconnected: 4097
MD Front Disconnected: 4097
MD Front Disconnected: 4097
MD Front Disconnected: 4097
MD Front Disconnected: 4097
MD Front Disconnected: 4097
MD Front Disconnected: 4097
MD Front Disconnected: 4097
MD Front Disconnected: 4097
MD Front Disconnected: 4097
MD Front Disconnected: 4097
MD Front Disconnected: 4097
MD Front Disconnected: 4097
MD Front Disconnected: 4097
MD Front Disconnected: 4097
MD Front Disconnected: 4097
MD Front Disconnected: 4097
TD Front Disconnected: 4097
TD Front Disconnected: 4097
TD Front Disconnected: 4097
TD Front Disconnected: 4097
TD Front Disconnected: 4097
TD Front Disconnected: 4097
TD Front Disconnected: 4097
TD Front Disconnected: 4097
TD Front Disconnected: 4097
TD Front DisserApiImplBase::OnSessionDisconnected[00000218C837BD88][723452194][ 4097]
CThostFtdcUserApiImplBase::OnSessionDisconnected[00000218C837B768][723517731][ 4097]
CThostFtdcUserApiImplBase::OnSessionDisconnected[00000218C837B6F8][723517732][ 4097]
CThostFtdcUserApiImplBase::OnSessionDisconnected[00000218C837B7D8][723517733][ 4097]
CThostFtdcUserApiImplBase::OnSessionDisconnected[00000218C837BBC8][723517734][ 4097]
CThostFtdcUserApiImplBase::OnSessionDisconnected[00000218C837BBC8][723517735][ 4097]
CThostFtdcUserApiImplBase::OnSessionDisconnected[00000218C837BAE8][723517736][ 4097]
CThostFtdcUserApiImplBase::OnSessionDisconnected[00000218C837BBC8][723583273][ 4097]
CThostFtdcUserApiImplBase::OnSessionDisconnected[00000218C837B6F8][723583274][ 4097]
CThostFtdcUserApiImplBase::OnSessionDisconnected[00000218C837BBC8][723583275][ 4097]
CThostFtdcUserApiImplBase::OnSessionDisconnected[00000218C837B8B8][723583276][ 4097]
CThostFtdcUserApiImplBase::OnSessionDisconnected[00000218C837B6F8][723583277][ 4097]
CThostFtdcUserApiImplBase::OnSessionDisconnected[00000218C837BCA8][723583278][ 4097]
CThostFtdcUserApiImplBase::OnSessionDisconnected[00000218C837B998][723583279][ 4097]
CThostFtdcUserApiImplBase::OnSessionDisconnected[00000218C837BC38][723648816][ 4097]
CThostFtdcUserApiImplBase::OnSessionDisconnected[00000218C837BD88][723648817][ 4097]
CThostFtdcUserApiImplBase::OnSessionDisconnected[00000218C837BBC8][723648818][ 4097]
CThostFtdcUserApiImplBase::OnSessionDisconnected[00000218C837B928][723648819][ 4097]
CThostFtdcUserApiImplBase::OnSessionDisconnected[00000218C837BA08][723648820][ 4097]
CThostFtdcUserApiImplBase::OnSessionDisconnected[00000218C837BD88][723648821][ 4097]
CThostFtdcUserApiImplBase::OnSessionDisconnected[00000218C837BC38][723648822][ 4097]
CThostFtdcUserApiImplBase::OnSessionDisconnected[00000218C837B848][723714359][ 4097]
CThostFtdcUserApiImplBase::OnSessionDisconnected[00000218C837BAE8][723714360][ 4097]
CThostFtdcUserApiImplBase::OnSessionDisconnected[00000218C837BAE8][723714361][ 4097]
CThostFtdcUserApiImplBase::OnSessionDisconnected[00000218C837BCA8][726597947][ 4097]
CThostFtdcUserApiImplBase::OnSessionDisconnected[00000218C837B6F8][726597948][ 4097]
CThostFtdcUserApiImplBase::OnSessionDisconnected[00000218C837B998][726597949][ 4097]
CThostFtdcUserApiImplBase::OnSessionDisconnected[00000218C837BAE8][726597950][ 4097]
CThostFtdcUserApiImplBase::OnSessionDisconnected[00000218C837B768][726597951][ 4097]
CThostFtdcUserApiImplBase::OnSessionDisconnected[00000218C837B848][726597952][ 4097]
CThostFtdcUserApiImplBase::OnSessionDisconnected[00000218C837B6F8][726663489][ 4097]
CThostFtdcUserApiImplBase::OnSessionDisconnected[00000218C837B6F8][726663490][ 4097]
CThostFtdcUserApiImplBase::OnSessionDisconnected[00000218C837B848][726663491][ 4097]
CThostFtdcUserApiImplBase::OnSessionDisconnected[00000218C837BD88][726663492][ 4097]
CThostFtdcUserApiImplBase::OnSessionDisconnected[00000218C837B998][726663493][ 4097]
CThostFtdcUserApiImplBase::OnSessionDisconnected[00000218C837BBC8][726663494][ 4097]
CThostFtdcUserApiImplBase::OnSessionDisconnected[00000218C837B6F8][726663495][ 4097]
CThostFtdcUserApiImplBase::OnSessionDisconnected[00000218C837BBC8][726663496][ 4097]
CThostFtdcUserApiImplBase::OnSessionDisconnected[00000218C837BBC8][726729033][ 4097]
CThostFtdcUserApiImplBase::OnSessionDisconnected[00000218C837BAE8][726729034][ 4097]
CThostFtdcUserApiImplBase::OnSessionDisconnected[00000218C837BD88][726729035][ 4097]
CThostFtdcUserApiImplBase::OnSessionDisconnected[00000218C837BC38][726729036][ 4097]
CThostFtdcUserApiImplBase::OnSessionDisconnected[00000218C837BA78][726729037][ 4097]
CThostFtdcUserApiImplBase::OnSessionDisconnected[00000218C837BA78][726729038][ 4097]
CThostFtdcUserApiImplBase::OnSessionDisconnected[00000218C837B928][726729039][ 4097]
CThostFtdcUserApiImplBase::OnSessionDisconnected[00000218C837BC38][726794576][ 4097]
CThostFtdcUserApiImplBase::OnSessionDisconnected[00000218C837B6F8][726794577][ 4097]
CThostFtdcUserApiImplBase::OnSessionDisconnected[00000218C837B7D8][726794578][ 4097]
CThostFtdcUserApiImplBase::OnSessionDisconnected[00000218C837BD88][726794579][ 4097]
CThostFtdcUserApiImplBase::OnSessionDisconnected[00000218C837B6F8][726794580][ 4097]
CThostFtdcUserApiImplBase::OnSessionDisconnected[00000218C837BAE8][726794581][ 4097]
CThostFtdcUserApiImplBase::OnSessionDisconnected[00000218C837B7D8][726794582][ 4097]
CThostFtdcUserApiImplBase::OnSessionDisconnected[00000218C837BA78][726860119][ 4097]
CThostFtdcUserApiImplBase::OnSessionDisconnected[00000218C837B8B8][726860120][ 4097]
CThostFtdcUserApiImplBase::OnSessionDisconnected[00000218C837B8B8][726860121][ 4097]
CThostFtdcUserApiImplBase::OnSessionDisconnected[00000218C837BA78][726860122][ 4097]
CThostFtdcUserApiImplBase::OnSessionDisconnected[00000218C837B928][726860123][ 4097]
CThostFtdcUserApiImplBase::OnSessionDisconnected[00000218C837B768][726860124][ 4097]
CThostFtdcUserApiImplBase::OnSessionDisconnected[00000218C837B928][726925661][ 4097]
CThostFtdcUserApiImplBase::OnSessionDisconnected[00000218C837B8B8][726925662][ 4097]
CThostFtdcUserApiImplBase::OnSessionDisconnected[00000218C837BBC8][726925663][ 4097]
CThostFtdcUserApiImplBase::OnSessionDisconnected[00000218C837BAE8][726925664][ 4097]
CThostFtdcUserApiImplBase::OnSessionDisconnected[00000218C837BCA8][726925665][ 4097]
CThostFtdcUserApiImplBase::OnSessionDisconnected[00000218C837BBC8][726925666][ 4097]
CThostFtdcUserApiImplBase::OnSessionDisconnected[00000218C837B928][726925667][ 4097]
CThostFtdcUserApiImplBase::OnSessionDisconnected[00000218C837B928][726991204][ 4097]
CThostFtdcUserApiImplBase::OnSessionDisconnected[00000218C837B848][726991205][ 4097]
CThostFtdcUserApiImplBase::OnSessionDisconnected[00000218C837B6F8][726991206][ 4097]
CThostFtdcUserApiImplBase::OnSessionDisconnected[00000218C837BCA8][726991207][ 4097]
CThostFtdcUserApiImplBase::OnSessionDisconnected[00000218C837BAE8][726991208][ 4097]
CThostFtdcUserApiImplBase::OnSessionDisconnected[00000218C837BBC8][726991209][ 4097]
CThostFtdcUserApiImplBase::OnSessionDisconnected[00000218C837B7D8][726991210][ 4097]
CThostFtdcUserApiImplBase::OnSessionDisconnected[00000218C837B928][727056747][ 4097]
CThostFtdcUserApiImplBase::OnSessionDisconnected[00000218C837B768][727056748][ 4097]
CThostFtdcUserApiImplBase::OnSessionDisconnected[00000218C837B7D8][727056749][ 4097]
CThostFtdcUserApiImplBase::OnSessionDisconnected[00000218C837B998][727056750][ 4097]
CThostFtdcUserApiImplBase::OnSessionDisconnected[00000218C837BBC8][727056751][ 4097]
CThostFtdcUserApiImplBase::OnSessionDisconnected[00000218C837BBC8][727056752][ 4097]
CThostFtdcUserApiImplBase::OnSessionDisconnected[00000218C837BAE8][727056753][ 4097]
CThostFtdcUserApiImplBase::OnSessionDisconnected[00000218C837B7D8][727122290][ 4097]
CThostFtdcUserApiImplBase::OnSessionDisconnected[00000218C837B768][727122291][ 4097]
CThostFtdcUserApiImplBase::OnSessionDisconnected[00000218C837B768][727122292][ 4097]
CThostFtdcUserApiImplBase::OnSessionDisconnected[00000218C837B768][727122293][ 4097]
CThostFtdcUserApiImplBase::OnSessionDisconnected[00000218C837BAE8][727122294][ 4097]
CThostFtdcUserApiImplBase::OnSessionDisconnected[00000218C837BD88][727122295][ 4097]
CThostFtdcUserApiImplBase::OnSessionDisconnected[00000218C837BC38][727122296][ 4097]
CThostFtdcUserApiImplBase::OnSessionDisconnected[00000218C837BBC8][727122297][ 4097]
CThostFtdcUserApiImplBase::OnSessionDisconnected[00000218C837B6F8][727187834][ 4097]
CThostFtdcUserApiImplBase::OnSessionDisconnected[00000218C837BC38][727187835][ 4097]
CThostFtdcUserApiImplBase::OnSessionDisconnected[00000218C837BD88][727187836][ 4097]
CThostFtdcUserApiImplBase::OnSessionDisconnected[00000218C837BC38][727187837][ 4097]
CThostFtdcUserApiImplBase::OnSessionDisconnected[00000218C837B6F8][727187838][ 4097]
CThostFtdcUserApiImplBase::OnSessionDisconnected[00000218C837BA78][727187839][ 4097]
CThostFtdcUserApiImplBase::OnSessionDisconnected[00000218C837B6F8][727187840][ 4097]
CThostFtdcUserApiImplBase::OnSessionDisconnected[00000218C837B6F8][727253377][ 4097]
CThostFtdcUserApiImplBase::OnSessionDisconnected[00000218C837BBC8][727253378][ 4097]
CThostFtdcUserApiImplBase::OnSessionDisconnected[00000218C837BD88][727253379][ 4097]
CThostFtdcUserApiImplBase::OnSessionDisconnected[00000218C837BBC8][727253380][ 4097]
CThostFtdcUserApiImplBase::OnSessionDisconnected[00000218C837B6F8][727253381][ 4097]
CThostFtdcUserApiImplBase::OnSessionDisconnected[00000218C837BD88][727253382][ 4097]
CThostFtdcUserApiImplBase::OnSessionDisconnected[00000218C837BD88][727253383][ 4097]
CThostFtdcUserApiImplBase::OnSessionDisconnected[00000218C837B768][727318920][ 4097]
CThostFtdcUserApiImplBase::OnSessionDisconnected[00000218C837B768][727318921][ 4097]
CThostFtdcUserApiImplBase::OnSessionDisconnected[00000218C837B7D8][727318922][ 4097]
CThostFtdcUserApiImplBase::OnSessionDisconnected[00000218C837BA78][727318923][ 4097]
CThostFtdcUserApiImplBase::OnSessionDisconnected[00000218C837B998][727318924][ 4097]
CThostFtdcUserApiImplBase::OnSessionDisconnected[00000218C837B998][727318925][ 4097]
CThostFtdcUserApiImplBase::OnSessionDisconnected[00000218C837BBC8][727318926][ 4097]
CThostFtdcUserApiImplBase::OnSessionDisconnected[00000218C837B7D8][727384463][ 4097]
CThostFtdcUserApiImplBase::OnSessionDisconnected[00000218C837BAE8][727384464][ 4097]
CThostFtdcUserApiImplBase::OnSessionDisconnected[00000218C837BD88][727384465][ 4097]
CThostFtdcUserApiImplBase::OnSessionDisconnected[00000218C837BBC8][727384466][ 4097]
CThostFtdcUserApiImplBase::OnSessionDisconnected[00000218C837BD88][727384467][ 4097]
CThostFtdcUserApiImplBase::OnSessionDisconnected[00000218C837BA78][727384468][ 4097]
CThostFtdcUserApiImplBase::OnSessionDisconnected[00000218C837BC38][727384469][ 4097]
CThostFtdcUserApiImplBase::OnSessionDisconnected[00000218C837BC38][727450006][ 4097]
CThostFtdcUserApiImplBase::OnSessionDisconnected[00000218C837BBC8][727450007][ 4097]
CThostFtdcUserApiImplBase::OnSessionDisconnected[00000218C837B928][727450008][ 4097]
CThostFtdcUserApiImplBase::OnSessionDisconnected[00000218C837B928][727450009][ 4097]
CThostFtdcUserApiImplBase::OnSessionDisconnected[00000218C837B848][727450010][ 4097]
CThostFtdcUserApiImplBase::OnSessionDisconnected[00000218C837BD88][727450011][ 4097]
CThostFtdcUserApiImplBase::OnSessionDisconnected[00000218C837BBC8][727450012][ 4097]
CThostFtdcUserApiImplBase::OnSessionDisconnected[00000218C837BD88][727515549][ 4097]
CThostFtdcUserApiImplBase::OnSessionDisconnected[00000218C837B6F8][727515550][ 4097]
CThostFtdcUserApiImplBase::OnSessionDisconnected[00000218C837BD88][727515551][ 4097]
CThostFtdcUserApiImplBase::OnSessionDisconnected[00000218C837B7D8][727515552][ 4097]
CThostFtdcUserApiImplBase::OnSessionDisconnected[00000218C837BD88][727515553][ 4097]
CThostFtdcUserApiImplBase::OnSessionDisconnected[00000218C837BD88][727515554][ 4097]
CThostFtdcUserApiImplBase::OnSessionDisconnected[00000218C837BA08][727581091][ 4097]
CThostFtdcUserApiImplBase::OnSessionDisconnected[00000218C837B6F8][727581092][ 4097]
CThostFtdcUserApiImplBase::OnSessionDisconnected[00000218C837BBC8][727581093][ 4097]
CThostFtdcUserApiImplBase::OnSessionDisconnected[00000218C837BA78][727581094][ 4097]
CThostFtdcUserApiImplBase::OnSessionDisconnected[00000218C837B6F8][727581095][ 4097]
CThostFtdcUserApiImplBase::OnSessionDisconnected[00000218C837BA78][727581096][ 4097]
CThostFtdcUserApiImplBase::OnSessionDisconnected[00000218C837BD88][727646633][ 4097]
CThostFtdcUserApiImplBase::OnSessionDisconnected[00000218C837BCA8][727646634][ 4097]
CThostFtdcUserApiImplBase::OnSessionDisconnected[00000218C837BD88][727646635][ 4097]
CThostFtdcUserApiImplBase::OnSessionDisconnected[00000218C837B848][727646636][ 4097]
CThostFtdcUserApiImplBase::OnSessionDisconnected[00000218C837BAE8][727646637][ 4097]
CThostFtdcUserApiImplBase::OnSessionDisconnected[00000218C837BD88][727646638][ 4097]
CThostFtdcUserApiImplBase::OnSessionDisconnected[00000218C837B6F8][727712175][ 4097]
CThostFtdcUserApiImplBase::OnSessionDisconnected[00000218C837BAE8][727712176][ 4097]
CThostFtdcUserApiImplBase::OnSessionDisconnected[00000218C837BC38][727712177][ 4097]
CThostFtdcUserApiImplBase::OnSessionDisconnected[00000218C837B768][727712178][ 4097]
CThostFtdcUserApiImplBase::OnSessionDisconnected[00000218C8connected: 4097
TD Front Disconnected: 4097
TD Front Disconnected: 4097
TD Front Disconnected: 4097
TD Front Disconnected: 4097
TD Front Disconnected: 4097
TD Front Disconnected: 4097
TD Front Disconnected: 4097
TD Front Disconnected: 4097
TD Front Disconnected: 4097
TD Front Disconnected: 4097
TD Front Disconnected: 4097
TD Front Disconnected: 4097
TD Front Disconnected: 4097
TD Front Disconnected: 4097
TD Front Disconnected: 4097
TD Front Disconnected: 4097
TD Front Disconnected: 4097
TD Front Disconnected: 4097
TD Front Disconnected: 4097
TD Front Disconnected: 4097
TD Front Disconnected: 4097
TD Front Disconnected: 4097
TD Front Disconnected: 4097
TD Front Disconnected: 4097
TD Front Disconnected: 4097
TD Front Disconnected: 4097
TD Front Disconnected: 4097
TD Front Disconnected: 4097
TD Front Disconnected: 4097
TD Front Disconnected: 4097
TD Front Disconnected: 4097
TD Front Disconnected: 4097
TD Front Disconnected: 4097
TD Front Disconnected: 4097
TD Front Disconnected: 4097
TD Front Disconnected: 4097
TD Front Disconnected: 4097
TD Front Disconnected: 4097
TD Front Disconnected: 4097
TD Front Disconnected: 4097
TD Front Disconnected: 4097
TD Front Disconnected: 4097
TD Front Disconnected: 4097
TD Front Disconnected: 4097
TD Front Disconnected: 4097
TD Front Disconnected: 4097
TD Front Disconnected: 4097
TD Front Disconnected: 4097
TD Front Disconnected: 4097
TD Front Disconnected: 4097
TD Front Disconnected: 4097
TD Front Disconnected: 4097
TD Front Disconnected: 4097
TD Front Disconnected: 4097
TD Front Disconnected: 4097
TD Front Disconnected: 4097
TD Front Disconnected: 4097
TD Front Disconnected: 4097
TD Front Disconnected: 4097
TD Front Disconnected: 4097
TD Front Disconnected: 4097
TD Front Disconnected: 4097
TD Front Disconnected: 4097
TD Front Disconnected: 4097
TD Front Disconnected: 4097
TD Front Disconnected: 4097
TD Front Disconnected: 4097
TD Front Disconnected: 4097
TD Front Disconnected: 4097
TD Front Disconnected: 4097
TD Front Disconnected: 4097
TD Front Disconnected: 4097
TD Front Disconnected: 4097
TD Front Disconnected: 4097
TD Front Disconnected: 4097
TD Front Disconnected: 4097
TD Front Disconnected: 4097
TD Front Disconnected: 4097
TD Front Disconnected: 4097
TD Front Disconnected: 4097
TD Front Disconnected: 4097
TD Front Disconnected: 4097
TD Front Disconnected: 4097
TD Front Disconnected: 4097
TD Front Disconnected: 4097
TD Front Disconnected: 4097
TD Front Disconnected: 4097
TD Front Disconnected: 4097
TD Front Disconnected: 4097
TD Front Disconnected: 4097
TD Front Disconnected: 4097
TD Front Disconnected: 4097
TD Front Disconnected: 4097
TD Front Disconnected: 4097
TD Front Disconnected: 4097
TD Front Disconnected: 4097
TD Front Disconnected: 4097
TD Front Disconnected: 4097
TD Front Disconnected: 4097
TD Front Disconnected: 4097
TD Front Disconnected: 4097
TD Front Disconnected: 4097
TD Front Disconnected: 4097
TD Front Disconnected: 4097
TD Front Disconnected: 4097
TD Front Disconnected: 4097
TD Front Disconnected: 4097
TD Front Disconnected: 4097
TD Front Disconnected: 4097
TD Front Disconnected: 4097
TD Front Disconnected: 4097
TD Front Disconnected: 4097
TD Front Disconnected: 4097
TD Front Disconnected: 4097
TD Front Disconnected: 4097
TD Front Disconnected: 4097
TD Front Disconnected: 4097
TD Front Disconnected: 4097
TD Front Disconnected: 4097
TD Front Disconnected: 4097
TD Front Disconnected: 4097
TD Front Disconnected: 4097
TD Front Disconnected: 4097
TD Front Disconnected: 4097
TD Front Disconnected: 4097
TD Front Disconnected: 4097
TD Front Disconnected: 4097
TD Front Disconnected: 4097
TD Front Disconnected: 4097
TD Front Disconnected: 4097
TD Front Disconnected: 4097
TD Front Disconnected: 4097
TD Front Disconnected: 4097
TD Front Disconnected: 4097
TD Front Disconnected: 4097
TD Front Disconnected: 4097
TD Front Disconnected: 4097
TD Front Disconnected: 4097
TD Front Disconnected: 4097
TD Front Disconnected: 4097
TD Front Disconnected: 4097
TD Front Disconnected: 4097
TD Front Disconnected: 4097
TD Front Disconnected: 4097
TD Front Disconnected: 4097
TD Front Disconnecte37B998][727712179][ 4097]
CThostFtdcUserApiImplBase::OnSessionDisconnected[00000218C837B6F8][727712180][ 4097]
CThostFtdcUserApiImplBase::OnSessionDisconnected[00000218C837B768][727712181][ 4097]
CThostFtdcUserApiImplBase::OnSessionDisconnected[00000218C837B6F8][727777718][ 4097]
CThostFtdcUserApiImplBase::OnSessionDisconnected[00000218C837B848][727777719][ 4097]
CThostFtdcUserApiImplBase::OnSessionDisconnected[00000218C837BCA8][727777720][ 4097]
CThostFtdcUserApiImplBase::OnSessionDisconnected[00000218C837BA78][727777721][ 4097]
CThostFtdcUserApiImplBase::OnSessionDisconnected[00000218C837BBC8][727777722][ 4097]
CThostFtdcUserApiImplBase::OnSessionDisconnected[00000218C837B8B8][727777723][ 4097]
CThostFtdcUserApiImplBase::OnSessionDisconnected[00000218C837BC38][727843260][ 4097]
CThostFtdcUserApiImplBase::OnSessionDisconnected[00000218C837B768][727843261][ 4097]
CThostFtdcUserApiImplBase::OnSessionDisconnected[00000218C837B848][727843262][ 4097]
CThostFtdcUserApiImplBase::OnSessionDisconnected[00000218C837B8B8][727843263][ 4097]
CThostFtdcUserApiImplBase::OnSessionDisconnected[00000218C837BBC8][727843264][ 4097]
CThostFtdcUserApiImplBase::OnSessionDisconnected[00000218C837B6F8][727843265][ 4097]
CThostFtdcUserApiImplBase::OnSessionDisconnected[00000218C837B6F8][727908802][ 4097]
CThostFtdcUserApiImplBase::OnSessionDisconnected[00000218C837B768][727908803][ 4097]
CThostFtdcUserApiImplBase::OnSessionDisconnected[00000218C837B6F8][727908804][ 4097]
CThostFtdcUserApiImplBase::OnSessionDisconnected[00000218C837B848][727908805][ 4097]
CThostFtdcUserApiImplBase::OnSessionDisconnected[00000218C837BCA8][727908806][ 4097]
CThostFtdcUserApiImplBase::OnSessionDisconnected[00000218C837BA78][727908807][ 4097]
CThostFtdcUserApiImplBase::OnSessionDisconnected[00000218C837B8B8][727974344][ 4097]
CThostFtdcUserApiImplBase::OnSessionDisconnected[00000218C837BD88][727974346][ 4097]
CThostFtdcUserApiImplBase::OnSessionDisconnected[00000218C837BC38][728039883][ 4097]
CThostFtdcUserApiImplBase::OnSessionDisconnected[00000218C837BC38][728039884][ 4097]
CThostFtdcUserApiImplBase::OnSessionDisconnected[00000218C837BBC8][728039885][ 4097]
CThostFtdcUserApiImplBase::OnSessionDisconnected[00000218C837BAE8][728039886][ 4097]
CThostFtdcUserApiImplBase::OnSessionDisconnected[00000218C837B848][728039887][ 4097]
CThostFtdcUserApiImplBase::OnSessionDisconnected[00000218C837BD88][728039888][ 4097]
CThostFtdcUserApiImplBase::OnSessionDisconnected[00000218C837B7D8][728105425][ 4097]
CThostFtdcUserApiImplBase::OnSessionDisconnected[00000218C837B768][728105426][ 4097]
CThostFtdcUserApiImplBase::OnSessionDisconnected[00000218C837B8B8][728105427][ 4097]
CThostFtdcUserApiImplBase::OnSessionDisconnected[00000218C837BBC8][728105428][ 4097]
CThostFtdcUserApiImplBase::OnSessionDisconnected[00000218C837BC38][728105429][ 4097]
CThostFtdcUserApiImplBase::OnSessionDisconnected[00000218C837B998][728105430][ 4097]
CThostFtdcUserApiImplBase::OnSessionDisconnected[00000218C837B848][728170967][ 4097]
CThostFtdcUserApiImplBase::OnSessionDisconnected[00000218C837B928][728170968][ 4097]
CThostFtdcUserApiImplBase::OnSessionDisconnected[00000218C837BBC8][728170969][ 4097]
CThostFtdcUserApiImplBase::OnSessionDisconnected[00000218C837B7D8][728170970][ 4097]
CThostFtdcUserApiImplBase::OnSessionDisconnected[00000218C837B8B8][728170971][ 4097]
CThostFtdcUserApiImplBase::OnSessionDisconnected[00000218C837BC38][728170972][ 4097]
CThostFtdcUserApiImplBase::OnSessionDisconnected[00000218C837B8B8][728236509][ 4097]
CThostFtdcUserApiImplBase::OnSessionDisconnected[00000218C837B7D8][728236510][ 4097]
CThostFtdcUserApiImplBase::OnSessionDisconnected[00000218C837B8B8][728236511][ 4097]
CThostFtdcUserApiImplBase::OnSessionDisconnected[00000218C837BAE8][728236512][ 4097]
CThostFtdcUserApiImplBase::OnSessionDisconnected[00000218C837BD88][728236513][ 4097]
CThostFtdcUserApiImplBase::OnSessionDisconnected[00000218C837BA78][728236514][ 4097]
CThostFtdcUserApiImplBase::OnSessionDisconnected[00000218C837BC38][728302051][ 4097]
CThostFtdcUserApiImplBase::OnSessionDisconnected[00000218C837B7D8][728302052][ 4097]
CThostFtdcUserApiImplBase::OnSessionDisconnected[00000218C837BBC8][728302053][ 4097]
CThostFtdcUserApiImplBase::OnSessionDisconnected[00000218C837B998][728302054][ 4097]
CThostFtdcUserApiImplBase::OnSessionDisconnected[00000218C837BA08][728302055][ 4097]
CThostFtdcUserApiImplBase::OnSessionDisconnected[00000218C837BA78][728302056][ 4097]
CThostFtdcUserApiImplBase::OnSessionDisconnected[00000218C837B6F8][728367593][ 4097]
CThostFtdcUserApiImplBase::OnSessionDisconnected[00000218C837B928][728367594][ 4097]
CThostFtdcUserApiImplBase::OnSessionDisconnected[00000218C837BA08][728367595][ 4097]
CThostFtdcUserApiImplBase::OnSessionDisconnected[00000218C837BBC8][728367596][ 4097]
CThostFtdcUserApiImplBase::OnSessionDisconnected[00000218C837B6F8][728367597][ 4097]
CThostFtdcUserApiImplBase::OnSessionDisconnected[00000218C837BC38][728433134][ 4097]
CThostFtdcUserApiImplBase::OnSessionDisconnected[00000218C837BD88][728433135][ 4097]
CThostFtdcUserApiImplBase::OnSessionDisconnected[00000218C837B768][728433136][ 4097]
CThostFtdcUserApiImplBase::OnSessionDisconnected[00000218C837BCA8][728433137][ 4097]
CThostFtdcUserApiImplBase::OnSessionDisconnected[00000218C837B6F8][728433138][ 4097]
CThostFtdcUserApiImplBase::OnSessionDisconnected[00000218C837BD88][728433139][ 4097]
CThostFtdcUserApiImplBase::OnSessionDisconnected[00000218C837BCA8][728433140][ 4097]
CThostFtdcUserApiImplBase::OnSessionDisconnected[00000218C837BA78][728433141][ 4097]
CThostFtdcUserApiImplBase::OnSessionDisconnected[00000218C837BA08][728498678][ 4097]
CThostFtdcUserApiImplBase::OnSessionDisconnected[00000218C837BC38][728498679][ 4097]
CThostFtdcUserApiImplBase::OnSessionDisconnected[00000218C837BC38][728498680][ 4097]
CThostFtdcUserApiImplBase::OnSessionDisconnected[00000218C837BCA8][728498681][ 4097]
CThostFtdcUserApiImplBase::OnSessionDisconnected[00000218C837BAE8][728498682][ 4097]
CThostFtdcUserApiImplBase::OnSessionDisconnected[00000218C837B928][728498683][ 4097]
CThostFtdcUserApiImplBase::OnSessionDisconnected[00000218C837BA78][728498684][ 4097]
CThostFtdcUserApiImplBase::OnSessionDisconnected[00000218C837BD88][728498685][ 4097]
CThostFtdcUserApiImplBase::OnSessionDisconnected[00000218C837BAE8][728564222][ 4097]
CThostFtdcUserApiImplBase::OnSessionDisconnected[00000218C837BBC8][728564223][ 4097]
CThostFtdcUserApiImplBase::OnSessionDisconnected[00000218C837B8B8][728564224][ 4097]
CThostFtdcUserApiImplBase::OnSessionDisconnected[00000218C837BD88][728564225][ 4097]
CThostFtdcUserApiImplBase::OnSessionDisconnected[00000218C837B6F8][728564226][ 4097]
CThostFtdcUserApiImplBase::OnSessionDisconnected[00000218C837B848][728564227][ 4097]
CThostFtdcUserApiImplBase::OnSessionDisconnected[00000218C837B7D8][728564228][ 4097]
CThostFtdcUserApiImplBase::OnSessionDisconnected[00000218C837BA78][728564229][ 4097]
CThostFtdcUserApiImplBase::OnSessionDisconnected[00000218C837B768][728629766][ 4097]
CThostFtdcUserApiImplBase::OnSessionDisconnected[00000218C837BD88][728629767][ 4097]
CThostFtdcUserApiImplBase::OnSessionDisconnected[00000218C837B848][728629768][ 4097]
CThostFtdcUserApiImplBase::OnSessionDisconnected[00000218C837BA78][728629769][ 4097]
CThostFtdcUserApiImplBase::OnSessionDisconnected[00000218C837B768][728629770][ 4097]
CThostFtdcUserApiImplBase::OnSessionDisconnected[00000218C837B8B8][728629771][ 4097]
CThostFtdcUserApiImplBase::OnSessionDisconnected[00000218C837BAE8][728695308][ 4097]
CThostFtdcUserApiImplBase::OnSessionDisconnected[00000218C837B928][728695309][ 4097]
CThostFtdcUserApiImplBase::OnSessionDisconnected[00000218C837BA78][728695310][ 4097]
CThostFtdcUserApiImplBase::OnSessionDisconnected[00000218C837BD88][728695311][ 4097]
CThostFtdcUserApiImplBase::OnSessionDisconnected[00000218C837B928][728695312][ 4097]
CThostFtdcUserApiImplBase::OnSessionDisconnected[00000218C837BA78][728695313][ 4097]
CThostFtdcUserApiImplBase::OnSessionDisconnected[00000218C837B768][728760850][ 4097]
CThostFtdcUserApiImplBase::OnSessionDisconnected[00000218C837B8B8][728760851][ 4097]
CThostFtdcUserApiImplBase::OnSessionDisconnected[00000218C837BBC8][728760852][ 4097]
CThostFtdcUserApiImplBase::OnSessionDisconnected[00000218C837BC38][728760853][ 4097]
CThostFtdcUserApiImplBase::OnSessionDisconnected[00000218C837B998][728760854][ 4097]
CThostFtdcUserApiImplBase::OnSessionDisconnected[00000218C837BCA8][728760855][ 4097]
CThostFtdcUserApiImplBase::OnSessionDisconnected[00000218C837B998][728826392][ 4097]
CThostFtdcUserApiImplBase::OnSessionDisconnected[00000218C837B7D8][728826393][ 4097]
CThostFtdcUserApiImplBase::OnSessionDisconnected[00000218C837BBC8][728826394][ 4097]
CThostFtdcUserApiImplBase::OnSessionDisconnected[00000218C837B998][728826395][ 4097]
CThostFtdcUserApiImplBase::OnSessionDisconnected[00000218C837BA08][728826396][ 4097]
CThostFtdcUserApiImplBase::OnSessionDisconnected[00000218C837BA78][728826397][ 4097]
CThostFtdcUserApiImplBase::OnSessionDisconnected[00000218C837B6F8][728826398][ 4097]
CThostFtdcUserApiImplBase::OnSessionDisconnected[00000218C837B998][728891935][ 4097]
CThostFtdcUserApiImplBase::OnSessionDisconnected[00000218C837BC38][728891936][ 4097]
CThostFtdcUserApiImplBase::OnSessionDisconnected[00000218C837BCA8][728891937][ 4097]
CThostFtdcUserApiImplBase::OnSessionDisconnected[00000218C837BAE8][728891938][ 4097]
CThostFtdcUserApiImplBase::OnSessionDisconnected[00000218C837B928][728891939][ 4097]
CThostFtdcUserApiImplBase::OnSessionDisconnected[00000218C837BA78][728891940][ 4097]
CThostFtdcUserApiImplBase::OnSessionDisconnected[00000218C837BD88][728957477][ 4097]
CThostFtdcUserApiImplBase::OnSessionDisconnected[00000218C837B768][728957478][ 4097]
CThostFtdcUserApiImplBase::OnSessionDisconnected[00000218C837B928][728957479][ 4097]
CThostFtdcUserApiImplBase::OnSessionDisconnected[00000218C837B7D8][728957480][ 4097]
CThostFtdcUserApiImplBase::OnSessionDisconnected[00000218C837B8B8][728957481][ 4097]
CThostFtdcUserApiImplBase::OnSessionDisconnected[00000218C837B848][729023018][ 4097]
CThostFtdcUserApiImplBase::OnSessionDisconnected[00000218C837BAE8][729023019][ 4097]
CThostFtdcUserApiImplBase::OnSessionDisconnected[00000218C837BA78][729023020][ 4097]
CThostFtdcUserApiImplBase::OnSessionDisconnected[00000218C837BBC8][729023021][ 4097]
CThostFtdcUserApiImplBase::OnSessionDisconnected[00000218C837BBC8][729023022][ 4097]
CThostFtdcUserApiImplBase::OnSessionDisconnected[00000218C837B848][729023023][ 4097]
CThostFtdcUserApiImplBase::OnSessionDisconnected[00000218C837B768][729088560][ 4097]
CThostFtdcUserApiImplBase::OnSessionDisconnected[00000218C837B928][729088561][ 4097]
CThostFtdcUserApiImplBase::OnSessionDisconnected[00000218C837BD88][729088562][ 4097]
CThostFtdcUserApiImplBase::OnSessionDisconnected[00000218C837BAE8][729088563][ 4097]
CThostFtdcUserApiImplBase::OnSessionDisconnected[00000218C837BA08][729088564][ 4097]
CThostFtdcUserApiImplBase::OnSessionDisconnected[00000218C837BAE8][729088565][ 4097]
CThostFtdcUserApiImplBase::OnSessionDisconnected[00000218C837B928][729088566][ 4097]
CThostFtdcUserApiImplBase::OnSessionDisconnected[00000218C837BBC8][729088567][ 4097]
CThostFtdcUserApiImplBase::OnSessionDisconnected[00000218C837BBC8][729154104][ 4097]
CThostFtdcUserApiImplBase::OnSessionDisconnected[00000218C837B7D8][729154105][ 4097]
CThostFtdcUserApiImplBase::OnSessionDisconnected[00000218C837BA78][729154106][ 4097]
CThostFtdcUserApiImplBase::OnSessionDisconnected[00000218C837B8B8][729154107][ 4097]
CThostFtdcUserApiImplBase::OnSessionDisconnected[00000218C837BCA8][729154108][ 4097]
CThostFtdcUserApiImplBase::OnSessionDisconnected[00000218C837BA08][729154109][ 4097]
CThostFtdcUserApiImplBase::OnSessionDisconnected[00000218C837BBC8][729154110][ 4097]
CThostFtdcUserApiImplBase::OnSessionDisconnected[00000218C837B6F8][729154111][ 4097]
CThostFtdcUserApiImplBase::OnSessionDisconnected[00000218C837B768][729219648][ 4097]
CThostFtdcUserApiImplBase::OnSessionDisconnected[00000218C837B8B8][729219649][ 4097]
CThostFtdcUserApiImplBase::OnSessionDisconnected[00000218C837BCA8][729219650][ 4097]
CThostFtdcUserApiImplBase::OnSessionDisconnected[00000218C837BAE8][729219651][ 4097]
CThostFtdcUserApiImplBase::OnSessionDisconnected[00000218C837B8B8][729219652][ 4097]
CThostFtdcUserApiImplBd: 4097
TD Front Disconnected: 4097
TD Front Disconnected: 4097
TD Front Disconnected: 4097
TD Front Disconnected: 4097
TD Front Disconnected: 4097
TD Front Disconnected: 4097
TD Front Disconnected: 4097
TD Front Disconnected: 4097
TD Front Disconnected: 4097
TD Front Disconnected: 4097
TD Front Disconnected: 4097
TD Front Disconnected: 4097
TD Front Disconnected: 4097
TD Front Disconnected: 4097
TD Front Disconnected: 4097
TD Front Disconnected: 4097
TD Front Disconnected: 4097
TD Front Disconnected: 4097
TD Front Disconnected: 4097
TD Front Disconnected: 4097
TD Front Disconnected: 4097
TD Front Disconnected: 4097
TD Front Disconnected: 4097
TD Front Disconnected: 4097
TD Front Disconnected: 4097
TD Front Disconnected: 4097
TD Front Disconnected: 4097
TD Front Disconnected: 4097
TD Front Disconnected: 4097
TD Front Disconnected: 4097
TD Front Disconnected: 4097
TD Front Disconnected: 4097
TD Front Disconnected: 4097
TD Front Disconnected: 4097
TD Front Disconnected: 4097
TD Front Disconnected: 4097
TD Front Disconnected: 4097
TD Front Disconnected: 4097
TD Front Disconnected: 4097
TD Front Disconnected: 4097
TD Front Disconnected: 4097
TD Front Disconnected: 4097
TD Front Disconnected: 4097
TD Front Disconnected: 4097
TD Front Disconnected: 4097
TD Front Disconnected: 4097
TD Front Disconnected: 4097
TD Front Disconnected: 4097
TD Front Disconnected: 4097
TD Front Disconnected: 4097
TD Front Disconnected: 4097
TD Front Disconnected: 4097
TD Front Disconnected: 4097
TD Front Disconnected: 4097
TD Front Disconnected: 4097
TD Front Disconnected: 4097
TD Front Disconnected: 4097
TD Front Disconnected: 4097
TD Front Disconnected: 4097
TD Front Disconnected: 4097
TD Front Disconnected: 4097
TD Front Disconnected: 4097
TD Front Disconnected: 4097
TD Front Disconnected: 4097
TD Front Disconnected: 4097
TD Front Disconnected: 4097
TD Front Disconnected: 4097
TD Front Disconnected: 4097
TD Front Disconnected: 4097
TD Front Disconnected: 4097
TD Front Disconnected: 4097
TD Front Disconnected: 4097
TD Front Disconnected: 4097
TD Front Disconnected: 4097
TD Front Disconnected: 4097
TD Front Disconnected: 4097
TD Front Disconnected: 4097
TD Front Disconnected: 4097
TD Front Disconnected: 4097
TD Front Disconnected: 4097
TD Front Disconnected: 4097
TD Front Disconnected: 4097
TD Front Disconnected: 4097
TD Front Disconnected: 4097
TD Front Disconnected: 4097
TD Front Disconnected: 4097
TD Front Disconnected: 4097
TD Front Disconnected: 4097
TD Front Disconnected: 4097
TD Front Disconnected: 4097
TD Front Disconnected: 4097
TD Front Disconnected: 4097
TD Front Disconnected: 4097
TD Front Disconnected: 4097
TD Front Disconnected: 4097
TD Front Disconnected: 4097
TD Front Disconnected: 4097
TD Front Disconnected: 4097
TD Front Disconnected: 4097
TD Front Disconnected: 4097
TD Front Disconnected: 4097
TD Front Disconnected: 4097
TD Front Disconnected: 4097
TD Front Disconnected: 4097
TD Front Disconnected: 4097
TD Front Disconnected: 4097
TD Front Disconnected: 4097
TD Front Disconnected: 4097
TD Front Disconnected: 4097
TD Front Disconnected: 4097
TD Front Disconnected: 4097
TD Front Disconnected: 4097
TD Front Disconnected: 4097
TD Front Disconnected: 4097
TD Front Disconnected: 4097
TD Front Disconnected: 4097
TD Front Disconnected: 4097
TD Front Disconnected: 4097
TD Front Disconnected: 4097
TD Front Disconnected: 4097
TD Front Disconnected: 4097
TD Front Disconnected: 4097
TD Front Disconnected: 4097
TD Front Disconnected: 4097
TD Front Disconnected: 4097
TD Front Disconnected: 4097
TD Front Disconnected: 4097
TD Front Disconnected: 4097
TD Front Disconnected: 4097
TD Front Disconnected: 4097
TD Front Disconnected: 4097
TD Front Disconnected: 4097
TD Front Disconnected: 4097
TD Front Disconnected: 4097
TD Front Disconnected: 4097
TD Front Disconnected: 4097
TD Front Disconnected: 4097
TD Front Disconnected: 4097
TD Front Disconnected: 4097
TD Front Disconnected: 4097
TD Front Disconnected: 4097
TD Front Disconnected: 4097
TD Front Disconnected: 4097
TD Front Disconnected: 4097
TD Front Disconnected: 4097
TD Front Disconnected: 4097
ase::OnSessionDisconnected[00000218C837BBC8][729219653][ 4097]
CThostFtdcUserApiImplBase::OnSessionDisconnected[00000218C837BBC8][729219654][ 4097]
CThostFtdcUserApiImplBase::OnSessionDisconnected[00000218C837BA08][729219655][ 4097]
CThostFtdcUserApiImplBase::OnSessionDisconnected[00000218C837BAE8][729285192][ 4097]
CThostFtdcUserApiImplBase::OnSessionDisconnected[00000218C837B928][729285193][ 4097]
CThostFtdcUserApiImplBase::OnSessionDisconnected[00000218C837BBC8][729285194][ 4097]
CThostFtdcUserApiImplBase::OnSessionDisconnected[00000218C837BBC8][729285195][ 4097]
CThostFtdcUserApiImplBase::OnSessionDisconnected[00000218C837BC38][729285196][ 4097]
CThostFtdcUserApiImplBase::OnSessionDisconnected[00000218C837B8B8][729285197][ 4097]
CThostFtdcUserApiImplBase::OnSessionDisconnected[00000218C837BCA8][729350734][ 4097]
CThostFtdcUserApiImplBase::OnSessionDisconnected[00000218C837BAE8][729350735][ 4097]
CThostFtdcUserApiImplBase::OnSessionDisconnected[00000218C837B8B8][729350736][ 4097]
CThostFtdcUserApiImplBase::OnSessionDisconnected[00000218C837BBC8][729350737][ 4097]
CThostFtdcUserApiImplBase::OnSessionDisconnected[00000218C837BBC8][729350738][ 4097]
CThostFtdcUserApiImplBase::OnSessionDisconnected[00000218C837B848][729350739][    0]
CThostFtdcUserApiImplBase::OnSessionDisconnected[00000218C837B8B8][729416276][ 4097]
CThostFtdcUserApiImplBase::OnSessionDisconnected[00000218C837B6F8][729416277][ 4097]
CThostFtdcUserApiImplBase::OnSessionDisconnected[00000218C837BA78][729416278][ 4097]
CThostFtdcUserApiImplBase::OnSessionDisconnected[00000218C837BC38][729481815][ 4097]
CThostFtdcUserApiImplBase::OnSessionDisconnected[00000218C837B6F8][729481816][ 4097]
CThostFtdcUserApiImplBase::OnSessionDisconnected[00000218C837BBC8][729481817][ 4097]
CThostFtdcUserApiImplBase::OnSessionDisconnected[00000218C837BA78][729481818][ 4097]
CThostFtdcUserApiImplBase::OnSessionDisconnected[00000218C837BA08][729481819][ 4097]
CThostFtdcUserApiImplBase::OnSessionDisconnected[00000218C837BC38][729481820][ 4097]
CThostFtdcUserApiImplBase::OnSessionDisconnected[00000218C837B7D8][729547357][ 4097]
CThostFtdcUserApiImplBase::OnSessionDisconnected[00000218C837BA08][729547358][ 4097]
CThostFtdcUserApiImplBase::OnSessionDisconnected[00000218C837B6F8][729547359][ 4097]
CThostFtdcUserApiImplBase::OnSessionDisconnected[00000218C837B768][729547360][ 4097]
CThostFtdcUserApiImplBase::OnSessionDisconnected[00000218C837B8B8][729547361][ 4097]
CThostFtdcUserApiImplBase::OnSessionDisconnected[00000218C837B6F8][729547362][ 4097]
CThostFtdcUserApiImplBase::OnSessionDisconnected[00000218C837B8B8][729612899][ 4097]
CThostFtdcUserApiImplBase::OnSessionDisconnected[00000218C837B8B8][729612900][ 4097]
CThostFtdcUserApiImplBase::OnSessionDisconnected[00000218C837BCA8][729612901][ 4097]
CThostFtdcUserApiImplBase::OnSessionDisconnected[00000218C837BBC8][729612902][ 4097]
CThostFtdcUserApiImplBase::OnSessionDisconnected[00000218C837B8B8][729612903][ 4097]
CThostFtdcUserApiImplBase::OnSessionDisconnected[00000218C837BA08][729612904][ 4097]
CThostFtdcUserApiImplBase::OnSessionDisconnected[00000218C837BAE8][729612905][ 4097]
CThostFtdcUserApiImplBase::OnSessionDisconnected[00000218C837BAE8][729678442][ 4097]
CThostFtdcUserApiImplBase::OnSessionDisconnected[00000218C837BA78][729678443][ 4097]
CThostFtdcUserApiImplBase::OnSessionDisconnected[00000218C837B8B8][729678444][ 4097]
CThostFtdcUserApiImplBase::OnSessionDisconnected[00000218C837BC38][729678445][ 4097]
CThostFtdcUserApiImplBase::OnSessionDisconnected[00000218C837BCA8][729678446][ 4097]
CThostFtdcUserApiImplBase::OnSessionDisconnected[00000218C837BC38][729678447][ 4097]
CThostFtdcUserApiImplBase::OnSessionDisconnected[00000218C837B7D8][729678448][ 4097]
CThostFtdcUserApiImplBase::OnSessionDisconnected[00000218C837BAE8][729678449][ 4097]
CThostFtdcUserApiImplBase::OnSessionDisconnected[00000218C837B8B8][729743986][ 4097]
CThostFtdcUserApiImplBase::OnSessionDisconnected[00000218C837B928][729743987][ 4097]
CThostFtdcUserApiImplBase::OnSessionDisconnected[00000218C837B8B8][729743988][ 4097]
CThostFtdcUserApiImplBase::OnSessionDisconnected[00000218C837BD88][729743989][ 4097]
CThostFtdcUserApiImplBase::OnSessionDisconnected[00000218C837BAE8][729743990][ 4097]
CThostFtdcUserApiImplBase::OnSessionDisconnected[00000218C837BA78][729743991][ 4097]
CThostFtdcUserApiImplBase::OnSessionDisconnected[00000218C837B8B8][729743992][ 4097]
CThostFtdcUserApiImplBase::OnSessionDisconnected[00000218C837BC38][729809529][ 4097]
CThostFtdcUserApiImplBase::OnSessionDisconnected[00000218C837BCA8][729809530][ 4097]
CThostFtdcUserApiImplBase::OnSessionDisconnected[00000218C837BC38][729809531][ 4097]
CThostFtdcUserApiImplBase::OnSessionDisconnected[00000218C837BBC8][729809532][ 4097]
CThostFtdcUserApiImplBase::OnSessionDisconnected[00000218C837B7D8][729809533][ 4097]
CThostFtdcUserApiImplBase::OnSessionDisconnected[00000218C837BD88][729809534][ 4097]
CThostFtdcUserApiImplBase::OnSessionDisconnected[00000218C837BA78][729809535][ 4097]
CThostFtdcUserApiImplBase::OnSessionDisconnected[00000218C837B6F8][729809536][ 4097]
CThostFtdcUserApiImplBase::OnSessionDisconnected[00000218C837BA08][729875073][ 4097]
CThostFtdcUserApiImplBase::OnSessionDisconnected[00000218C837B8B8][729875074][ 4097]
CThostFtdcUserApiImplBase::OnSessionDisconnected[00000218C837B928][729875075][ 4097]
CThostFtdcUserApiImplBase::OnSessionDisconnected[00000218C837B6F8][729875076][ 4097]
CThostFtdcUserApiImplBase::OnSessionDisconnected[00000218C837BD88][729875077][ 4097]
CThostFtdcUserApiImplBase::OnSessionDisconnected[00000218C837B6F8][729875078][ 4097]
CThostFtdcUserApiImplBase::OnSessionDisconnected[00000218C837BBC8][729875079][ 4097]
CThostFtdcUserApiImplBase::OnSessionDisconnected[00000218C837BA08][729875080][ 4097]
CThostFtdcUserApiImplBase::OnSessionDisconnected[00000218C837B8B8][729940617][ 4097]
CThostFtdcUserApiImplBase::OnSessionDisconnected[00000218C837BBC8][729940618][ 4097]
CThostFtdcUserApiImplBase::OnSessionDisconnected[00000218C837BBC8][729940619][ 4097]
CThostFtdcUserApiImplBase::OnSessionDisconnected[00000218C837B8B8][729940620][ 4097]
CThostFtdcUserApiImplBase::OnSessionDisconnected[00000218C837BBC8][729940621][ 4097]
CThostFtdcUserApiImplBase::OnSessionDisconnected[00000218C837BA08][729940622][ 4097]
CThostFtdcUserApiImplBase::OnSessionDisconnected[00000218C837BC38][729940623][ 4097]
CThostFtdcUserApiImplBase::OnSessionDisconnected[00000218C837BA08][729940624][ 4097]
CThostFtdcUserApiImplBase::OnSessionDisconnected[00000218C837B8B8][730006161][ 4097]
CThostFtdcUserApiImplBase::OnSessionDisconnected[00000218C837B7D8][730006162][ 4097]
CThostFtdcUserApiImplBase::OnSessionDisconnected[00000218C837BBC8][730006163][ 4097]
CThostFtdcUserApiImplBase::OnSessionDisconnected[00000218C837BA78][730006164][ 4097]
CThostFtdcUserApiImplBase::OnSessionDisconnected[00000218C837B6F8][730006165][ 4097]
CThostFtdcUserApiImplBase::OnSessionDisconnected[00000218C837B6F8][730006166][ 4097]
CThostFtdcUserApiImplBase::OnSessionDisconnected[00000218C837BD88][730006167][ 4097]
CThostFtdcUserApiImplBase::OnSessionDisconnected[00000218C837B6F8][730071704][ 4097]
CThostFtdcUserApiImplBase::OnSessionDisconnected[00000218C837BD88][730071705][ 4097]
CThostFtdcUserApiImplBase::OnSessionDisconnected[00000218C837B768][730071706][ 4097]
CThostFtdcUserApiImplBase::OnSessionDisconnected[00000218C837BA78][730071707][ 4097]
CThostFtdcUserApiImplBase::OnSessionDisconnected[00000218C837B6F8][730071708][ 4097]
CThostFtdcUserApiImplBase::OnSessionDisconnected[00000218C837B6F8][730071709][ 4097]
CThostFtdcUserApiImplBase::OnSessionDisconnected[00000218C837B6F8][730071710][ 4097]
CThostFtdcUserApiImplBase::OnSessionDisconnected[00000218C837BD88][730071711][ 4097]
CThostFtdcUserApiImplBase::OnSessionDisconnected[00000218C837BA08][730137248][ 4097]
CThostFtdcUserApiImplBase::OnSessionDisconnected[00000218C837B768][730137249][ 4097]
CThostFtdcUserApiImplBase::OnSessionDisconnected[00000218C837BA08][730137250][ 4097]
CThostFtdcUserApiImplBase::OnSessionDisconnected[00000218C837B6F8][730137251][ 4097]
CThostFtdcUserApiImplBase::OnSessionDisconnected[00000218C837BA78][730137252][ 4097]
CThostFtdcUserApiImplBase::OnSessionDisconnected[00000218C837B928][730137253][ 4097]
CThostFtdcUserApiImplBase::OnSessionDisconnected[00000218C837BBC8][730137254][ 4097]
CThostFtdcUserApiImplBase::OnSessionDisconnected[00000218C837B7D8][730137255][ 4097]
CThostFtdcUserApiImplBase::OnSessionDisconnected[00000218C837BC38][730202792][ 4097]
CThostFtdcUserApiImplBase::OnSessionDisconnected[00000218C837BA08][730202793][ 4097]
CThostFtdcUserApiImplBase::OnSessionDisconnected[00000218C837B768][730202794][ 4097]
CThostFtdcUserApiImplBase::OnSessionDisconnected[00000218C837B7D8][730202795][ 4097]
CThostFtdcUserApiImplBase::OnSessionDisconnected[00000218C837BCA8][730202796][ 4097]
CThostFtdcUserApiImplBase::OnSessionDisconnected[00000218C837BCA8][730202797][ 4097]
CThostFtdcUserApiImplBase::OnSessionDisconnected[00000218C837BC38][730202798][ 4097]
CThostFtdcUserApiImplBase::OnSessionDisconnected[00000218C837B768][730202799][ 4097]
CThostFtdcUserApiImplBase::OnSessionDisconnected[00000218C837BBC8][730268336][ 4097]
CThostFtdcUserApiImplBase::OnSessionDisconnected[00000218C837B768][730268337][ 4097]
CThostFtdcUserApiImplBase::OnSessionDisconnected[00000218C837BD88][730268338][ 4097]
CThostFtdcUserApiImplBase::OnSessionDisconnected[00000218C837BBC8][730268339][ 4097]
CThostFtdcUserApiImplBase::OnSessionDisconnected[00000218C837B7D8][730268340][ 4097]
CThostFtdcUserApiImplBase::OnSessionDisconnected[00000218C837BD88][730268341][ 4097]
CThostFtdcUserApiImplBase::OnSessionDisconnected[00000218C837B998][730268342][ 4097]
CThostFtdcUserApiImplBase::OnSessionDisconnected[00000218C837BC38][730268343][ 4097]
CThostFtdcUserApiImplBase::OnSessionDisconnected[00000218C837BAE8][730333880][ 4097]
CThostFtdcUserApiImplBase::OnSessionDisconnected[00000218C837BA08][730333881][ 4097]
CThostFtdcUserApiImplBase::OnSessionDisconnected[00000218C837B768][730333882][ 4097]
CThostFtdcUserApiImplBase::OnSessionDisconnected[00000218C837B7D8][730333883][ 4097]
CThostFtdcUserApiImplBase::OnSessionDisconnected[00000218C837BCA8][730333884][ 4097]
CThostFtdcUserApiImplBase::OnSessionDisconnected[00000218C837BCA8][730333885][ 4097]
CThostFtdcUserApiImplBase::OnSessionDisconnected[00000218C837B998][730333886][ 4097]
CThostFtdcUserApiImplBase::OnSessionDisconnected[00000218C837BD88][730399423][ 4097]
CThostFtdcUserApiImplBase::OnSessionDisconnected[00000218C837BAE8][730399424][ 4097]
CThostFtdcUserApiImplBase::OnSessionDisconnected[00000218C837BD88][730399425][ 4097]
CThostFtdcUserApiImplBase::OnSessionDisconnected[00000218C837B8B8][730399426][ 4097]
CThostFtdcUserApiImplBase::OnSessionDisconnected[00000218C837BC38][730399427][ 4097]
CThostFtdcUserApiImplBase::OnSessionDisconnected[00000218C837BA78][730399428][ 4097]
CThostFtdcUserApiImplBase::OnSessionDisconnected[00000218C837BBC8][730399429][ 4097]
CThostFtdcUserApiImplBase::OnSessionDisconnected[00000218C837B8B8][730399430][ 4097]
CThostFtdcUserApiImplBase::OnSessionDisconnected[00000218C837B7D8][730464967][ 4097]
CThostFtdcUserApiImplBase::OnSessionDisconnected[00000218C837B998][730464968][ 4097]
CThostFtdcUserApiImplBase::OnSessionDisconnected[00000218C837BBC8][730464969][ 4097]
CThostFtdcUserApiImplBase::OnSessionDisconnected[00000218C837B768][730464970][ 4097]
CThostFtdcUserApiImplBase::OnSessionDisconnected[00000218C837B8B8][730464971][ 4097]
CThostFtdcUserApiImplBase::OnSessionDisconnected[00000218C837BC38][730464972][ 4097]
CThostFtdcUserApiImplBase::OnSessionDisconnected[00000218C837B998][730464973][ 4097]
CThostFtdcUserApiImplBase::OnSessionDisconnected[00000218C837B928][730464974][ 4097]
CThostFtdcUserApiImplBase::OnSessionDisconnected[00000218C837BD88][730530511][ 4097]
CThostFtdcUserApiImplBase::OnSessionDisconnected[00000218C837BBC8][730530512][ 4097]
CThostFtdcUserApiImplBase::OnSessionDisconnected[00000218C837BA78][730530513][ 4097]
CThostFtdcUserApiImplBase::OnSessionDisconnected[00000218C837B8B8][730530514][ 4097]
CThostFtdcUserApiImplBase::OnSessionDisconnected[00000218C837BC38][730530515][ 4097]
CThostFtdcUserApiImplBase::OnSessionDisconnected[00000218C837BC38][730530516][ 4097]
CThostFtdcUserApiImplBase::OnSessionDisconnected[00000218C837BD88][730TD Front Disconnected: 4097
TD Front Disconnected: 4097
TD Front Disconnected: 4097
TD Front Disconnected: 4097
TD Front Disconnected: 4097
TD Front Disconnected: 4097
TD Front Disconnected: 4097
TD Front Disconnected: 4097
TD Front Disconnected: 4097
TD Front Disconnected: 4097
TD Front Disconnected: 4097
TD Front Disconnected: 4097
TD Front Disconnected: 4097
TD Front Disconnected: 4097
TD Front Disconnected: 4097
TD Front Disconnected: 4097
TD Front Disconnected: 4097
TD Front Disconnected: 4097
TD Front Disconnected: 4097
TD Front Disconnected: 4097
TD Front Disconnected: 4097
TD Front Disconnected: 4097
TD Front Disconnected: 4097
TD Front Disconnected: 4097
TD Front Disconnected: 4097
TD Front Disconnected: 4097
TD Front Disconnected: 4097
TD Front Disconnected: 4097
TD Front Disconnected: 4097
TD Front Disconnected: 4097
TD Front Disconnected: 4097
TD Front Disconnected: 4097
TD Front Disconnected: 4097
TD Front Disconnected: 4097
TD Front Disconnected: 4097
TD Front Disconnected: 4097
TD Front Disconnected: 4097
TD Front Disconnected: 4097
TD Front Disconnected: 4097
TD Front Disconnected: 4097
TD Front Disconnected: 4097
TD Front Disconnected: 4097
TD Front Disconnected: 4097
TD Front Disconnected: 4097
TD Front Disconnected: 4097
TD Front Disconnected: 4097
TD Front Disconnected: 4097
TD Front Disconnected: 4097
TD Front Disconnected: 4097
TD Front Disconnected: 4097
TD Front Disconnected: 4097
TD Front Disconnected: 4097
TD Front Disconnected: 4097
TD Front Disconnected: 4097
TD Front Disconnected: 4097
TD Front Disconnected: 4097
TD Front Disconnected: 4097
TD Front Disconnected: 4097
TD Front Disconnected: 4097
TD Front Disconnected: 4097
TD Front Disconnected: 4097
TD Front Disconnected: 4097
TD Front Disconnected: 4097
TD Front Disconnected: 4097
TD Front Disconnected: 4097
TD Front Disconnected: 4097
TD Front Disconnected: 4097
TD Front Disconnected: 4097
TD Front Disconnected: 4097
TD Front Disconnected: 4097
TD Front Disconnected: 4097
TD Front Disconnected: 4097
TD Front Disconnected: 4097
TD Front Disconnected: 4097
TD Front Disconnected: 4097
TD Front Disconnected: 4097
TD Front Disconnected: 4097
TD Front Disconnected: 4097
TD Front Disconnected: 4097
TD Front Disconnected: 4097
TD Front Disconnected: 4097
TD Front Disconnected: 4097
TD Front Disconnected: 4097
TD Front Disconnected: 4097
TD Front Disconnected: 4097
TD Front Disconnected: 4097
TD Front Disconnected: 4097
TD Front Disconnected: 4097
TD Front Disconnected: 4097
TD Front Disconnected: 4097
TD Front Disconnected: 4097
TD Front Disconnected: 4097
TD Front Disconnected: 4097
TD Front Disconnected: 4097
TD Front Disconnected: 4097
TD Front Disconnected: 4097
TD Front Disconnected: 4097
TD Front Disconnected: 4097
TD Front Disconnected: 4097
TD Front Disconnected: 4097
TD Front Disconnected: 4097
TD Front Disconnected: 4097
TD Front Disconnected: 4097
TD Front Disconnected: 4097
TD Front Disconnected: 4097
TD Front Disconnected: 4097
TD Front Disconnected: 4097
TD Front Disconnected: 4097
TD Front Disconnected: 4097
TD Front Disconnected: 4097
TD Front Disconnected: 4097
TD Front Disconnected: 4097
TD Front Disconnected: 4097
TD Front Disconnected: 4097
TD Front Disconnected: 4097
TD Front Disconnected: 4097
TD Front Disconnected: 4097
TD Front Disconnected: 4097
TD Front Disconnected: 4097
TD Front Disconnected: 4097
TD Front Disconnected: 4097
TD Front Disconnected: 4097
TD Front Disconnected: 4097
TD Front Disconnected: 4097
TD Front Disconnected: 4097
TD Front Disconnected: 4097
TD Front Disconnected: 4097
TD Front Disconnected: 4097
TD Front Disconnected: 4097
TD Front Disconnected: 4097
TD Front Disconnected: 4097
TD Front Disconnected: 4097
TD Front Disconnected: 4097
TD Front Disconnected: 4097
TD Front Disconnected: 4097
TD Front Disconnected: 4097
TD Front Disconnected: 4097
TD Front Disconnected: 4097
TD Front Disconnected: 4097
TD Front Disconnected: 4097
TD Front Disconnected: 4097
TD Front Disconnected: 4097
TD Front Disconnected: 4097
TD Front Disconnected: 4097
TD Front Disconnected: 4097
TD Front Disconnected: 4097
TD Front530517][ 4097]
CThostFtdcUserApiImplBase::OnSessionDisconnected[00000218C837BA08][730596054][ 4097]
CThostFtdcUserApiImplBase::OnSessionDisconnected[00000218C837B8B8][730596055][ 4097]
CThostFtdcUserApiImplBase::OnSessionDisconnected[00000218C837B6F8][730596056][ 4097]
CThostFtdcUserApiImplBase::OnSessionDisconnected[00000218C837B768][730596057][ 4097]
CThostFtdcUserApiImplBase::OnSessionDisconnected[00000218C837BBC8][730596058][ 4097]
CThostFtdcUserApiImplBase::OnSessionDisconnected[00000218C837BBC8][730596059][ 4097]
CThostFtdcUserApiImplBase::OnSessionDisconnected[00000218C837BA78][730596060][ 4097]
CThostFtdcUserApiImplBase::OnSessionDisconnected[00000218C837B8B8][730596061][ 4097]
CThostFtdcUserApiImplBase::OnSessionDisconnected[00000218C837BC38][730596062][ 4097]
CThostFtdcUserApiImplBase::OnSessionDisconnected[00000218C837BC38][730661599][ 4097]
CThostFtdcUserApiImplBase::OnSessionDisconnected[00000218C837BD88][730661600][ 4097]
CThostFtdcUserApiImplBase::OnSessionDisconnected[00000218C837B8B8][730661601][ 4097]
CThostFtdcUserApiImplBase::OnSessionDisconnected[00000218C837BCA8][730661602][ 4097]
CThostFtdcUserApiImplBase::OnSessionDisconnected[00000218C837B768][730661603][ 4097]
CThostFtdcUserApiImplBase::OnSessionDisconnected[00000218C837B928][730661604][ 4097]
CThostFtdcUserApiImplBase::OnSessionDisconnected[00000218C837B6F8][730661605][ 4097]
CThostFtdcUserApiImplBase::OnSessionDisconnected[00000218C837BBC8][730661606][ 4097]
CThostFtdcUserApiImplBase::OnSessionDisconnected[00000218C837B7D8][730727143][ 4097]
CThostFtdcUserApiImplBase::OnSessionDisconnected[00000218C837BD88][730727144][ 4097]
CThostFtdcUserApiImplBase::OnSessionDisconnected[00000218C837BA78][730727145][ 4097]
CThostFtdcUserApiImplBase::OnSessionDisconnected[00000218C837B6F8][730727146][ 4097]
CThostFtdcUserApiImplBase::OnSessionDisconnected[00000218C837B8B8][730727147][ 4097]
CThostFtdcUserApiImplBase::OnSessionDisconnected[00000218C837B7D8][730727148][ 4097]
CThostFtdcUserApiImplBase::OnSessionDisconnected[00000218C837B928][730727149][ 4097]
CThostFtdcUserApiImplBase::OnSessionDisconnected[00000218C837BBC8][730727150][ 4097]
CThostFtdcUserApiImplBase::OnSessionDisconnected[00000218C837BA08][730792687][ 4097]
CThostFtdcUserApiImplBase::OnSessionDisconnected[00000218C837BC38][730792688][ 4097]
CThostFtdcUserApiImplBase::OnSessionDisconnected[00000218C837BC38][730792689][ 4097]
CThostFtdcUserApiImplBase::OnSessionDisconnected[00000218C837B7D8][730792690][ 4097]
CThostFtdcUserApiImplBase::OnSessionDisconnected[00000218C837BA78][730792691][ 4097]
CThostFtdcUserApiImplBase::OnSessionDisconnected[00000218C837B928][730858229][ 4097]
CThostFtdcUserApiImplBase::OnSessionDisconnected[00000218C837BBC8][730858230][ 4097]
CThostFtdcUserApiImplBase::OnSessionDisconnected[00000218C837B768][730858231][ 4097]
CThostFtdcUserApiImplBase::OnSessionDisconnected[00000218C837B6F8][730858232][ 4097]
CThostFtdcUserApiImplBase::OnSessionDisconnected[00000218C837BA78][730858233][ 4097]
CThostFtdcUserApiImplBase::OnSessionDisconnected[00000218C837BBC8][730858234][ 4097]
CThostFtdcUserApiImplBase::OnSessionDisconnected[00000218C837BBC8][730858235][ 4097]
CThostFtdcUserApiImplBase::OnSessionDisconnected[00000218C837BC38][730858236][ 4097]
CThostFtdcUserApiImplBase::OnSessionDisconnected[00000218C837B7D8][730858237][ 4097]
CThostFtdcUserApiImplBase::OnSessionDisconnected[00000218C837B998][730923774][ 4097]
CThostFtdcUserApiImplBase::OnSessionDisconnected[00000218C837BA78][730923775][ 4097]
CThostFtdcUserApiImplBase::OnSessionDisconnected[00000218C837BBC8][730923776][ 4097]
CThostFtdcUserApiImplBase::OnSessionDisconnected[00000218C837BCA8][730923777][ 4097]
CThostFtdcUserApiImplBase::OnSessionDisconnected[00000218C837B6F8][730923778][ 4097]
CThostFtdcUserApiImplBase::OnSessionDisconnected[00000218C837B6F8][730923779][ 4097]
CThostFtdcUserApiImplBase::OnSessionDisconnected[00000218C837BD88][730923780][ 4097]
CThostFtdcUserApiImplBase::OnSessionDisconnected[00000218C837BA08][730923781][ 4097]
CThostFtdcUserApiImplBase::OnSessionDisconnected[00000218C837B6F8][730923782][ 4097]
CThostFtdcUserApiImplBase::OnSessionDisconnected[00000218C837B6F8][730989319][ 4097]
CThostFtdcUserApiImplBase::OnSessionDisconnected[00000218C837BBC8][730989320][ 4097]
CThostFtdcUserApiImplBase::OnSessionDisconnected[00000218C837BD88][730989321][ 4097]
CThostFtdcUserApiImplBase::OnSessionDisconnected[00000218C837BA08][730989322][ 4097]
CThostFtdcUserApiImplBase::OnSessionDisconnected[00000218C837BAE8][730989323][ 4097]
CThostFtdcUserApiImplBase::OnSessionDisconnected[00000218C837B6F8][730989324][ 4097]
CThostFtdcUserApiImplBase::OnSessionDisconnected[00000218C837BAE8][730989325][ 4097]
CThostFtdcUserApiImplBase::OnSessionDisconnected[00000218C837BA78][730989326][ 4097]
CThostFtdcUserApiImplBase::OnSessionDisconnected[00000218C837BBC8][730989327][ 4097]
CThostFtdcUserApiImplBase::OnSessionDisconnected[00000218C837BA08][730989328][ 4097]
CThostFtdcUserApiImplBase::OnSessionDisconnected[00000218C837B8B8][731054865][ 4097]
CThostFtdcUserApiImplBase::OnSessionDisconnected[00000218C837BC38][731054866][ 4097]
CThostFtdcUserApiImplBase::OnSessionDisconnected[00000218C837BC38][731054867][ 4097]
CThostFtdcUserApiImplBase::OnSessionDisconnected[00000218C837BBC8][731054868][ 4097]
CThostFtdcUserApiImplBase::OnSessionDisconnected[00000218C837BCA8][731054869][ 4097]
CThostFtdcUserApiImplBase::OnSessionDisconnected[00000218C837B998][731054870][ 4097]
CThostFtdcUserApiImplBase::OnSessionDisconnected[00000218C837BD88][731054871][ 4097]
CThostFtdcUserApiImplBase::OnSessionDisconnected[00000218C837BBC8][731054872][ 4097]
CThostFtdcUserApiImplBase::OnSessionDisconnected[00000218C837BA78][731054873][ 4097]
CThostFtdcUserApiImplBase::OnSessionDisconnected[00000218C837B8B8][731120410][ 4097]
CThostFtdcUserApiImplBase::OnSessionDisconnected[00000218C837BC38][731120411][ 4097]
CThostFtdcUserApiImplBase::OnSessionDisconnected[00000218C837BD88][731120412][ 4097]
CThostFtdcUserApiImplBase::OnSessionDisconnected[00000218C837B768][731120413][ 4097]
CThostFtdcUserApiImplBase::OnSessionDisconnected[00000218C837BD88][731120414][ 4097]
CThostFtdcUserApiImplBase::OnSessionDisconnected[00000218C837B7D8][731120415][ 4097]
CThostFtdcUserApiImplBase::OnSessionDisconnected[00000218C837B8B8][731120416][ 4097]
CThostFtdcUserApiImplBase::OnSessionDisconnected[00000218C837BD88][731120417][ 4097]
CThostFtdcUserApiImplBase::OnSessionDisconnected[00000218C837B768][731120418][ 4097]
CThostFtdcUserApiImplBase::OnSessionDisconnected[00000218C837BD88][731120419][ 4097]
CThostFtdcUserApiImplBase::OnSessionDisconnected[00000218C837B7D8][731185956][ 4097]
CThostFtdcUserApiImplBase::OnSessionDisconnected[00000218C837B8B8][731185957][ 4097]
CThostFtdcUserApiImplBase::OnSessionDisconnected[00000218C837BCA8][731185958][ 4097]
CThostFtdcUserApiImplBase::OnSessionDisconnected[00000218C837B8B8][731185959][ 4097]
CThostFtdcUserApiImplBase::OnSessionDisconnected[00000218C837B6F8][731185960][ 4097]
CThostFtdcUserApiImplBase::OnSessionDisconnected[00000218C837BD88][731185961][ 4097]
CThostFtdcUserApiImplBase::OnSessionDisconnected[00000218C837B928][731185962][ 4097]
CThostFtdcUserApiImplBase::OnSessionDisconnected[00000218C837BA78][731185963][ 4097]
CThostFtdcUserApiImplBase::OnSessionDisconnected[00000218C837B6F8][731185964][ 4097]
CThostFtdcUserApiImplBase::OnSessionDisconnected[00000218C837BA08][731185965][ 4097]
CThostFtdcUserApiImplBase::OnSessionDisconnected[00000218C837B7D8][731251502][ 4097]
CThostFtdcUserApiImplBase::OnSessionDisconnected[00000218C837B6F8][731251503][ 4097]
CThostFtdcUserApiImplBase::OnSessionDisconnected[00000218C837B8B8][731251504][ 4097]
CThostFtdcUserApiImplBase::OnSessionDisconnected[00000218C837B8B8][731251505][ 4097]
CThostFtdcUserApiImplBase::OnSessionDisconnected[00000218C837B6F8][731251506][ 4097]
CThostFtdcUserApiImplBase::OnSessionDisconnected[00000218C837BBC8][731251507][ 4097]
CThostFtdcUserApiImplBase::OnSessionDisconnected[00000218C837BA08][731251508][ 4097]
CThostFtdcUserApiImplBase::OnSessionDisconnected[00000218C837BBC8][731251509][ 4097]
CThostFtdcUserApiImplBase::OnSessionDisconnected[00000218C837BA08][731251510][ 4097]
CThostFtdcUserApiImplBase::OnSessionDisconnected[00000218C837BCA8][731317047][ 4097]
CThostFtdcUserApiImplBase::OnSessionDisconnected[00000218C837BCA8][731317048][ 4097]
CThostFtdcUserApiImplBase::OnSessionDisconnected[00000218C837B998][731317049][ 4097]
CThostFtdcUserApiImplBase::OnSessionDisconnected[00000218C837BA08][731317050][ 4097]
CThostFtdcUserApiImplBase::OnSessionDisconnected[00000218C837BBC8][731317051][ 4097]
CThostFtdcUserApiImplBase::OnSessionDisconnected[00000218C837B7D8][731317052][ 4097]
CThostFtdcUserApiImplBase::OnSessionDisconnected[00000218C837BBC8][731317053][ 4097]
CThostFtdcUserApiImplBase::OnSessionDisconnected[00000218C837B6F8][731317054][ 4097]
CThostFtdcUserApiImplBase::OnSessionDisconnected[00000218C837B7D8][731317055][ 4097]
CThostFtdcUserApiImplBase::OnSessionDisconnected[00000218C837B7D8][731317056][ 4097]
CThostFtdcUserApiImplBase::OnSessionDisconnected[00000218C837BBC8][731382593][ 4097]
CThostFtdcUserApiImplBase::OnSessionDisconnected[00000218C837BCA8][731382594][ 4097]
CThostFtdcUserApiImplBase::OnSessionDisconnected[00000218C837B7D8][731382595][ 4097]
CThostFtdcUserApiImplBase::OnSessionDisconnected[00000218C837B8B8][731382596][ 4097]
CThostFtdcUserApiImplBase::OnSessionDisconnected[00000218C837BCA8][731382597][ 4097]
CThostFtdcUserApiImplBase::OnSessionDisconnected[00000218C837BC38][731382598][ 4097]
CThostFtdcUserApiImplBase::OnSessionDisconnected[00000218C837B8B8][731382599][ 4097]
CThostFtdcUserApiImplBase::OnSessionDisconnected[00000218C837B6F8][731382600][ 4097]
CThostFtdcUserApiImplBase::OnSessionDisconnected[00000218C837B998][731382601][ 4097]
CThostFtdcUserApiImplBase::OnSessionDisconnected[00000218C837BBC8][731448138][ 4097]
CThostFtdcUserApiImplBase::OnSessionDisconnected[00000218C837B998][731448139][ 4097]
CThostFtdcUserApiImplBase::OnSessionDisconnected[00000218C837BD88][731448140][ 4097]
CThostFtdcUserApiImplBase::OnSessionDisconnected[00000218C837BD88][731448141][ 4097]
CThostFtdcUserApiImplBase::OnSessionDisconnected[00000218C837B768][731448142][ 4097]
CThostFtdcUserApiImplBase::OnSessionDisconnected[00000218C837BA08][731448143][ 4097]
CThostFtdcUserApiImplBase::OnSessionDisconnected[00000218C837B6F8][731513680][ 4097]
CThostFtdcUserApiImplBase::OnSessionDisconnected[00000218C837B8B8][731513681][ 4097]
CThostFtdcUserApiImplBase::OnSessionDisconnected[00000218C837BA08][731513682][ 4097]
CThostFtdcUserApiImplBase::OnSessionDisconnected[00000218C837B7D8][731513683][ 4097]
CThostFtdcUserApiImplBase::OnSessionDisconnected[00000218C837BBC8][731513684][ 4097]
CThostFtdcUserApiImplBase::OnSessionDisconnected[00000218C837B768][731513685][ 4097]
CThostFtdcUserApiImplBase::OnSessionDisconnected[00000218C837B8B8][731513686][ 4097]
CThostFtdcUserApiImplBase::OnSessionDisconnected[00000218C837BD88][731513687][ 4097]
CThostFtdcUserApiImplBase::OnSessionDisconnected[00000218C837B768][731579224][ 4097]
CThostFtdcUserApiImplBase::OnSessionDisconnected[00000218C837B6F8][731579225][ 4097]
CThostFtdcUserApiImplBase::OnSessionDisconnected[00000218C837B928][731579226][ 4097]
CThostFtdcUserApiImplBase::OnSessionDisconnected[00000218C837BA08][731579227][ 4097]
CThostFtdcUserApiImplBase::OnSessionDisconnected[00000218C837B8B8][731579228][ 4097]
CThostFtdcUserApiImplBase::OnSessionDisconnected[00000218C837B8B8][731579229][ 4097]
CThostFtdcUserApiImplBase::OnSessionDisconnected[00000218C837B6F8][731579230][ 4097]
CThostFtdcUserApiImplBase::OnSessionDisconnected[00000218C837B7D8][731644767][ 4097]
CThostFtdcUserApiImplBase::OnSessionDisconnected[00000218C837BD88][731644768][ 4097]
CThostFtdcUserApiImplBase::OnSessionDisconnected[00000218C837BA78][731644769][ 4097]
CThostFtdcUserApiImplBase::OnSessionDisconnected[00000218C837BD88][731644770][ 4097]
CThostFtdcUserApiImplBase::OnSessionDisconnected[00000218C837B6F8][731644771][ 4097]
CThostFtdcUserApiImplBase::OnSessionDisconnected[00000218C837B8B8][731644772][ 4097]
CThostFtdcUserApiImplBase::OnSessionDisconnected[00000218C837B6F8][731644773][ 4097]
CThostFtdcUserApiImplBase::OnSessionDisconnected[00000218C837BD88][731644774][ 4097]
CThostFtdcUserApiImplBase::OnSess Disconnected: 4097
TD Front Disconnected: 4097
TD Front Disconnected: 4097
TD Front Disconnected: 4097
TD Front Disconnected: 4097
TD Front Disconnected: 4097
TD Front Disconnected: 4097
TD Front Disconnected: 4097
TD Front Disconnected: 4097
TD Front Disconnected: 4097
TD Front Disconnected: 4097
TD Front Disconnected: 4097
TD Front Disconnected: 4097
TD Front Disconnected: 4097
TD Front Disconnected: 4097
TD Front Disconnected: 4097
TD Front Disconnected: 4097
TD Front Disconnected: 4097
TD Front Disconnected: 4097
TD Front Disconnected: 4097
TD Front Disconnected: 4097
TD Front Disconnected: 4097
TD Front Disconnected: 4097
TD Front Disconnected: 4097
TD Front Disconnected: 4097
TD Front Disconnected: 4097
TD Front Disconnected: 4097
TD Front Disconnected: 4097
TD Front Disconnected: 4097
TD Front Disconnected: 4097
TD Front Disconnected: 4097
TD Front Disconnected: 4097
TD Front Disconnected: 4097
TD Front Disconnected: 4097
TD Front Disconnected: 4097
TD Front Disconnected: 4097
TD Front Disconnected: 4097
TD Front Disconnected: 4097
TD Front Disconnected: 4097
TD Front Disconnected: 4097
TD Front Disconnected: 4097
TD Front Disconnected: 4097
TD Front Disconnected: 4097
TD Front Disconnected: 4097
TD Front Disconnected: 4097
TD Front Disconnected: 4097
TD Front Disconnected: 4097
TD Front Disconnected: 4097
TD Front Disconnected: 4097
TD Front Disconnected: 4097
TD Front Disconnected: 4097
TD Front Disconnected: 4097
TD Front Disconnected: 4097
TD Front Disconnected: 4097
TD Front Disconnected: 4097
TD Front Disconnected: 4097
TD Front Disconnected: 4097
TD Front Disconnected: 4097
TD Front Disconnected: 4097
TD Front Disconnected: 4097
TD Front Disconnected: 4097
TD Front Disconnected: 4097
TD Front Disconnected: 4097
TD Front Disconnected: 4097
TD Front Disconnected: 4097
TD Front Disconnected: 4097
TD Front Disconnected: 4097
TD Front Disconnected: 4097
TD Front Disconnected: 4097
TD Front Disconnected: 4097
TD Front Disconnected: 4097
TD Front Disconnected: 4097
TD Front Disconnected: 4097
TD Front Disconnected: 4097
TD Front Disconnected: 4097
TD Front Disconnected: 4097
TD Front Disconnected: 4097
TD Front Disconnected: 4097
TD Front Disconnected: 4097
TD Front Disconnected: 4097
TD Front Disconnected: 4097
TD Front Disconnected: 4097
TD Front Disconnected: 4097
TD Front Disconnected: 4097
TD Front Disconnected: 4097
TD Front Disconnected: 4097
TD Front Disconnected: 4097
TD Front Disconnected: 4097
TD Front Disconnected: 4097
TD Front Disconnected: 4097
TD Front Disconnected: 4097
TD Front Disconnected: 4097
TD Front Disconnected: 4097
TD Front Disconnected: 4097
TD Front Disconnected: 4097
TD Front Disconnected: 4097
TD Front Disconnected: 4097
TD Front Disconnected: 4097
TD Front Disconnected: 4097
TD Front Disconnected: 4097
TD Front Disconnected: 4097
TD Front Disconnected: 4097
TD Front Disconnected: 4097
TD Front Disconnected: 4097
TD Front Disconnected: 4097
TD Front Disconnected: 4097
TD Front Disconnected: 4097
TD Front Disconnected: 4097
TD Front Disconnected: 4097
TD Front Disconnected: 4097
TD Front Disconnected: 4097
TD Front Disconnected: 4097
TD Front Disconnected: 4097
TD Front Disconnected: 4097
TD Front Disconnected: 4097
TD Front Disconnected: 4097
TD Front Disconnected: 4097
TD Front Disconnected: 4097
TD Front Disconnected: 4097
TD Front Disconnected: 4097
TD Front Disconnected: 4097
TD Front Disconnected: 4097
TD Front Disconnected: 4097
TD Front Disconnected: 4097
TD Front Disconnected: 4097
TD Front Disconnected: 4097
TD Front Disconnected: 4097
TD Front Disconnected: 4097
TD Front Disconnected: 4097
TD Front Disconnected: 4097
TD Front Disconnected: 4097
TD Front Disconnected: 4097
TD Front Disconnected: 4097
TD Front Disconnected: 4097
TD Front Disconnected: 4097
TD Front Disconnected: 4097
TD Front Disconnected: 4097
TD Front Disconnected: 4097
TD Front Disconnected: 4097
TD Front Disconnected: 4097
TD Front Disconnected: 4097
TD Front Disconnected: 4097
TD Front Disconnected: 4097
TD Front Disconnected: 4097
TD Front Disconnected: 4097
TD Front Disconnected: 4097
TD Front DisconnionDisconnected[00000218C837B928][731644775][ 4097]
CThostFtdcUserApiImplBase::OnSessionDisconnected[00000218C837BA78][731710312][ 4097]
CThostFtdcUserApiImplBase::OnSessionDisconnected[00000218C837B6F8][731710313][ 4097]
CThostFtdcUserApiImplBase::OnSessionDisconnected[00000218C837B6F8][731710314][ 4097]
CThostFtdcUserApiImplBase::OnSessionDisconnected[00000218C837B8B8][731710315][ 4097]
CThostFtdcUserApiImplBase::OnSessionDisconnected[00000218C837BBC8][731710316][ 4097]
CThostFtdcUserApiImplBase::OnSessionDisconnected[00000218C837B928][731710317][ 4097]
CThostFtdcUserApiImplBase::OnSessionDisconnected[00000218C837B998][731710318][ 4097]
CThostFtdcUserApiImplBase::OnSessionDisconnected[00000218C837BC38][731710319][ 4097]
CThostFtdcUserApiImplBase::OnSessionDisconnected[00000218C837BA08][731775856][ 4097]
CThostFtdcUserApiImplBase::OnSessionDisconnected[00000218C837B8B8][731775857][ 4097]
CThostFtdcUserApiImplBase::OnSessionDisconnected[00000218C837BD88][731775858][ 4097]
CThostFtdcUserApiImplBase::OnSessionDisconnected[00000218C837B768][731775859][ 4097]
CThostFtdcUserApiImplBase::OnSessionDisconnected[00000218C837B6F8][731775860][ 4097]
CThostFtdcUserApiImplBase::OnSessionDisconnected[00000218C837BC38][731775861][ 4097]
CThostFtdcUserApiImplBase::OnSessionDisconnected[00000218C837BC38][731775862][ 4097]
CThostFtdcUserApiImplBase::OnSessionDisconnected[00000218C837BBC8][731775863][ 4097]
CThostFtdcUserApiImplBase::OnSessionDisconnected[00000218C837BCA8][731775864][ 4097]
CThostFtdcUserApiImplBase::OnSessionDisconnected[00000218C837BC38][731775865][ 4097]
CThostFtdcUserApiImplBase::OnSessionDisconnected[00000218C837BBC8][731841402][ 4097]
CThostFtdcUserApiImplBase::OnSessionDisconnected[00000218C837BBC8][731841403][ 4097]
CThostFtdcUserApiImplBase::OnSessionDisconnected[00000218C837BAE8][731841404][ 4097]
CThostFtdcUserApiImplBase::OnSessionDisconnected[00000218C837B768][731841405][ 4097]
CThostFtdcUserApiImplBase::OnSessionDisconnected[00000218C837B998][731841406][ 4097]
CThostFtdcUserApiImplBase::OnSessionDisconnected[00000218C837BA08][731841407][ 4097]
CThostFtdcUserApiImplBase::OnSessionDisconnected[00000218C837B8B8][731841408][ 4097]
CThostFtdcUserApiImplBase::OnSessionDisconnected[00000218C837BD88][731841409][ 4097]
CThostFtdcUserApiImplBase::OnSessionDisconnected[00000218C837B768][731906946][ 4097]
CThostFtdcUserApiImplBase::OnSessionDisconnected[00000218C837B6F8][731906947][ 4097]
CThostFtdcUserApiImplBase::OnSessionDisconnected[00000218C837BA08][731906948][ 4097]
CThostFtdcUserApiImplBase::OnSessionDisconnected[00000218C837B6F8][731906949][ 4097]
CThostFtdcUserApiImplBase::OnSessionDisconnected[00000218C837B928][731906950][ 4097]
CThostFtdcUserApiImplBase::OnSessionDisconnected[00000218C837B6F8][731906951][ 4097]
CThostFtdcUserApiImplBase::OnSessionDisconnected[00000218C837B928][731906952][ 4097]
CThostFtdcUserApiImplBase::OnSessionDisconnected[00000218C837BA08][731906953][ 4097]
CThostFtdcUserApiImplBase::OnSessionDisconnected[00000218C837B8B8][731972490][ 4097]
CThostFtdcUserApiImplBase::OnSessionDisconnected[00000218C837BD88][731972491][ 4097]
CThostFtdcUserApiImplBase::OnSessionDisconnected[00000218C837B8B8][731972492][ 4097]
CThostFtdcUserApiImplBase::OnSessionDisconnected[00000218C837BA08][731972493][ 4097]
CThostFtdcUserApiImplBase::OnSessionDisconnected[00000218C837BAE8][731972494][ 4097]
CThostFtdcUserApiImplBase::OnSessionDisconnected[00000218C837BA78][731972495][ 4097]
CThostFtdcUserApiImplBase::OnSessionDisconnected[00000218C837B7D8][731972496][ 4097]
CThostFtdcUserApiImplBase::OnSessionDisconnected[00000218C837B998][731972497][ 4097]
CThostFtdcUserApiImplBase::OnSessionDisconnected[00000218C837BC38][731972498][ 4097]
CThostFtdcUserApiImplBase::OnSessionDisconnected[00000218C837BC38][731972499][ 4097]
CThostFtdcUserApiImplBase::OnSessionDisconnected[00000218C837BA78][732038036][ 4097]
CThostFtdcUserApiImplBase::OnSessionDisconnected[00000218C837BA08][732038037][ 4097]
CThostFtdcUserApiImplBase::OnSessionDisconnected[00000218C837B768][732038038][ 4097]
CThostFtdcUserApiImplBase::OnSessionDisconnected[00000218C837B6F8][732038039][ 4097]
CThostFtdcUserApiImplBase::OnSessionDisconnected[00000218C837B6F8][732038040][ 4097]
CThostFtdcUserApiImplBase::OnSessionDisconnected[00000218C837BBC8][732038041][ 4097]
CThostFtdcUserApiImplBase::OnSessionDisconnected[00000218C837BD88][732038042][ 4097]
CThostFtdcUserApiImplBase::OnSessionDisconnected[00000218C837BA08][732103579][ 4097]
CThostFtdcUserApiImplBase::OnSessionDisconnected[00000218C837BA78][732103580][ 4097]
CThostFtdcUserApiImplBase::OnSessionDisconnected[00000218C837BD88][732103581][ 4097]
CThostFtdcUserApiImplBase::OnSessionDisconnected[00000218C837BCA8][732103582][ 4097]
CThostFtdcUserApiImplBase::OnSessionDisconnected[00000218C837BBC8][732103583][ 4097]
CThostFtdcUserApiImplBase::OnSessionDisconnected[00000218C837BCA8][732103584][ 4097]
CThostFtdcUserApiImplBase::OnSessionDisconnected[00000218C837B8B8][732103585][ 4097]
CThostFtdcUserApiImplBase::OnSessionDisconnected[00000218C837BBC8][732169122][ 4097]
CThostFtdcUserApiImplBase::OnSessionDisconnected[00000218C837BD88][732169123][ 4097]
CThostFtdcUserApiImplBase::OnSessionDisconnected[00000218C837B8B8][732169124][ 4097]
CThostFtdcUserApiImplBase::OnSessionDisconnected[00000218C837BC38][732169125][ 4097]
CThostFtdcUserApiImplBase::OnSessionDisconnected[00000218C837B768][732169126][ 4097]
CThostFtdcUserApiImplBase::OnSessionDisconnected[00000218C837BD88][732169127][ 4097]
CThostFtdcUserApiImplBase::OnSessionDisconnected[00000218C837BD88][732169128][ 4097]
CThostFtdcUserApiImplBase::OnSessionDisconnected[00000218C837B8B8][732234665][ 4097]
CThostFtdcUserApiImplBase::OnSessionDisconnected[00000218C837B8B8][732234667][ 4097]
CThostFtdcUserApiImplBase::OnSessionDisconnected[00000218C837BBC8][732234668][ 4097]
CThostFtdcUserApiImplBase::OnSessionDisconnected[00000218C837BA78][732300205][ 4097]
CThostFtdcUserApiImplBase::OnSessionDisconnected[00000218C837B8B8][732300206][ 4097]
CThostFtdcUserApiImplBase::OnSessionDisconnected[00000218C837B6F8][732300207][ 4097]
CThostFtdcUserApiImplBase::OnSessionDisconnected[00000218C837BD88][732300208][ 4097]
CThostFtdcUserApiImplBase::OnSessionDisconnected[00000218C837BA78][732300209][ 4097]
CThostFtdcUserApiImplBase::OnSessionDisconnected[00000218C837BA08][732300210][ 4097]
CThostFtdcUserApiImplBase::OnSessionDisconnected[00000218C837B7D8][732300211][ 4097]
CThostFtdcUserApiImplBase::OnSessionDisconnected[00000218C837BD88][732365748][ 4097]
CThostFtdcUserApiImplBase::OnSessionDisconnected[00000218C837BD88][732365749][ 4097]
CThostFtdcUserApiImplBase::OnSessionDisconnected[00000218C837BCA8][732365750][ 4097]
CThostFtdcUserApiImplBase::OnSessionDisconnected[00000218C837BCA8][732365751][ 4097]
CThostFtdcUserApiImplBase::OnSessionDisconnected[00000218C837B998][732365752][ 4097]
CThostFtdcUserApiImplBase::OnSessionDisconnected[00000218C837BA08][732365753][ 4097]
CThostFtdcUserApiImplBase::OnSessionDisconnected[00000218C837BBC8][732365754][ 4097]
CThostFtdcUserApiImplBase::OnSessionDisconnected[00000218C837B7D8][732365755][ 4097]
CThostFtdcUserApiImplBase::OnSessionDisconnected[00000218C837BA08][732431292][ 4097]
CThostFtdcUserApiImplBase::OnSessionDisconnected[00000218C837BC38][732431293][ 4097]
CThostFtdcUserApiImplBase::OnSessionDisconnected[00000218C837BD88][732431294][ 4097]
CThostFtdcUserApiImplBase::OnSessionDisconnected[00000218C837BD88][732431295][ 4097]
CThostFtdcUserApiImplBase::OnSessionDisconnected[00000218C837B8B8][732431296][ 4097]
CThostFtdcUserApiImplBase::OnSessionDisconnected[00000218C837BC38][732431297][ 4097]
CThostFtdcUserApiImplBase::OnSessionDisconnected[00000218C837BA78][732431298][ 4097]
CThostFtdcUserApiImplBase::OnSessionDisconnected[00000218C837BA08][732496835][ 4097]
CThostFtdcUserApiImplBase::OnSessionDisconnected[00000218C837B7D8][732496836][ 4097]
CThostFtdcUserApiImplBase::OnSessionDisconnected[00000218C837BD88][732496837][ 4097]
CThostFtdcUserApiImplBase::OnSessionDisconnected[00000218C837BD88][732496838][ 4097]
CThostFtdcUserApiImplBase::OnSessionDisconnected[00000218C837B928][732496839][ 4097]
CThostFtdcUserApiImplBase::OnSessionDisconnected[00000218C837B8B8][732496840][ 4097]
CThostFtdcUserApiImplBase::OnSessionDisconnected[00000218C837B928][732496841][ 4097]
CThostFtdcUserApiImplBase::OnSessionDisconnected[00000218C837BBC8][732562378][ 4097]
CThostFtdcUserApiImplBase::OnSessionDisconnected[00000218C837BBC8][732562379][ 4097]
CThostFtdcUserApiImplBase::OnSessionDisconnected[00000218C837BD88][732562380][ 4097]
CThostFtdcUserApiImplBase::OnSessionDisconnected[00000218C837B8B8][732562381][ 4097]
CThostFtdcUserApiImplBase::OnSessionDisconnected[00000218C837B768][732562382][ 4097]
CThostFtdcUserApiImplBase::OnSessionDisconnected[00000218C837BA08][732562383][ 4097]
CThostFtdcUserApiImplBase::OnSessionDisconnected[00000218C837B768][732562384][ 4097]
CThostFtdcUserApiImplBase::OnSessionDisconnected[00000218C837BA08][732562385][ 4097]
CThostFtdcUserApiImplBase::OnSessionDisconnected[00000218C837B928][732627922][ 4097]
CThostFtdcUserApiImplBase::OnSessionDisconnected[00000218C837BC38][732627923][ 4097]
CThostFtdcUserApiImplBase::OnSessionDisconnected[00000218C837B6F8][732627924][ 4097]
CThostFtdcUserApiImplBase::OnSessionDisconnected[00000218C837BA78][732627925][ 4097]
CThostFtdcUserApiImplBase::OnSessionDisconnected[00000218C837BD88][732627926][ 4097]
CThostFtdcUserApiImplBase::OnSessionDisconnected[00000218C837BCA8][732627927][ 4097]
CThostFtdcUserApiImplBase::OnSessionDisconnected[00000218C837B6F8][732693464][ 4097]
CThostFtdcUserApiImplBase::OnSessionDisconnected[00000218C837B6F8][732693465][ 4097]
CThostFtdcUserApiImplBase::OnSessionDisconnected[00000218C837BBC8][732693466][ 4097]
CThostFtdcUserApiImplBase::OnSessionDisconnected[00000218C837B8B8][732693467][ 4097]
CThostFtdcUserApiImplBase::OnSessionDisconnected[00000218C837B7D8][732693468][ 4097]
CThostFtdcUserApiImplBase::OnSessionDisconnected[00000218C837BA78][732693469][ 4097]
CThostFtdcUserApiImplBase::OnSessionDisconnected[00000218C837BA08][732693470][ 4097]
CThostFtdcUserApiImplBase::OnSessionDisconnected[00000218C837B7D8][732759007][ 4097]
CThostFtdcUserApiImplBase::OnSessionDisconnected[00000218C837BD88][732759008][ 4097]
CThostFtdcUserApiImplBase::OnSessionDisconnected[00000218C837BD88][732759009][ 4097]
CThostFtdcUserApiImplBase::OnSessionDisconnected[00000218C837BBC8][732759010][ 4097]
CThostFtdcUserApiImplBase::OnSessionDisconnected[00000218C837B928][732759011][ 4097]
CThostFtdcUserApiImplBase::OnSessionDisconnected[00000218C837B998][732759012][ 4097]
CThostFtdcUserApiImplBase::OnSessionDisconnected[00000218C837BC38][732759013][ 4097]
CThostFtdcUserApiImplBase::OnSessionDisconnected[00000218C837BBC8][732759014][ 4097]
CThostFtdcUserApiImplBase::OnSessionDisconnected[00000218C837B8B8][732824551][ 4097]
CThostFtdcUserApiImplBase::OnSessionDisconnected[00000218C837B7D8][732824552][ 4097]
CThostFtdcUserApiImplBase::OnSessionDisconnected[00000218C837BA08][732824553][ 4097]
CThostFtdcUserApiImplBase::OnSessionDisconnected[00000218C837BC38][732824554][ 4097]
CThostFtdcUserApiImplBase::OnSessionDisconnected[00000218C837BA08][732824555][ 4097]
CThostFtdcUserApiImplBase::OnSessionDisconnected[00000218C837B8B8][732824556][ 4097]
CThostFtdcUserApiImplBase::OnSessionDisconnected[00000218C837BD88][732824557][ 4097]
CThostFtdcUserApiImplBase::OnSessionDisconnected[00000218C837B928][732890094][ 4097]
CThostFtdcUserApiImplBase::OnSessionDisconnected[00000218C837BD88][732890095][ 4097]
CThostFtdcUserApiImplBase::OnSessionDisconnected[00000218C837BD88][732890096][ 4097]
CThostFtdcUserApiImplBase::OnSessionDisconnected[00000218C837B768][732890097][ 4097]
CThostFtdcUserApiImplBase::OnSessionDisconnected[00000218C837BAE8][732890098][ 4097]
CThostFtdcUserApiImplBase::OnSessionDisconnected[00000218C837BC38][732890099][ 4097]
CThostFtdcUserApiImplBase::OnSessionDisconnected[00000218C837BBC8][732890100][ 4097]
CThostFtdcUserApiImplBase::OnSessionDisconnected[00000218C837B8B8][732955637][ 4097]
CThostFtdcUserApiImplBase::OnSessionDisconnected[00000218C837B7D8][732955638][ 4097]
CThostFtdcUserApiImplBase::OnSessionDisconnected[00000218C837BCA8][732955639][ 4097]
CThostFtdcUserApiImplBase::OnSessionDisconnected[00000218C837BCA8][732955640][ 40ected: 4097
TD Front Disconnected: 4097
TD Front Disconnected: 4097
TD Front Disconnected: 4097
TD Front Disconnected: 4097
TD Front Disconnected: 4097
TD Front Disconnected: 4097
TD Front Disconnected: 4097
TD Front Disconnected: 4097
TD Front Disconnected: 4097
TD Front Disconnected: 4097
TD Front Disconnected: 4097
TD Front Disconnected: 4097
TD Front Disconnected: 4097
TD Front Disconnected: 4097
TD Front Disconnected: 4097
TD Front Disconnected: 4097
TD Front Disconnected: 4097
TD Front Disconnected: 4097
TD Front Disconnected: 4097
TD Front Disconnected: 4097
TD Front Disconnected: 4097
TD Front Disconnected: 4097
TD Front Disconnected: 4097
TD Front Disconnected: 4097
TD Front Disconnected: 4097
TD Front Disconnected: 4097
TD Front Disconnected: 4097
TD Front Disconnected: 4097
TD Front Disconnected: 4097
TD Front Disconnected: 4097
TD Front Disconnected: 4097
TD Front Disconnected: 4097
TD Front Disconnected: 4097
TD Front Disconnected: 4097
TD Front Disconnected: 4097
TD Front Disconnected: 4097
TD Front Disconnected: 4097
TD Front Disconnected: 4097
TD Front Disconnected: 4097
TD Front Disconnected: 4097
TD Front Disconnected: 4097
TD Front Disconnected: 4097
TD Front Disconnected: 4097
TD Front Disconnected: 4097
TD Front Disconnected: 4097
TD Front Disconnected: 4097
TD Front Disconnected: 4097
TD Front Disconnected: 4097
TD Front Disconnected: 4097
TD Front Disconnected: 4097
TD Front Disconnected: 4097
TD Front Disconnected: 4097
TD Front Disconnected: 4097
TD Front Disconnected: 4097
TD Front Disconnected: 4097
TD Front Disconnected: 4097
TD Front Disconnected: 4097
TD Front Disconnected: 4097
TD Front Disconnected: 4097
TD Front Disconnected: 4097
TD Front Disconnected: 4097
TD Front Disconnected: 4097
TD Front Disconnected: 4097
TD Front Disconnected: 4097
TD Front Disconnected: 4097
TD Front Disconnected: 4097
TD Front Disconnected: 4097
TD Front Disconnected: 4097
TD Front Disconnected: 4097
TD Front Disconnected: 4097
TD Front Disconnected: 4097
TD Front Disconnected: 4097
TD Front Disconnected: 4097
TD Front Disconnected: 4097
TD Front Disconnected: 4097
TD Front Disconnected: 4097
TD Front Disconnected: 4097
TD Front Disconnected: 4097
TD Front Disconnected: 4097
TD Front Disconnected: 4097
TD Front Disconnected: 4097
TD Front Disconnected: 4097
TD Front Disconnected: 4097
TD Front Disconnected: 4097
TD Front Disconnected: 4097
TD Front Disconnected: 4097
TD Front Disconnected: 4097
TD Front Disconnected: 4097
TD Front Disconnected: 4097
TD Front Disconnected: 4097
TD Front Disconnected: 4097
TD Front Disconnected: 4097
TD Front Disconnected: 4097
TD Front Disconnected: 4097
TD Front Disconnected: 4097
TD Front Disconnected: 4097
TD Front Disconnected: 4097
TD Front Disconnected: 4097
TD Front Disconnected: 4097
TD Front Disconnected: 4097
TD Front Disconnected: 4097
TD Front Disconnected: 4097
TD Front Disconnected: 4097
TD Front Disconnected: 4097
TD Front Disconnected: 4097
TD Front Disconnected: 4097
TD Front Disconnected: 4097
TD Front Disconnected: 4097
TD Front Disconnected: 4097
TD Front Disconnected: 4097
TD Front Disconnected: 4097
TD Front Disconnected: 4097
TD Front Disconnected: 4097
TD Front Disconnected: 4097
TD Front Disconnected: 4097
TD Front Disconnected: 4097
TD Front Disconnected: 4097
TD Front Disconnected: 4097
TD Front Disconnected: 4097
TD Front Disconnected: 4097
TD Front Disconnected: 4097
TD Front Disconnected: 4097
TD Front Disconnected: 4097
TD Front Disconnected: 4097
TD Front Disconnected: 4097
TD Front Disconnected: 4097
TD Front Disconnected: 4097
TD Front Disconnected: 4097
TD Front Disconnected: 4097
TD Front Disconnected: 4097
TD Front Disconnected: 4097
TD Front Disconnected: 4097
TD Front Disconnected: 4097
TD Front Disconnected: 4097
TD Front Disconnected: 4097
TD Front Disconnected: 4097
TD Front Disconnected: 4097
TD Front Disconnected: 4097
TD Front Disconnected: 4097
TD Front Disconnected: 4097
TD Front Disconnected: 4097
TD Front Disconnected: 4097
TD Front Disconnected: 4097
TD Front Disconnected: 4097
TD Front Disconnected: 4097
TD Front Disconnected: 497]
CThostFtdcUserApiImplBase::OnSessionDisconnected[00000218C837B768][732955641][ 4097]
CThostFtdcUserApiImplBase::OnSessionDisconnected[00000218C837B6F8][732955642][ 4097]
CThostFtdcUserApiImplBase::OnSessionDisconnected[00000218C837BD88][733021179][ 4097]
CThostFtdcUserApiImplBase::OnSessionDisconnected[00000218C837B928][733021180][ 4097]
CThostFtdcUserApiImplBase::OnSessionDisconnected[00000218C837B8B8][733021181][ 4097]
CThostFtdcUserApiImplBase::OnSessionDisconnected[00000218C837BCA8][733021182][ 4097]
CThostFtdcUserApiImplBase::OnSessionDisconnected[00000218C837BBC8][733021183][ 4097]
CThostFtdcUserApiImplBase::OnSessionDisconnected[00000218C837B768][733021184][ 4097]
CThostFtdcUserApiImplBase::OnSessionDisconnected[00000218C837B8B8][733021185][ 4097]
CThostFtdcUserApiImplBase::OnSessionDisconnected[00000218C837BBC8][733086722][ 4097]
CThostFtdcUserApiImplBase::OnSessionDisconnected[00000218C837BD88][733086723][ 4097]
CThostFtdcUserApiImplBase::OnSessionDisconnected[00000218C837BAE8][733086724][ 4097]
CThostFtdcUserApiImplBase::OnSessionDisconnected[00000218C837BD88][733086725][ 4097]
CThostFtdcUserApiImplBase::OnSessionDisconnected[00000218C837B8B8][733086726][ 4097]
CThostFtdcUserApiImplBase::OnSessionDisconnected[00000218C837B928][733086727][ 4097]
CThostFtdcUserApiImplBase::OnSessionDisconnected[00000218C837B6F8][733152264][ 4097]
CThostFtdcUserApiImplBase::OnSessionDisconnected[00000218C837B928][733152265][ 4097]
CThostFtdcUserApiImplBase::OnSessionDisconnected[00000218C837B768][733152266][ 4097]
CThostFtdcUserApiImplBase::OnSessionDisconnected[00000218C837BA78][733152267][ 4097]
CThostFtdcUserApiImplBase::OnSessionDisconnected[00000218C837B7D8][733152268][ 4097]
CThostFtdcUserApiImplBase::OnSessionDisconnected[00000218C837B8B8][733152269][ 4097]
CThostFtdcUserApiImplBase::OnSessionDisconnected[00000218C837BCA8][733152270][ 4097]
CThostFtdcUserApiImplBase::OnSessionDisconnected[00000218C837B768][733217807][ 4097]
CThostFtdcUserApiImplBase::OnSessionDisconnected[00000218C837B6F8][733217808][ 4097]
CThostFtdcUserApiImplBase::OnSessionDisconnected[00000218C837BA08][733217809][ 4097]
CThostFtdcUserApiImplBase::OnSessionDisconnected[00000218C837B6F8][733217810][ 4097]
CThostFtdcUserApiImplBase::OnSessionDisconnected[00000218C837BD88][733217811][ 4097]
CThostFtdcUserApiImplBase::OnSessionDisconnected[00000218C837B7D8][733217812][ 4097]
CThostFtdcUserApiImplBase::OnSessionDisconnected[00000218C837BBC8][733217813][ 4097]
CThostFtdcUserApiImplBase::OnSessionDisconnected[00000218C837BC38][733283350][ 4097]
CThostFtdcUserApiImplBase::OnSessionDisconnected[00000218C837B7D8][733283351][ 4097]
CThostFtdcUserApiImplBase::OnSessionDisconnected[00000218C837B998][733283352][ 4097]
CThostFtdcUserApiImplBase::OnSessionDisconnected[00000218C837B6F8][733283353][ 4097]
CThostFtdcUserApiImplBase::OnSessionDisconnected[00000218C837B768][733283354][ 4097]
CThostFtdcUserApiImplBase::OnSessionDisconnected[00000218C837B8B8][733283355][ 4097]
CThostFtdcUserApiImplBase::OnSessionDisconnected[00000218C837BBC8][733283356][ 4097]
CThostFtdcUserApiImplBase::OnSessionDisconnected[00000218C837BD88][733283357][ 4097]
CThostFtdcUserApiImplBase::OnSessionDisconnected[00000218C837B8B8][733348894][ 4097]
CThostFtdcUserApiImplBase::OnSessionDisconnected[00000218C837BC38][733348895][ 4097]
CThostFtdcUserApiImplBase::OnSessionDisconnected[00000218C837B8B8][733348896][ 4097]
CThostFtdcUserApiImplBase::OnSessionDisconnected[00000218C837BBC8][733348897][ 4097]
CThostFtdcUserApiImplBase::OnSessionDisconnected[00000218C837B768][733348898][ 4097]
CThostFtdcUserApiImplBase::OnSessionDisconnected[00000218C837B8B8][733348899][ 4097]
CThostFtdcUserApiImplBase::OnSessionDisconnected[00000218C837BC38][733414436][ 4097]
CThostFtdcUserApiImplBase::OnSessionDisconnected[00000218C837BD88][733414437][ 4097]
CThostFtdcUserApiImplBase::OnSessionDisconnected[00000218C837B8B8][733414438][ 4097]
CThostFtdcUserApiImplBase::OnSessionDisconnected[00000218C837BC38][733414439][ 4097]
CThostFtdcUserApiImplBase::OnSessionDisconnected[00000218C837BC38][733414440][ 4097]
CThostFtdcUs{"baseline": "live-ops-policy-v1", "account_id": "025292", "symbol": "rb2610", "disposition": "manual_review_required", "startup_disposition": "manual_review_required", "md_disposition": "manual_review_required", "td_disposition": "manual_review_required", "reconciliation_disposition": "manual_review_required", "manual_review_codes": ["shared_startup_truth_unready", "isolated_startup_truth_unready", "startup_truth_unready", "restored_truth_unready", "missing_account_snapshot", "position_snapshot_incomplete", "missing_available_ratio", "missing_margin_ratio", "missing_account_id", "missing_account_balance"], "rebuild_required_codes": [], "restore_required_codes": [], "boundary_codes": [], "evidence_only_codes": ["isolated_flow_verified", "restore_resubscribe_triggered", "no_current_session_callbacks", "flat_positions"], "findings": [{"code": "manual_review_codes_present", "severity": "warn", "action": "manual_review_required", "metric": "manual_review_codes", "metric_value": "shared_startup_truth_unready,isolated_startup_truth_unready,startup_truth_unready,restored_truth_unready,missing_account_snapshot,position_snapshot_incomplete,missing_available_ratio,missing_margin_ratio,missing_account_id,missing_account_balance", "threshold": "empty", "message": "Underlying truth layers raised manual review findings, so live ops disposition must stay manual_review_required."}, {"code": "startup_rebuild_required", "severity": "warn", "action": "rebuild_required", "metric": "startup_shared_flow_reuse_allowed", "metric_value": false, "threshold": true, "message": "TD startup truth still requires isolated rebuild-safe flow handling."}, {"code": "md_restore_attention_required", "severity": "warn", "action": "restore_required", "metric": "md_restore_succeeded", "metric_value": false, "threshold": true, "message": "MD restore truth is not strong enough to declare the market-data path self-healed."}, {"code": "evidence_only_signals_present", "severity": "info", "action": "evidence_only", "metric": "evidence_only_codes", "metric_value": "isolated_flow_verified,restore_resubscribe_triggered,no_current_session_callbacks,flat_positions", "threshold": "empty", "message": "Live ops snapshot also contains evidence-only signals that should stay visible to operators."}], "bridge_command_kinds": ["connect", "connect", "connect", "subscribe_market_data", "connect", "subscribe_market_data", "connect", "connect", "connect", "connect", "connect"], "bridge_event_kinds": ["disconnected", "disconnected", "disconnected", "disconnected", "disconnected", "disconnected", "disconnected", "disconnected", "disconnected", "disconnected", "disconnected", "disconnected", "disconnected", "disconnected", "disconnected", "disconnected", "disconnected", "disconnected", "disconnected", "disconnected", "disconnected", "disconnected", "disconnected", "disconnected", "disconnected", "disconnected", "disconnected", "disconnected", "disconnected", "disconnected", "disconnected", "disconnected", "disconnected", "disconnected", "disconnected", "disconnected", "disconnected", "disconnected", "disconnected", "disconnected", "disconnected", "disconnected", "disconnected", "disconnected", "disconnected", "disconnected", "disconnected", "disconnected", "disconnected", "disconnected", "disconnected", "disconnected", "disconnected", "disconnected", "disconnected", "disconnected", "disconnected", "disconnected", "disconnected", "disconnected", "disconnected", "disconnected", "disconnected", "disconnected", "disconnected", "disconnected", "disconnected", "disconnected", "disconnected", "disconnected", "disconnected", "disconnected", "disconnected", "disconnected", "disconnected", "disconnected", "disconnected", "disconnected", "disconnected", "disconnected", "disconnected", "disconnected", "disconnected", "disconnected", "disconnected", "disconnected", "disconnected", "disconnected", "disconnected", "disconnected", "disconnected", "disconnected", "disconnected", "disconnected", "disconnected", "disconnected", "disconnected", "disconnected", "disconnected", "disconnected", "disconnected", "disconnected", "disconnected", "disconnected", "disconnected", "disconnected", "disconnected", "disconnected", "disconnected", "disconnected", "disconnected", "disconnected", "disconnected", "disconnected", "disconnected", "disconnected", "disconnected", "disconnected", "disconnected", "disconnected", "disconnected", "disconnected", "disconnected", "disconnected", "disconnected", "disconnected", "disconnected", "disconnected", "disconnected", "disconnected", "disconnected", "disconnected", "disconnected", "disconnected", "disconnected", "disconnected", "disconnected", "disconnected", "disconnected", "disconnected", "disconnected", "disconnected", "disconnected", "disconnected", "disconnected", "disconnected", "disconnected", "disconnected", "disconnected", "disconnected", "disconnected", "disconnected", "disconnected", "disconnected", "disconnected", "disconnected", "disconnected", "disconnected", "disconnected", "disconnected", "disconnected", "disconnected", "disconnected", "disconnected", "disconnected", "disconnected", "disconnected", "disconnected", "disconnected", "disconnected", "disconnected", "disconnected", "disconnected"]}
097
TD Front Disconnected: 4097
TD Front Disconnected: 4097
TD Front Disconnected: 4097
TD Front Disconnected: 4097
TD Front Disconnected: 4097
TD Front Disconnected: 4097
TD Front Disconnected: 4097
TD Front Disconnected: 4097
TD Front Disconnected: 4097
TD Front Disconnected: 4097
TD Front Disconnected: 4097
TD Front Disconnected: 4097
TD Front Disconnected: 4097
TD Front Disconnected: 4097
TD Front Disconnected: 4097
TD Front Disconnected: 4097
TD Front Disconnected: 4097
TD Front Disconnected: 4097
TD Front Disconnected: 4097
TD Front Disconnected: 4097
TD Front Disconnected: 4097
TD Front Disconnected: 4097
TD Front Disconnected: 4097
TD Front Disconnected: 4097
TD Front Disconnected: 4097
erApiImplBase::OnSessionDisconnected[00000218C837BBC8][733414441][ 4097]
CThostFtdcUserApiImplBase::OnSessionDisconnected[00000218C837BCA8][733414442][ 4097]
CThostFtdcUserApiImplBase::OnSessionDisconnected[00000218C837B6F8][733479979][ 4097]
CThostFtdcUserApiImplBase::OnSessionDisconnected[00000218C837BD88][733479980][ 4097]
CThostFtdcUserApiImplBase::OnSessionDisconnected[00000218C837B928][733479981][ 4097]
CThostFtdcUserApiImplBase::OnSessionDisconnected[00000218C837B8B8][733479982][ 4097]
CThostFtdcUserApiImplBase::OnSessionDisconnected[00000218C837BBC8][733479983][ 4097]
CThostFtdcUserApiImplBase::OnSessionDisconnected[00000218C837B768][733479984][ 4097]
CThostFtdcUserApiImplBase::OnSessionDisconnected[00000218C837B6F8][733479985][ 4097]
CThostFtdcUserApiImplBase::OnSessionDisconnected[00000218C837BA08][733545522][ 4097]
CThostFtdcUserApiImplBase::OnSessionDisconnected[00000218C837B6F8][733545523][ 4097]
CThostFtdcUserApiImplBase::OnSessionDisconnected[00000218C837BD88][733545524][ 4097]
CThostFtdcUserApiImplBase::OnSessionDisconnected[00000218C837B7D8][733545525][ 4097]
CThostFtdcUserApiImplBase::OnSessionDisconnected[00000218C837BA08][733545526][ 4097]
CThostFtdcUserApiImplBase::OnSessionDisconnected[00000218C837B8B8][733545527][ 4097]
CThostFtdcUserApiImplBase::OnSessionDisconnected[00000218C837B928][733545528][ 4097]
CThostFtdcUserApiImplBase::OnSessionDisconnected[00000218C837B8B8][733611065][ 4097]
CThostFtdcUserApiImplBase::OnSessionDisconnected[00000218C837B928][733611066][ 4097]
CThostFtdcUserApiImplBase::OnSessionDisconnected[00000218C837BD88][733611067][ 4097]
CThostFtdcUserApiImplBase::OnSessionDisconnected[00000218C837BA78][733611068][ 4097]
CThostFtdcUserApiImplBase::OnSessionDisconnected[00000218C837BD88][733611069][ 4097]
CThostFtdcUserApiImplBase::OnSessionDisconnected[00000218C837BBC8][733611070][ 4097]
CThostFtdcUserApiImplBase::OnSessionDisconnected[00000218C837B8B8][733611071][    0]
ected[00000218C837BBC8][726401411][ 4097]
CThostFtdcUserApiImplBase::OnSessionDisconnected[00000218C837BA08][726401412][ 4097]
CThostFtdcUserApiImplBase::OnSessionDisconnected[00000218C837B6F8][726401413][ 4097]
CThostFtdcUserApiImplBase::OnSessionDisconnected[00000218C837B6F8][726401414][ 4097]
CThostFtdcUserApiImplBase::OnSessionDisconnected[00000218C837B848][726401415][ 4097]
CThostFtdcUserApiImplBase::OnSessionDisconnected[00000218C837BC38][726401416][ 4097]
CThostFtdcUserApiImplBase::OnSessionDisconnected[00000218C837B768][726401417][ 4097]
CThostFtdcUserApiImplBase::OnSessionDisconnected[00000218C837BD88][726401418][ 4097]
CThostFtdcUserApiImplBase::OnSessionDisconnected[00000218C837BA08][726466955][ 4097]
CThostFtdcUserApiImplBase::OnSessionDisconnected[00000218C837B928][726466956][ 4097]
CThostFtdcUserApiImplBase::OnSessionDisconnected[00000218C837BD88][726466957][ 4097]
CThostFtdcUserApiImplBase::OnSessionDisconnected[00000218C837BC38][726466958][ 4097]
CThostFtdcUserApiImplBase::OnSessionDisconnected[00000218C837B928][726466959][ 4097]
CThostFtdcUserApiImplBase::OnSessionDisconnected[00000218C837B928][726466960][ 4097]
CThostFtdcUserApiImplBase::OnSessionDisconnected[00000218C837B7D8][726466961][ 4097]
CThostFtdcUserApiImplBase::OnSessionDisconnected[00000218C837B6F8][726466962][ 4097]
CThostFtdcUserApiImplBase::OnSessionDisconnected[00000218C837BBC8][726466963][ 4097]
CThostFtdcUserApiImplBase::OnSessionDisconnected[00000218C837BBC8][726466964][ 4097]
CThostFtdcUserApiImplBase::OnSessionDisconnected[00000218C837BD88][726532501][ 4097]
CThostFtdcUserApiImplBase::OnSessionDisconnected[00000218C837B768][726532502][ 4097]
CThostFtdcUserApiImplBase::OnSessionDisconnected[00000218C837B928][726532503][ 4097]
CThostFtdcUserApiImplBase::OnSessionDisconnected[00000218C837BBC8][726532504][ 4097]
CThostFtdcUserApiImplBase::OnSessionDisconnected[00000218C837BD88][726532505][ 4097]
CThostFtdcUserApiImplBase::OnSessionDisconnected[00000218C837BD88][726532506][ 4097]
CThostFtdcUserApiImplBase::OnSessionDisconnected[00000218C837B8B8][726532507][ 4097]
