CThostFtdcUserApiImplBase::OnSessionDisconnected[0000017B0F5C2A78][736821249][ 4097]
CThostFtdcUserApiImplBase::OnSessionDisconnected[0000017B0F5C23E8][736821250][ 4097]
CThostFtdcUserApiImplBase::OnSessionDisconnected[0000017B0F5C2298][736886787][ 4097]
CThostFtdcUserApiImplBase::OnSessionDisconnected[0000017B0F5C2A78][736886788][ 4097]
CThostFtdcUserApiImplBase::OnSessionDisconnected[0000017B0F5C2A78][736886789][ 4097]
CThostFtdcUserApiImplBase::OnSessionDisconnected[0000017B0F5C2A78][736886790][ 4097]
CThostFtdcUserApiImplBase::OnSessionDisconnected[0000017B0F5C2A78][736886791][ 4097]
CThostFtdcUserApiImplBase::OnSessionDisconnected[0000017B0F5C2298][736886792][ 4097]
CThostFtdcUserApiImplBase::OnSessionDisconnected[0000017B0F5C2B58][736952329][ 4097]
CThostFtdcUserApiImplBase::OnSessionDisconnected[0000017B0F5C2B58][736952330][ 4097]
CThostFtdcUserApiImplBase::OnSessionDisconnected[0000017B0F5C2A78][736952331][ 4097]
CThostFtdcUserApiImplBase::OnSessionDisconnected[0000017B0F5C2CA8][736952332][ 4097]
CThostFtdcUserApiImplBase::OnSessionDisconnected[0000017B0F5C2AE8][736952333][ 4097]
CThostFtdcUserApiImplBase::OnSessionDisconnected[0000017B0F5C2D88][736952334][ 4097]
CThostFtdcUserApiImplBase::OnSessionDisconnected[0000017B0F5C2298][737017871][ 4097]
CThostFtdcUserApiImplBase::OnSessionDisconnected[0000017B0F5C2378][737017872][ 4097]
CThostFtdcUserApiImplBase::OnSessionDisconnected[0000017B0F5C1F18][737017873][ 4097]
CThostFtdcUserApiImplBase::OnSessionDisconnected[0000017B0F5C2298][737017874][ 4097]
CThostFtdcUserApiImplBase::OnSessionDisconnected[0000017B0F5C24C8][737017875][ 4097]
CThostFtdcUserApiImplBase::OnSessionDisconnected[0000017B0F5C2A78][737017876][ 4097]
CThostFtdcUserApiImplBase::OnSessionDisconnected[0000017B0F5C2298][737083413][ 4097]
CThostFtdcUserApiImplBase::OnSessionDisconnected[0000017B0F5C2A78][737083414][ 4097]
CThostFtdcUserApiImplBase::OnSessionDisconnected[0000017B0F5C2298][737083415][ 4097]
CThostFtdcUserApiImplBase::OnSessionDisconnected[0000017B0F5C1F18][737083416][ 4097]
CThostFtdcUserApiImplBase::OnSessionDisconnected[0000017B0F5C2A78][737083417][ 4097]
CThostFtdcUserApiImplBase::OnSessionDisconnected[0000017B0F5C2B58][737083418][ 4097]
CThostFtdcUserApiImplBase::OnSessionDisconnected[0000017B0F5C2298][737148955][ 4097]
CThostFtdcUserApiImplBase::OnSessionDisconnected[0000017B0F5C2A78][737148956][ 4097]
CThostFtdcUserApiImplBase::OnSessionDisconnected[0000017B0F5C2A78][737148957][ 4097]
CThostFtdcUserApiImplBase::OnSessionDisconnected[0000017B0F5C2298][737148958][ 4097]
CThostFtdcUserApiImplBase::OnSessionDisconnected[0000017B0F5C2D88][737148959][ 4097]
CThostFtdcUserApiImplBase::OnSessionDisconnected[0000017B0F5C24C8][737148960][ 4097]
CThostFtdcUserApiImplBase::OnSessionDisconnected[0000017B0F5C2A78][737214497][ 4097]
CThostFtdcUserApiImplBase::OnSessionDisconnected[0000017B0F5C2D88][737214498][ 4097]
CThostFtdcUserApiImplBase::OnSessionDisconnected[0000017B0F5C2D88][737214499][ 4097]
CThostFtdcUserApiImplBase::OnSessionDisconnected[0000017B0F5C2298][737214500][ 4097]
CThostFtdcUserApiImplBase::OnSessionDisconnected[0000017B0F5C24C8][737214501][ 4097]
CThostFtdcUserApiImplBase::OnSessionDisconnected[0000017B0F5C2CA8][737214502][ 4097]
CThostFtdcUserApiImplBase::OnSessionDisconnected[0000017B0F5C2CA8][737280039][ 4097]
CThostFtdcUserApiImplBase::OnSessionDisconnected[0000017B0F5C2D88][737280040][ 4097]
CThostFtdcUserApiImplBase::OnSessionDisconnected[0000017B0F5C2A78][737280041][ 4097]
CThostFtdcUserApiImplBase::OnSessionDisconnected[0000017B0F5C2A78][737280042][ 4097]
CThostFtdcUserApiImplBase::OnSessionDisconnected[0000017B0F5C24C8][737280043][ 4097]
CThostFtdcUserApiImplBase::OnSessionDisconnected[0000017B0F5C2D88][737280044][ 4097]
CThostFtdcUserApiImplBase::OnSessionDisconnected[0000017B0F5C2D88][737345581][ 4097]
CThostFtdcUserApiImplBase::OnSessionDisconnected[0000017B0F5C2A78][737345582][ 4097]
CThostFtdcUserApiImplBase::OnSessionDisconnected[0000017B0F5C2D88][737345583][ 4097]
CThostFtdcUserApiImplBase::OnSessionDisconnected[0000017B0F5C2A78][737345584][ 4097]
CThostFtdcUserApiImplBase::OnSessionDisconnected[0000017B0F5C2A78][737345585][ 4097]
CThostFtdcUserApiImplBase::OnSessionDisconnected[0000017B0F5C2298][737345586][ 4097]
CThostFtdcUserApiImplBase::OnSessionDisconnected[0000017B0F5C2A78][737411123][ 4097]
CThostFtdcUserApiImplBase::OnSessionDisconnected[0000017B0F5C2298][737411124][ 4097]
CThostFtdcUserApiImplBase::OnSessionDisconnected[0000017B0F5C2A78][737411125][ 4097]
CThostFtdcUserApiImplBase::OnSessionDisconnected[0000017B0F5C2298][737411126][ 4097]
CThostFtdcUserApiImplBase::OnSessionDisconnected[0000017B0F5C2A78][737411127][ 4097]
CThostFtdcUserApiImplBase::OnSessionDisconnected[0000017B0F5C1F18][737411128][ 4097]
CThostFtdcUserApiImplBase::OnSessionDisconnected[0000017B0F5C2A78][737476665][ 4097]
CThostFtdcUserApiImplBase::OnSessionDisconnected[0000017B0F5C2AE8][737476666][ 4097]
CThostFtdcUserApiImplBase::OnSessionDisconnected[0000017B0F5C1F88][737476667][ 4097]
CThostFtdcUserApiImplBase::OnSessionDisconnected[0000017B0F5C2298][737476668][ 4097]
CThostFtdcUserApiImplBase::OnSessionDisconnected[0000017B0F5C23E8][737476669][ 4097]
CThostFtdcUserApiImplBase::OnSessionDisconnected[0000017B0F5C2298][737476670][ 4097]
CThostFtdcUserApiImplBase::OnSessionDisconnected[0000017B0F5C2A78][737542207][ 4097]
CThostFtdcUserApiImplBase::OnSessionDisconnected[0000017B0F5C2A78][737542208][ 4097]
CThostFtdcUserApiImplBase::OnSessionDisconnected[0000017B0F5C2378][737542209][ 4097]
CThostFtdcUserApiImplBase::OnSessionDisconnected[0000017B0F5C24C8][737542210][ 4097]
CThostFtdcUserApiImplBase::OnSessionDisconnected[0000017B0F5C2A78][737542211][ 4097]
CThostFtdcUserApiImplBase::OnSessionDisconnected[0000017B0F5C24C8][737542212][ 4097]
CThostFtdcUserApiImplBase::OnSessionDisconnected[0000017B0F5C2298][737607749][ 4097]
CThostFtdcUserApiImplBase::OnSessionDisconnected[0000017B0F5C2A78][737607750][ 4097]
CThostFtdcUserApiImplBase::OnSessionDisconnected[0000017B0F5C2A78][737607751][ 4097]
CThostFtdcUserApiImplBase::OnSessionDisconnected[0000017B0F5C2298][737607752][ 4097]
CThostFtdcUserApiImplBase::OnSessionDisconnected[0000017B0F5C2A78][737607753][ 4097]
CThostFtdcUserApiImplBase::OnSessionDisconnected[0000017B0F5C2A78][737607754][ 4097]
CThostFtdcUserApiImplBase::OnSessionDisconnected[0000017B0F5C2298][737673291][ 4097]
CThostFtdcUserApiImplBase::OnSessionDisconnected[0000017B0F5C2298][737673292][ 4097]
CThostFtdcUserApiImplBase::OnSessionDisconnected[0000017B0F5C2D88][737673293][ 4097]
CThostFtdcUserApiImplBase::OnSessionDisconnected[0000017B0F5C2A78][737673294][ 4097]
CThostFtdcUserApiImplBase::OnSessionDisconnected[0000017B0F5C2A78][737673295][ 4097]
CThostFtdcUserApiImplBase::OnSessionDisconnected[0000017B0F5C2378][737673296][ 4097]
CThostFtdcUserApiImplBase::OnSessionDisconnected[0000017B0F5C2D88][737738833][ 4097]
CThostFtdcUserApiImplBase::OnSessionDisconnected[0000017B0F5C2298][737738834][ 4097]
CThostFtdcUserApiImplBase::OnSessionDisconnected[0000017B0F5C24C8][737738835][ 4097]
CThostFtdcUserApiImplBase::OnSessionDisconnected[0000017B0F5C2298][737738836][ 4097]
CThostFtdcUserApiImplBase::OnSessionDisconnected[0000017B0F5C2298][737738837][ 4097]
CThostFtdcUserApiImplBase::OnSessionDisconnected[0000017B0F5C2A78][737738838][ 4097]
CThostFtdcUserApiImplBase::OnSessionDisconnected[0000017B0F5C2A78][737804375][ 4097]
CThostFtdcUserApiImplBase::OnSessionDisconnected[0000017B0F5C2A78][737804376][ 4097]
CThostFtdcUserApiImplBase::OnSessionDisconnected[0000017B0F5C2A78][737804377][ 4097]
CThostFtdcUserApiImplBase::OnSessionDisconnected[0000017B0F5C2298][737804378][ 4097]
CThostFtdcUserApiImplBase::OnSessionDisconnected[0000017B0F5C2298][737804379][ 4097]
CThostFtdcUserApiImplBase::OnSessionDisconnected[0000017B0F5C2298][737804380][ 4097]
CThostFtdcUserApiImplBase::OnSessionDisconnected[0000017B0F5C2A78][737869917][ 4097]
CThostFtdcUserApiImplBase::OnSessionDisconnected[0000017B0F5C2298][737869918][ 4097]
CThostFtdcUserApiImplBase::OnSessionDisconnected[0000017B0F5C2CA8][737869919][ 4097]
CThostFtdcUserApiImplBase::OnSessionDisconnected[0000017B0F5C2B58][737869920][ 4097]
CThostFtdcUserApiImplBase::OnSessionDisconnected[0000017B0F5C2D88][737869921][ 4097]
CThostFtdcUserApiImplBase::OnSessionDisconnected[0000017B0F5C2D88][737869922][ 4097]
CThostFtdcUserApiImplBase::OnSessionDisconnected[0000017B0F5C1F18][737869923][ 4097]
CThostFtdcUserApiImplBase::OnSessionDisconnected[0000017B0F5C2A78][737869924][ 4097]
CThostFtdcUserApiImplBase::OnSessionDisconnected[0000017B0F5C2A78][737935461][ 4097]
CThostFtdcUserApiImplBase::OnSessionDisconnected[0000017B0F5C2A78][737935462][ 4097]
CThostFtdcUserApiImplBase::OnSessionDisconnected[0000017B0F5C24C8][737935463][ 4097]
CThostFtdcUserApiImplBase::OnSessionDisconnected[0000017B0F5C2CA8][737935464][ 4097]
CThostFtdcUserApiImplBase::OnSessionDisconnected[0000017B0F5C2CA8][737935465][ 4097]
CThostFtdcUserApiImplBase::OnSessionDisconnected[0000017B0F5C2298][738001002][ 4097]
CThostFtdcUserApiImplBase::OnSessionDisconnected[0000017B0F5C2A78][738001003][ 4097]
CThostFtdcUserApiImplBase::OnSessionDisconnected[0000017B0F5C2298][738001004][ 4097]
CThostFtdcUserApiImplBase::OnSessionDisconnected[0000017B0F5C2B58][738001005][ 4097]
CThostFtdcUserApiImplBase::OnSessionDisconnected[0000017B0F5C2298][738001006][ 4097]
CThostFtdcUserApiImplBase::OnSessionDisconnected[0000017B0F5C2298][738001007][ 4097]
CThostFtdcUserApiImplBase::OnSessionDisconnected[0000017B0F5C1F18][738001008][ 4097]
CThostFtdcUserApiImplBase::OnSessionDisconnected[0000017B0F5C2298][738066545][ 4097]
CThostFtdcUserApiImplBase::OnSessionDisconnected[0000017B0F5C2A78][738066546][ 4097]
CThostFtdcUserApiImplBase::OnSessionDisconnected[0000017B0F5C2A78][738066547][ 4097]
CThostFtdcUserApiImplBase::OnSessionDisconnected[0000017B0F5C2378][738066548][ 4097]
CThostFtdcUserApiImplBase::OnSessionDisconnected[0000017B0F5C2AE8][738066549][ 4097]
CThostFtdcUserApiImplBase::OnSessionDisconnected[0000017B0F5C2298][738066550][ 4097]
CThostFtdcUserApiImplBase::OnSessionDisconnected[0000017B0F5C2CA8][738132087][ 4097]
CThostFtdcUserApiImplBase::OnSessionDisconnected[0000017B0F5C2B58][738132088][ 4097]
CThostFtdcUserApiImplBase::OnSessionDisconnected[0000017B0F5C2A78][738132089][ 4097]
CThostFtdcUserApiImplBase::OnSessionDisconnected[0000017B0F5C2A78][738132090][ 4097]
CThostFtdcUserApiImplBase::OnSessionDisconnected[0000017B0F5C2298][738132091][ 4097]
CThostFtdcUserApiImplBase::OnSessionDisconnected[0000017B0F5C2298][738132092][ 4097]
CThostFtdcUserApiImplBase::OnSessionDisconnected[0000017B0F5C2D88][738197629][ 4097]
CThostFtdcUserApiImplBase::OnSessionDisconnected[0000017B0F5C2298][738197630][ 4097]
CThostFtdcUserApiImplBase::OnSessionDisconnected[0000017B0F5C2298][738197631][ 4097]
CThostFtdcUserApiImplBase::OnSessionDisconnected[0000017B0F5C2A78][738197632][ 4097]
CThostFtdcUserApiImplBase::OnSessionDisconnected[0000017B0F5C2298][738263170][ 4097]
CThostFtdcUserApiImplBase::OnSessionDisconnected[0000017B0F5C2A78][738263171][ 4097]
CThostFtdcUserApiImplBase::OnSessionDisconnected[0000017B0F5C2298][738263172][ 4097]
CThostFtdcUserApiImplBase::OnSessionDisconnected[0000017B0F5C2298][738263173][ 4097]
CThostFtdcUserApiImplBase::OnSessionDisconnected[0000017B0F5C2298][738263174][ 4097]
CThostFtdcUserApiImplBase::OnSessionDisconnected[0000017B0F5C2CA8][738328711][ 4097]
CThostFtdcUserApiImplBase::OnSessionDisconnected[0000017B0F5C2AE8][738328712][ 4097]
CThostFtdcUserApiImplBase::OnSessionDisconnected[0000017B0F5C2CA8][738328713][ 4097]
CThostFtdcUserApiImplBase::OnSessionDisconnected[0000017B0F5C2A78][738328714][ 4097]
CThostFtdcUserApiImplBase::OnSessionDisconnected[0000017B0F5C2378][738328715][ 4097]
CThostFtdcUserApiImplBase::OnSessionDisconnected[0000017B0F5C2A78][738328716][ 4097]
CThostFtdcUserApiImplBase::OnSessionDisconnected[0000017B0F5C2A78][738394253][ 4097]
CThostFtdcUserApiImplBase::OnSessionDisconnected[0000017B0F5C1F18][738394254][ 4097]
CThostFtdcUserApiImplBase::OnSessionDisconnected[0000017B0F5C2A78][738394255][ 4097]
CThostFtdcUserApiImplBase::OnSessionDisconnected[0000017B0F5C2CA8][738394256][ 4097]
CThostFtdcUserApiImplBase::OnSessionDisconnected[0000017B0F5C2A78][738394257][ 4097]
CThostFtdcUserApiImplBase::OnSessionDisconnectedTD Front Disconnected: 4097
TD Front Disconnected: 4097
TD Front Disconnected: 4097
TD Front Disconnected: 4097
TD Front Disconnected: 4097
TD Front Disconnected: 4097
TD Front Disconnected: 4097
TD Front Disconnected: 4097
TD Front Disconnected: 4097
TD Front Disconnected: 4097
TD Front Disconnected: 4097
TD Front Disconnected: 4097
TD Front Disconnected: 4097
TD Front Disconnected: 4097
TD Front Disconnected: 4097
TD Front Disconnected: 4097
TD Front Disconnected: 4097
TD Front Disconnected: 4097
TD Front Disconnected: 4097
TD Front Disconnected: 4097
TD Front Disconnected: 4097
TD Front Disconnected: 4097
TD Front Disconnected: 4097
TD Front Disconnected: 4097
TD Front Disconnected: 4097
TD Front Disconnected: 4097
TD Front Disconnected: 4097
TD Front Disconnected: 4097
TD Front Disconnected: 4097
TD Front Disconnected: 4097
TD Front Disconnected: 4097
TD Front Disconnected: 4097
TD Front Disconnected: 4097
TD Front Disconnected: 4097
TD Front Disconnected: 4097
TD Front Disconnected: 4097
TD Front Disconnected: 4097
TD Front Disconnected: 4097
TD Front Disconnected: 4097
TD Front Disconnected: 4097
TD Front Disconnected: 4097
TD Front Disconnected: 4097
TD Front Disconnected: 4097
TD Front Disconnected: 4097
TD Front Disconnected: 4097
TD Front Disconnected: 4097
TD Front Disconnected: 4097
TD Front Disconnected: 4097
TD Front Disconnected: 4097
TD Front Disconnected: 4097
TD Front Disconnected: 4097
TD Front Disconnected: 4097
TD Front Disconnected: 4097
TD Front Disconnected: 4097
TD Front Disconnected: 4097
TD Front Disconnected: 4097
TD Front Disconnected: 4097
TD Front Disconnected: 4097
TD Front Disconnected: 4097
TD Front Disconnected: 4097
TD Front Disconnected: 4097
TD Front Disconnected: 4097
TD Front Disconnected: 4097
TD Front Disconnected: 4097
TD Front Disconnected: 4097
TD Front Disconnected: 4097
TD Front Disconnected: 4097
TD Front Disconnected: 4097
TD Front Disconnected: 4097
TD Front Disconnected: 4097
TD Front Disconnected: 4097
TD Front Disconnected: 4097
TD Front Disconnected: 4097
TD Front Disconnected: 4097
TD Front Disconnected: 4097
TD Front Disconnected: 4097
TD Front Disconnected: 4097
TD Front Disconnected: 4097
TD Front Disconnected: 4097
TD Front Disconnected: 4097
TD Front Disconnected: 4097
TD Front Disconnected: 4097
TD Front Disconnected: 4097
TD Front Disconnected: 4097
TD Front Disconnected: 4097
TD Front Disconnected: 4097
TD Front Disconnected: 4097
TD Front Disconnected: 4097
TD Front Disconnected: 4097
TD Front Disconnected: 4097
TD Front Disconnected: 4097
TD Front Disconnected: 4097
TD Front Disconnected: 4097
TD Front Disconnected: 4097
TD Front Disconnected: 4097
TD Front Disconnected: 4097
TD Front Disconnected: 4097
TD Front Disconnected: 4097
TD Front Disconnected: 4097
TD Front Disconnected: 4097
TD Front Disconnected: 4097
TD Front Disconnected: 4097
TD Front Disconnected: 4097
TD Front Disconnected: 4097
TD Front Disconnected: 4097
TD Front Disconnected: 4097
TD Front Disconnected: 4097
TD Front Disconnected: 4097
TD Front Disconnected: 4097
TD Front Disconnected: 4097
TD Front Disconnected: 4097
TD Front Disconnected: 4097
TD Front Disconnected: 4097
TD Front Disconnected: 4097
TD Front Disconnected: 4097
TD Front Disconnected: 4097
TD Front Disconnected: 4097
TD Front Disconnected: 4097
TD Front Disconnected: 4097
TD Front Disconnected: 4097
TD Front Disconnected: 4097
TD Front Disconnected: 4097
TD Front Disconnected: 4097
TD Front Disconnected: 4097
TD Front Disconnected: 4097
TD Front Disconnected: 4097
TD Front Disconnected: 4097
TD Front Disconnected: 4097
TD Front Disconnected: 4097
TD Front Disconnected: 4097
TD Front Disconnected: 4097
TD Front Disconnected: 4097
TD Front Disconnected: 4097
TD Front Disconnected: 4097
TD Front Disconnected: 4097
TD Front Disconnected: 4097
TD Front Disconnected: 4097
TD Front Disconnected: 4097
TD Front Disconnected: 4097
TD Front Disconnected: 4097
TD Front Disconnected: 4097
TD Front Disconnected: 4097
TD Front Disconnected: 4097
TD Front Disconnected: 4097
TD Front Disconnected: 4097
TD Front Disconnected: 4097
TD Front[0000017B0F5C1F18][738394258][ 4097]
CThostFtdcUserApiImplBase::OnSessionDisconnected[0000017B0F5C2298][738459795][ 4097]
CThostFtdcUserApiImplBase::OnSessionDisconnected[0000017B0F5C2298][738459796][ 4097]
CThostFtdcUserApiImplBase::OnSessionDisconnected[0000017B0F5C2A78][738459797][ 4097]
CThostFtdcUserApiImplBase::OnSessionDisconnected[0000017B0F5C2298][738459798][ 4097]
CThostFtdcUserApiImplBase::OnSessionDisconnected[0000017B0F5C2378][738459799][ 4097]
CThostFtdcUserApiImplBase::OnSessionDisconnected[0000017B0F5C1F18][738459800][ 4097]
CThostFtdcUserApiImplBase::OnSessionDisconnected[0000017B0F5C2B58][738525337][ 4097]
CThostFtdcUserApiImplBase::OnSessionDisconnected[0000017B0F5C2298][738525338][ 4097]
CThostFtdcUserApiImplBase::OnSessionDisconnected[0000017B0F5C2A78][738525339][ 4097]
CThostFtdcUserApiImplBase::OnSessionDisconnected[0000017B0F5C2A78][738525340][ 4097]
CThostFtdcUserApiImplBase::OnSessionDisconnected[0000017B0F5C2A78][738525341][ 4097]
CThostFtdcUserApiImplBase::OnSessionDisconnected[0000017B0F5C2378][738525342][ 4097]
CThostFtdcUserApiImplBase::OnSessionDisconnected[0000017B0F5C2A78][738525343][ 4097]
CThostFtdcUserApiImplBase::OnSessionDisconnected[0000017B0F5C2298][738525344][ 4097]
CThostFtdcUserApiImplBase::OnSessionDisconnected[0000017B0F5C2378][738590881][ 4097]
CThostFtdcUserApiImplBase::OnSessionDisconnected[0000017B0F5C2A78][738590882][ 4097]
CThostFtdcUserApiImplBase::OnSessionDisconnected[0000017B0F5C1F18][738590883][ 4097]
CThostFtdcUserApiImplBase::OnSessionDisconnected[0000017B0F5C2A78][738590884][ 4097]
CThostFtdcUserApiImplBase::OnSessionDisconnected[0000017B0F5C2A78][738590885][ 4097]
CThostFtdcUserApiImplBase::OnSessionDisconnected[0000017B0F5C2CA8][738590886][ 4097]
CThostFtdcUserApiImplBase::OnSessionDisconnected[0000017B0F5C1F88][738656423][ 4097]
CThostFtdcUserApiImplBase::OnSessionDisconnected[0000017B0F5C2CA8][738656424][ 4097]
CThostFtdcUserApiImplBase::OnSessionDisconnected[0000017B0F5C2298][738656425][ 4097]
CThostFtdcUserApiImplBase::OnSessionDisconnected[0000017B0F5C2B58][738656426][ 4097]
CThostFtdcUserApiImplBase::OnSessionDisconnected[0000017B0F5C2A78][738656427][ 4097]
CThostFtdcUserApiImplBase::OnSessionDisconnected[0000017B0F5C2A78][738721964][ 4097]
CThostFtdcUserApiImplBase::OnSessionDisconnected[0000017B0F5C2A78][738721965][ 4097]
CThostFtdcUserApiImplBase::OnSessionDisconnected[0000017B0F5C2AE8][738721966][ 4097]
CThostFtdcUserApiImplBase::OnSessionDisconnected[0000017B0F5C2298][738721967][ 4097]
CThostFtdcUserApiImplBase::OnSessionDisconnected[0000017B0F5C2298][738721968][ 4097]
CThostFtdcUserApiImplBase::OnSessionDisconnected[0000017B0F5C2A78][738721969][ 4097]
CThostFtdcUserApiImplBase::OnSessionDisconnected[0000017B0F5C2A78][738787506][ 4097]
CThostFtdcUserApiImplBase::OnSessionDisconnected[0000017B0F5C2A78][738787507][ 4097]
CThostFtdcUserApiImplBase::OnSessionDisconnected[0000017B0F5C2CA8][738787508][ 4097]
CThostFtdcUserApiImplBase::OnSessionDisconnected[0000017B0F5C2A78][738787509][ 4097]
CThostFtdcUserApiImplBase::OnSessionDisconnected[0000017B0F5C2CA8][738787510][ 4097]
CThostFtdcUserApiImplBase::OnSessionDisconnected[0000017B0F5C1F18][738787511][ 4097]
CThostFtdcUserApiImplBase::OnSessionDisconnected[0000017B0F5C2CA8][738853048][ 4097]
CThostFtdcUserApiImplBase::OnSessionDisconnected[0000017B0F5C2A78][738853049][ 4097]
CThostFtdcUserApiImplBase::OnSessionDisconnected[0000017B0F5C2D88][738853050][ 4097]
CThostFtdcUserApiImplBase::OnSessionDisconnected[0000017B0F5C24C8][738853051][ 4097]
CThostFtdcUserApiImplBase::OnSessionDisconnected[0000017B0F5C2A78][738853052][ 4097]
CThostFtdcUserApiImplBase::OnSessionDisconnected[0000017B0F5C2A78][738853053][ 4097]
CThostFtdcUserApiImplBase::OnSessionDisconnected[0000017B0F5C1F18][738918590][ 4097]
CThostFtdcUserApiImplBase::OnSessionDisconnected[0000017B0F5C2A78][738918591][ 4097]
CThostFtdcUserApiImplBase::OnSessionDisconnected[0000017B0F5C2A78][738918592][ 4097]
CThostFtdcUserApiImplBase::OnSessionDisconnected[0000017B0F5C2A78][738918593][ 4097]
CThostFtdcUserApiImplBase::OnSessionDisconnected[0000017B0F5C2A78][738918594][ 4097]
CThostFtdcUserApiImplBase::OnSessionDisconnected[0000017B0F5C2298][738918595][ 4097]
CThostFtdcUserApiImplBase::OnSessionDisconnected[0000017B0F5C2298][738918596][ 4097]
CThostFtdcUserApiImplBase::OnSessionDisconnected[0000017B0F5C2378][738984133][ 4097]
CThostFtdcUserApiImplBase::OnSessionDisconnected[0000017B0F5C2A78][738984134][ 4097]
CThostFtdcUserApiImplBase::OnSessionDisconnected[0000017B0F5C2CA8][738984135][ 4097]
CThostFtdcUserApiImplBase::OnSessionDisconnected[0000017B0F5C2A78][738984136][ 4097]
CThostFtdcUserApiImplBase::OnSessionDisconnected[0000017B0F5C2A78][738984137][ 4097]
CThostFtdcUserApiImplBase::OnSessionDisconnected[0000017B0F5C2A78][738984138][ 4097]
CThostFtdcUserApiImplBase::OnSessionDisconnected[0000017B0F5C1F18][738984139][ 4097]
CThostFtdcUserApiImplBase::OnSessionDisconnected[0000017B0F5C2A78][738984140][ 4097]
CThostFtdcUserApiImplBase::OnSessionDisconnected[0000017B0F5C2A78][739049677][ 4097]
CThostFtdcUserApiImplBase::OnSessionDisconnected[0000017B0F5C2A78][739049678][ 4097]
CThostFtdcUserApiImplBase::OnSessionDisconnected[0000017B0F5C2A78][739049679][ 4097]
CThostFtdcUserApiImplBase::OnSessionDisconnected[0000017B0F5C2A78][739049680][ 4097]
CThostFtdcUserApiImplBase::OnSessionDisconnected[0000017B0F5C2CA8][739049681][ 4097]
CThostFtdcUserApiImplBase::OnSessionDisconnected[0000017B0F5C2D88][739049682][ 4097]
CThostFtdcUserApiImplBase::OnSessionDisconnected[0000017B0F5C2B58][739049683][ 4097]
CThostFtdcUserApiImplBase::OnSessionDisconnected[0000017B0F5C2A78][739049684][ 4097]
CThostFtdcUserApiImplBase::OnSessionDisconnected[0000017B0F5C2378][739115221][ 4097]
CThostFtdcUserApiImplBase::OnSessionDisconnected[0000017B0F5C2CA8][739115222][ 4097]
CThostFtdcUserApiImplBase::OnSessionDisconnected[0000017B0F5C2A78][739115223][ 4097]
CThostFtdcUserApiImplBase::OnSessionDisconnected[0000017B0F5C2A78][739115224][ 4097]
CThostFtdcUserApiImplBase::OnSessionDisconnected[0000017B0F5C2378][739115225][ 4097]
CThostFtdcUserApiImplBase::OnSessionDisconnected[0000017B0F5C2298][739115226][ 4097]
CThostFtdcUserApiImplBase::OnSessionDisconnected[0000017B0F5C1F88][739115227][ 4097]
CThostFtdcUserApiImplBase::OnSessionDisconnected[0000017B0F5C2A78][739180764][ 4097]
CThostFtdcUserApiImplBase::OnSessionDisconnected[0000017B0F5C2CA8][739180765][ 4097]
CThostFtdcUserApiImplBase::OnSessionDisconnected[0000017B0F5C2D88][739180766][ 4097]
CThostFtdcUserApiImplBase::OnSessionDisconnected[0000017B0F5C1F88][739180767][ 4097]
CThostFtdcUserApiImplBase::OnSessionDisconnected[0000017B0F5C2298][739180768][ 4097]
CThostFtdcUserApiImplBase::OnSessionDisconnected[0000017B0F5C2A78][739180769][ 4097]
CThostFtdcUserApiImplBase::OnSessionDisconnected[0000017B0F5C2AE8][739180770][ 4097]
CThostFtdcUserApiImplBase::OnSessionDisconnected[0000017B0F5C2A78][739246307][ 4097]
CThostFtdcUserApiImplBase::OnSessionDisconnected[0000017B0F5C2A78][739246308][ 4097]
CThostFtdcUserApiImplBase::OnSessionDisconnected[0000017B0F5C2A78][739246309][ 4097]
CThostFtdcUserApiImplBase::OnSessionDisconnected[0000017B0F5C2A78][739246310][ 4097]
CThostFtdcUserApiImplBase::OnSessionDisconnected[0000017B0F5C2A78][739246311][ 4097]
CThostFtdcUserApiImplBase::OnSessionDisconnected[0000017B0F5C2298][739246312][ 4097]
CThostFtdcUserApiImplBase::OnSessionDisconnected[0000017B0F5C2A78][739246313][ 4097]
CThostFtdcUserApiImplBase::OnSessionDisconnected[0000017B0F5C2A78][739246314][ 4097]
CThostFtdcUserApiImplBase::OnSessionDisconnected[0000017B0F5C24C8][739246315][ 4097]
CThostFtdcUserApiImplBase::OnSessionDisconnected[0000017B0F5C2378][739311852][ 4097]
CThostFtdcUserApiImplBase::OnSessionDisconnected[0000017B0F5C2A78][739311853][ 4097]
CThostFtdcUserApiImplBase::OnSessionDisconnected[0000017B0F5C2A78][739311854][ 4097]
CThostFtdcUserApiImplBase::OnSessionDisconnected[0000017B0F5C2B58][739311855][ 4097]
CThostFtdcUserApiImplBase::OnSessionDisconnected[0000017B0F5C2CA8][739311856][ 4097]
CThostFtdcUserApiImplBase::OnSessionDisconnected[0000017B0F5C23E8][739311857][ 4097]
CThostFtdcUserApiImplBase::OnSessionDisconnected[0000017B0F5C2378][739311858][ 4 Disconnected: 4097
TD Front Disconnected: 4097
TD Front Disconnected: 4097
TD Front Disconnected: 4097
TD Front Disconnected: 4097
TD Front Disconnected: 4097
TD Front Disconnected: 4097
TD Front Disconnected: 4097
TD Front Disconnected: 4097
TD Front Disconnected: 4097
TD Front Disconnected: 4097
TD Front Disconnected: 4097
TD Front Disconnected: 4097
TD Front Disconnected: 4097
TD Front Disconnected: 4097
TD Front Disconnected: 4097
TD Front Disconnected: 4097
TD Front Disconnected: 4097
TD Front Disconnected: 4097
TD Front Disconnected: 4097
TD Front Disconnected: 4097
TD Front Disconnected: 4097
TD Front Disconnected: 4097
TD Front Disconnected: 4097
TD Front Disconnected: 4097
TD Front Disconnected: 4097
TD Front Disconnected: 4097
TD Front Disconnected: 4097
TD Front Disconnected: 4097
TD Front Disconnected: 4097
TD Front Disconnected: 4097
TD Front Disconnected: 4097
TD Front Disconnected: 4097
TD Front Disconnected: 4097
TD Front Disconnected: 4097
TD Front Disconnected: 4097
TD Front Disconnected: 4097
TD Front Disconnected: 4097
TD Front Disconnected: 4097
TD Front Disconnected: 4097
TD Front Disconnected: 4097
TD Front Disconnected: 4097
TD Front Disconnected: 4097
TD Front Disconnected: 4097
TD Front Disconnected: 4097
TD Front Disconnected: 4097
TD Front Disconnected: 4097
TD Front Disconnected: 4097
TD Front Disconnected: 4097
TD Front Disconnected: 4097
TD Front Disconnected: 4097
TD Front Disconnected: 4097
TD Front Disconnected: 4097
TD Front Disconnected: 4097
TD Front Disconnected: 4097
TD Front Disconnected: 4097
TD Front Disconnected: 4097
TD Front Disconnected: 4097
TD Front Disconnected: 4097
TD Front Disconnected: 4097
TD Front Disconnected: 4097
TD Front Disconnected: 4097
TD Front Disconnected: 4097
TD Front Disconnected: 4097
TD Front Disconnected: 4097
TD Front Disconnected: 4097
TD Front Disconnected: 4097
TD Front Disconnected: 4097
TD Front Disconnected: 4097
TD Front Disconnected: 4097
TD Front Disconnected: 4097
TD Front Disconnected: 4097
TD Front Disconnected: 4097
TD Front Disconnected: 4097
TD Front Disconnected: 4097
TD Front Disconnected: 4097
TD Front Disconnected: 4097
TD Front Disconnected: 4097
TD Front Disconnected: 4097
TD Front Disconnected: 4097
TD Front Disconnected: 4097
TD Front Disconnected: 4097
TD Front Disconnected: 4097
TD Front Disconnected: 4097
TD Front Disconnected: 4097
TD Front Disconnected: 4097
TD Front Disconnected: 4097
TD Front Disconnected: 4097
TD Front Disconnected: 4097
TD Front Disconnected: 4097
TD Front Disconnected: 4097
TD Front Disconnected: 4097
TD Front Disconnected: 4097
TD Front Disconnected: 4097
TD Front Disconnected: 4097
TD Front Disconnected: 4097
TD Front Disconnected: 4097
TD Front Disconnected: 4097
TD Front Disconnected: 4097
TD Front Disconnected: 4097
TD Front Disconnected: 4097
TD Front Disconnected: 4097
TD Front Disconnected: 4097
TD Front Disconnected: 4097
TD Front Disconnected: 4097
TD Front Disconnected: 4097
TD Front Disconnected: 4097
TD Front Disconnected: 4097
TD Front Disconnected: 4097
TD Front Disconnected: 4097
TD Front Disconnected: 4097
TD Front Disconnected: 4097
TD Front Disconnected: 4097
TD Front Disconnected: 4097
TD Front Disconnected: 4097
TD Front Disconnected: 4097
TD Front Disconnected: 4097
TD Front Disconnected: 4097
TD Front Disconnected: 4097
TD Front Disconnected: 4097
TD Front Disconnected: 4097
TD Front Disconnected: 4097
TD Front Disconnected: 4097
TD Front Disconnected: 4097
TD Front Disconnected: 4097
TD Front Disconnected: 4097
TD Front Disconnected: 4097
TD Front Disconnected: 4097
TD Front Disconnected: 4097
TD Front Disconnected: 4097
TD Front Disconnected: 4097
TD Front Disconnected: 4097
TD Front Disconnected: 4097
MD Front Disconnected: 4097
MD Front Disconnected: 4097
MD Front Disconnected: 4097
MD Front Disconnected: 4097
MD Front Disconnected: 4097
MD Front Disconnected: 4097
MD Front Disconnected: 4097
MD Front Disconnected: 4097
MD Front Disconnected: 4097
MD Front Disconnected: 4097
MD Front Disconnected: 4097
MD Front Disconnected: 4097
MD Front Disconnected: 4097
MD Front DisconnCThostFtdcUserApiImplBase::OnSessionDisconnected[0000017B0F5C2A78][739639297][ 4097]
CThostFtdcUserApiImplBase::OnSessionDisconnected[0000017B0F5C2A78][739704834][ 4097]
CThostFtdcUserApiImplBase::OnSessionDisconnected[0000017B0F5C2A78][739704835][ 4097]
CThostFtdcUserApiImplBase::OnSessionDisconnected[0000017B0F5C23E8][739704836][ 4097]
CThostFtdcUserApiImplBase::OnSessionDisconnected[0000017B0F5C2378][739704837][ 4097]
CThostFtdcUserApiImplBase::OnSessionDisconnected[0000017B0F5C2A78][739704838][ 4097]
CThostFtdcUserApiImplBase::OnSessionDisconnected[0000017B0F5C24C8][739704839][ 4097]
CThostFtdcUserApiImplBase::OnSessionDisconnected[0000017B0F5C2A78][739704840][ 4097]
CThostFtdcUserApiImplBase::OnSessionDisconnected[0000017B0F5C2A78][739704841][ 4097]
CThostFtdcUserApiImplBase::OnSessionDisconnected[0000017B0F5C2A78][739704842][ 4097]
CThostFtdcUserApiImplBase::OnSessionDisconnected[0000017B0F5C2B58][739770379][ 4097]
CThostFtdcUserApiImplBase::OnSessionDisconnected[0000017B0F5C1F88][739770380][ 4097]
CThostFtdcUserApiImplBase::OnSessionDisconnected[0000017B0F5C2298][739770381][ 4097]
CThostFtdcUserApiImplBase::OnSessionDisconnected[0000017B0F5C2A78][739770382][ 4097]
CThostFtdcUserApiImplBase::OnSessionDisconnected[0000017B0F5C1F18][739770383][ 4097]
CThostFtdcUserApiImplBase::OnSessionDisconnected[0000017B0F5C24C8][739770384][ 4097]
CThostFtdcUserApiImplBase::OnSessionDisconnected[0000017B0F5C2A78][739770385][ 4097]
CThostFtdcUserApiImplBase::OnSessionDisconnected[0000017B0F5C2D88][739770386][ 4097]
CThostFtdcUserApiImplBase::OnSessionDisconnected[0000017B0F5C2A78][739770387][ 4097]
CThostFtdcUserApiImplBase::OnSessionDisconnected[0000017B0F5C2A78][739770388][ 4097]
CThostFtdcUserApiImplBase::OnSessionDisconnected[0000017B0F5C2378][739835925][ 4097]
CThostFtdcUserApiImplBase::OnSessionDisconnected[0000017B0F5C2A78][739835926][ 4097]
CThostFtdcUserApiImplBase::OnSessionDisconnected[0000017B0F5C2298][739835927][ 4097]
CThostFtdcUserApiImplBase::OnSessionDisconnected[0000017B0F5C2378][739835928][ 4097]
CThostFtdcUserApiImplBase::OnSessionDisconnected[0000017B0F5C2CA8][739835929][ 4097]
CThostFtdcUserApiImplBase::OnSessionDisconnected[0000017B0F5C2A78][739835930][ 4097]
CThostFtdcUserApiImplBase::OnSessionDisconnected[0000017B0F5C2CA8][739835931][ 4097]
CThostFtdcUserApiImplBase::OnSessionDisconnected[0000017B0F5C2A78][739835932][ 4097]
CThostFtdcUserApiImplBase::OnSessionDisconnected[0000017B0F5C1F18][739835933][ 4097]
CThostFtdcUserApiImplBase::OnSessionDisconnected[0000017B0F5C2CA8][739835934][ 4097]
CThostFtdcUserApiImplBase::OnSessionDisconnected[0000017B0F5C24C8][739901471][ 4097]
CThostFtdcUserApiImplBase::OnSessionDisconnected[0000017B0F5C2A78][739901472][ 4097]
CThostFtdcUserApiImplBase::OnSessionDisconnected[0000017B0F5C2A78][739901473][ 4097]
CThostFtdcUserApiImplBase::OnSessionDisconnected[0000017B0F5C2A78][739901474][ 4097]
CThostFtdcUserApiImplBase::OnSessionDisconnected[0000017B0F5C2298][739901475][ 4097]
CThostFtdcUserApiImplBase::OnSessionDisconnected[0000017B0F5C24C8][739901476][ 4097]
CThostFtdcUserApiImplBase::OnSessionDisconnected[0000017B0F5C2A78][739901477][ 4097]
CThostFtdcUserApiImplBase::OnSessionDisconnected[0000017B0F5C2298][739901478][ 4097]
CThostFtdcUserApiImplBase::OnSessionDisconnected[0000017B0F5C2A78][739901479][ 4097]
CThostFtdcUserApiImplBase::OnSessionDisconnected[0000017B0F5C2A78][739967016][ 4097]
CThostFtdcUserApiImplBase::OnSessionDisconnected[0000017B0F5C2A78][739967017][ 4097]
CThostFtdcUserApiImplBase::OnSessionDisconnected[0000017B0F5C2CA8][739967018][ 4097]
CThostFtdcUserApiImplBase::OnSessionDisconnected[0000017B0F5C2378][739967019][ 4097]
CThostFtdcUserApiImplBase::OnSessionDisconnected[0000017B0F5C2298][739967020][ 4097]
CThostFtdcUserApiImplBase::OnSessionDisconnected[0000017B0F5C23E8][739967021][ 4097]
CThostFtdcUserApiImplBase::OnSessionDisconnected[0000017B0F5C2A78][739967022][ 4097]
CThostFtdcUserApiImplBase::OnSessionDisconnected[0000017B0F5C2A78][739967023][ 4097]
CThostFtdcUserApiImplBase::OnSessionDisconnected[0000017B0F5C1F18][739967024][ 4097]
CThostFtdcUserApiImplBase::OnSessionDisconnected[0000017B0F5C2298][740032561][ 4097]
CThostFtdcUserApiImplBase::OnSessionDisconnected[0000017B0F5C2A78][740032562][ 4097]
CThostFtdcUserApiImplBase::OnSessionDisconnected[0000017B0F5C2A78][740032563][ 4097]
CThostFtdcUserApiImplBase::OnSessionDisconnected[0000017B0F5C2A78][740032564][ 4097]
CThostFtdcUserApiImplBase::OnSessionDisconnected[0000017B0F5C2A78][740032565][ 4097]
CThostFtdcUserApiImplBase::OnSessionDisconnected[0000017B0F5C1F18][740032566][ 4097]
CThostFtdcUserApiImplBase::OnSessionDisconnected[0000017B0F5C2A78][740032567][ 4097]
CThostFtdcUserApiImplBase::OnSessionDisconnected[0000017B0F5C2A78][740032568][ 4097]
CThostFtdcUserApiImplBase::OnSessionDisconnected[0000017B0F5C2378][740032569][ 4097]
CThostFtdcUserApiImplBase::OnSessionDisconnected[0000017B0F5C2A78][740098106][ 4097]
CThostFtdcUserApiImplBase::OnSessionDisconnected[0000017B0F5C2378][740098107][ 4097]
CThostFtdcUserApiImplBase::OnSessionDisconnected[0000017B0F5C2A78][740098108][ 4097]
CThostFtdcUserApiImplBase::OnSessionDisconnected[0000017B0F5C2D88][740098109][ 4097]
CThostFtdcUserApiImplBase::OnSessionDisconnected[0000017B0F5C24C8][740098110][ 4097]
CThostFtdcUserApiImplBase::OnSessionDisconnected[0000017B0F5C1F18][740098111][ 4097]
CThostFtdcUserApiImplBase::OnSessionDisconnected[0000017B0F5C2CA8][740098112][ 4097]
CThostFtdcUserApiImplBase::OnSessionDisconnected[0000017B0F5C2A78][740098113][ 4097]
CThostFtdcUserApiImplBase::OnSessionDisconnected[0000017B0F5C2AE8][740098114][ 4097]
CThostFtdcUserApiImplBase::OnSessionDisconnected[0000017B0F5C2378][740098115][ 4097]
CThostFtdcUserApiImplBase::OnSessionDisconnected[0000017B0F5C1F88][740163652][ 4097]
CThostFtdcUserApiImplBase::OnSessionDisconnected[0000017B0F5C2298][740163653][ 4097]
CThostFtdcUserApiImplBase::OnSessionDisconnected[0000017B0F5C2A78][740163654][ 4097]
CThostFtdcUserApiImplBase::OnSessionDisconnected[0000017B0F5C2298][740163655][ 4097]
CThostFtdcUserApiImplBase::OnSessionDisconnected[0000017B0F5C2378][740163656][ 4097]
CThostFtdcUserApiImplBase::OnSessionDisconnected[0000017B0F5C2A78][740163657][ 4097]
CThostFtdcUserApiImplBase::OnSessionDisconnected[0000017B0F5C1F18][740163658][ 4097]
CThostFtdcUserApiImplBase::OnSessionDisconnected[0000017B0F5C2298][740163659][ 4097]
CThostFtdcUserApiImplBase::OnSessionDisconnected[0000017B0F5C2378][740163660][ 4097]
CThostFtdcUserApiImplBase::OnSessionDisconnected[0000017B0F5C2A78][740229197][ 4097]
CThostFtdcUserApiImplBase::OnSessionDisconnected[0000017B0F5C2378][740229198][ 4097]
CThostFtdcUserApiImplBase::OnSessionDisconnected[0000017B0F5C24C8][740229199][ 4097]
CThostFtdcUserApiImplBase::OnSessionDisconnected[0000017B0F5C2A78][740229200][ 4097]
CThostFtdcUserApiImplBase::OnSessionDisconnected[0000017B0F5C2A78][740229201][ 4097]
CThostFtdcUserApiImplBase::OnSessionDisconnected[0000017B0F5C2298][740229202][ 4097]
CThostFtdcUserApiImplBase::OnSessionDisconnected[0000017B0F5C24C8][740229203][ 4097]
CThostFtdcUserApiImplBase::OnSessionDisconnected[0000017B0F5C2A78][740229204][ 4097]
CThostFtdcUserApiImplBase::OnSessionDisconnected[0000017B0F5C2298][740229205][ 4097]
CThostFtdcUserApiImplBase::OnSessionDisconnected[0000017B0F5C2A78][740294742][ 4097]
CThostFtdcUserApiImplBase::OnSessionDisconnected[0000017B0F5C2A78][740294743][ 4097]
CThostFtdcUserApiImplBase::OnSessionDisconnected[0000017B0F5C2298][740294744][ 4097]
CThostFtdcUserApiImplBase::OnSessionDisconnected[0000017B0F5C2AE8][740294745][ 4097]
CThostFtdcUserApiImplBase::OnSessionDisconnected[0000017B0F5C2298][740294746][ 4097]
CThostFtdcUserApiImplBase::OnSessionDisconnected[0000017B0F5C2298][740294747][ 4097]
CThostFtdcUserApiImplBase::OnSessionDisconnected[0000017B0F5C2D88][740294748][ 4097]
CThostFtdcUserApiImplBase::OnSessionDisconnected[0000017B0F5C1F88][740294749][ 4097]
CThostFtdcUserApiImplBase::OnSessionDisconnected[0000017B0F5C2298][740294750][ 4097]
CThostFtdcUserApiImplBase::OnSessionDisconnected[0000017B0F5C2378][740294751][ 4097]
CThostFtdcUserApiImplBase::OnSessionDisconnected[0000017B0F5C2D88][740360288][ 4097]
CThostFtdcUserApiImplBase::OnSessionDisconnected[0000017B0F5C2298][740360289][ 4097]
CThostFtdcUserApiImplBase::OnSessionDisconnected[0000017B0F5C1F18][740360290][ 4097]
CThostFtdcUserApiImplBase::OnSessionDisconnected[0000017B0F5C2298][740360291][ 4097]
CThostFtdcUserApiImplBase::OnSessionDisconnected[0000017B0F5C2A78][740360292][ 4097]
CThostFtdcUserApiImplBase::OnSessionDisconnected[0000017B0F5C2D88][740360293][ 4097]
CThostFtdcUserApiImplBase::OnSessionDisconnected[0000017B0F5C2A78][740360294][ 4097]
CThostFtdcUserApiImplBase::OnSessionDisconnected[0000017B0F5C2A78][740360295][ 4097]
CThostFtdcUserApiImplBase::OnSessionDisconnected[0000017B0F5C2298][740360296][ 4097]
CThostFtdcUserApiImplBase::OnSessionDisconnected[0000017B0F5C2A78][740360297][ 4097]
CThostFtdcUserApiImplBase::OnSessionDisconnected[0000017B0F5C2A78][740425834][ 4097]
CThostFtdcUserApiImplBase::OnSessionDisconnected[0000017B0F5C2298][740425835][ 4097]
CThostFtdcUserApiImplBase::OnSessionDisconnected[0000017B0F5C2378][740425836][ 4097]
CThostFtdcUserApiImplBase::OnSessionDisconnected[0000017B0F5C2CA8][740425837][ 4097]
CThostFtdcUserApiImplBase::OnSessionDisconnected[0000017B0F5C2CA8][740425838][ 4097]
CThostFtdcUserApiImplBase::OnSessionDisconnected[0000017B0F5C2A78][740425839][ 4097]
CThostFtdcUserApiImplBase::OnSessionDisconnected[0000017B0F5C2A78][740425840][ 4097]
CThostFtdcUserApiImplBase::OnSessionDisconnected[0000017B0F5C2298][740425841][ 4097]
CThostFtdcUserApiImplBase::OnSessionDisconnected[0000017B0F5C2A78][740425842][ 4097]
CThostFtdcUserApiImplBase::OnSessionDisconnected[0000017B0F5C2D88][740425843][ 4097]
CThostFtdcUserApiImplBase::OnSessionDisconnected[0000017B0F5C2CA8][740491380][ 4097]
CThostFtdcUserApiImplBase::OnSessionDisconnected[0000017B0F5C1F88][740491381][ 4097]
CThostFtdcUserApiImplBase::OnSessionDisconnected[0000017B0F5C2298][740491382][ 4097]
CThostFtdcUserApiImplBase::OnSessionDisconnected[0000017B0F5C2D88][740491383][ 4097]
CThostFtdcUserApiImplBase::OnSessionDisconnected[0000017B0F5C24C8][740491384][ 4097]
CThostFtdcUserApiImplBase::OnSessionDisconnected[0000017B0F5C2A78][740491385][ 4097]
CThostFtdcUserApiImplBase::OnSessionDisconnected[0000017B0F5C2298][740491386][ 4097]
CThostFtdcUserApiImplBase::OnSessionDisconnected[0000017B0F5C2A78][740491387][ 4097]
CThostFtdcUserApiImplBase::OnSessionDisconnected[0000017B0F5C2CA8][740491388][ 4097]
CThostFtdcUserApiImplBase::OnSessionDisconnected[0000017B0F5C2A78][740491389][ 4097]
CThostFtdcUserApiImplBase::OnSessionDisconnected[0000017B0F5C23E8][740556926][ 4097]
CThostFtdcUserApiImplBase::OnSessionDisconnected[0000017B0F5C1F18][740556927][ 4097]
CThostFtdcUserApiImplBase::OnSessionDisconnected[0000017B0F5C2298][740556928][ 4097]
CThostFtdcUserApiImplBase::OnSessionDisconnected[0000017B0F5C2A78][740556929][ 4097]
CThostFtdcUserApiImplBase::OnSessionDisconnected[0000017B0F5C2298][740556930][ 4097]
CThostFtdcUserApiImplBase::OnSessionDisconnected[0000017B0F5C2D88][740556931][ 4097]
CThostFtdcUserApiImplBase::OnSessionDisconnected[0000017B0F5C2298][740556932][ 4097]
CThostFtdcUserApiImplBase::OnSessionDisconnected[0000017B0F5C2CA8][740556933][ 4097]
CThostFtdcUserApiImplBase::OnSessionDisconnected[0000017B0F5C2A78][740556934][ 4097]
CThostFtdcUserApiImplBase::OnSessionDisconnected[0000017B0F5C2378][740556935][ 4097]
CThostFtdcUserApiImplBase::OnSessionDisconnected[0000017B0F5C23E8][740622472][ 4097]
CThostFtdcUserApiImplBase::OnSessionDisconnected[0000017B0F5C2298][740622473][ 4097]
CThostFtdcUserApiImplBase::OnSessionDisconnected[0000017B0F5C2CA8][740622474][ 4097]
CThostFtdcUserApiImplBase::OnSessionDisconnected[0000017B0F5C2298][740622475][ 4097]
CThostFtdcUserApiImplBase::OnSessionDisconnected[0000017B0F5C2AE8][740622476][ 4097]
CThostFtdcUserApiImplBase::OnSessionDisconnected[0000017B0F5C2378][740622477][ 4097]
CThostFtdcUserApiImplBase::OnSessionDisconnected[0000017B0F5C2CA8][740622478][ 4097]
CThostFtdcUserApiImplBase::OnSessionDisconnected[0000017B0F5C1F18][740622479][ 4097]
CThostFtdcUserApiImplBase::OnSessionDisconnected[0000017B0F5C2298][740622480][ 4097]
CThostFtdcUserApiImplBase::OnSessionDisconnectedected: 4097
MD Front Disconnected: 4097
MD Front Disconnected: 4097
MD Front Disconnected: 4097
MD Front Disconnected: 4097
MD Front Disconnected: 4097
MD Front Disconnected: 4097
MD Front Disconnected: 4097
MD Front Disconnected: 4097
MD Front Disconnected: 4097
MD Front Disconnected: 4097
MD Front Disconnected: 4097
MD Front Disconnected: 4097
MD Front Disconnected: 4097
MD Front Disconnected: 4097
MD Front Disconnected: 4097
MD Front Disconnected: 4097
MD Front Disconnected: 4097
MD Front Disconnected: 4097
MD Front Disconnected: 4097
MD Front Disconnected: 4097
MD Front Disconnected: 4097
MD Front Disconnected: 4097
MD Front Disconnected: 4097
MD Front Disconnected: 4097
MD Front Disconnected: 4097
MD Front Disconnected: 4097
MD Front Disconnected: 4097
MD Front Disconnected: 4097
MD Front Disconnected: 4097
MD Front Disconnected: 4097
MD Front Disconnected: 4097
MD Front Disconnected: 4097
MD Front Disconnected: 4097
MD Front Disconnected: 4097
MD Front Disconnected: 4097
MD Front Disconnected: 4097
MD Front Disconnected: 4097
MD Front Disconnected: 4097
MD Front Disconnected: 4097
MD Front Disconnected: 4097
MD Front Disconnected: 4097
MD Front Disconnected: 4097
MD Front Disconnected: 4097
MD Front Disconnected: 4097
MD Front Disconnected: 4097
MD Front Disconnected: 4097
MD Front Disconnected: 4097
MD Front Disconnected: 4097
MD Front Disconnected: 4097
MD Front Disconnected: 4097
MD Front Disconnected: 4097
MD Front Disconnected: 4097
MD Front Disconnected: 4097
MD Front Disconnected: 4097
MD Front Disconnected: 4097
MD Front Disconnected: 4097
MD Front Disconnected: 4097
MD Front Disconnected: 4097
MD Front Disconnected: 4097
MD Front Disconnected: 4097
MD Front Disconnected: 4097
MD Front Disconnected: 4097
MD Front Disconnected: 4097
MD Front Disconnected: 4097
MD Front Disconnected: 4097
MD Front Disconnected: 4097
MD Front Disconnected: 4097
MD Front Disconnected: 4097
MD Front Disconnected: 4097
MD Front Disconnected: 4097
MD Front Disconnected: 4097
MD Front Disconnected: 4097
MD Front Disconnected: 4097
MD Front Disconnected: 4097
MD Front Disconnected: 4097
MD Front Disconnected: 4097
MD Front Disconnected: 4097
MD Front Disconnected: 4097
MD Front Disconnected: 4097
MD Front Disconnected: 4097
MD Front Disconnected: 4097
MD Front Disconnected: 4097
MD Front Disconnected: 4097
MD Front Disconnected: 4097
MD Front Disconnected: 4097
MD Front Disconnected: 4097
MD Front Disconnected: 4097
MD Front Disconnected: 4097
MD Front Disconnected: 4097
MD Front Disconnected: 4097
MD Front Disconnected: 4097
MD Front Disconnected: 4097
MD Front Disconnected: 4097
MD Front Disconnected: 4097
MD Front Disconnected: 4097
MD Front Disconnected: 4097
MD Front Disconnected: 4097
MD Front Disconnected: 4097
MD Front Disconnected: 4097
MD Front Disconnected: 4097
MD Front Disconnected: 4097
MD Front Disconnected: 4097
MD Front Disconnected: 4097
MD Front Disconnected: 4097
MD Front Disconnected: 4097
MD Front Disconnected: 4097
MD Front Disconnected: 4097
MD Front Disconnected: 4097
MD Front Disconnected: 4097
MD Front Disconnected: 4097
MD Front Disconnected: 4097
MD Front Disconnected: 4097
MD Front Disconnected: 4097
MD Front Disconnected: 4097
MD Front Disconnected: 4097
MD Front Disconnected: 4097
MD Front Disconnected: 4097
MD Front Disconnected: 4097
MD Front Disconnected: 4097
MD Front Disconnected: 4097
MD Front Disconnected: 4097
MD Front Disconnected: 4097
MD Front Disconnected: 4097
MD Front Disconnected: 4097
MD Front Disconnected: 4097
MD Front Disconnected: 4097
MD Front Disconnected: 4097
MD Front Disconnected: 4097
MD Front Disconnected: 4097
MD Front Disconnected: 4097
MD Front Disconnected: 4097
MD Front Disconnected: 4097
MD Front Disconnected: 4097
MD Front Disconnected: 4097
MD Front Disconnected: 4097
MD Front Disconnected: 4097
MD Front Disconnected: 4097
MD Front Disconnected: 4097
MD Front Disconnected: 4097
MD Front Disconnected: 4097
MD Front Disconnected: 4097
MD Front Disconnected: 4097
MD Front Disconnected: 4097
MD Front Disconnected: 4097
MD Front Disconnected: 4097
MD Front Disconnected: 4[0000017B0F5C2A78][740622481][ 4097]
CThostFtdcUserApiImplBase::OnSessionDisconnected[0000017B0F5C2A78][740688018][ 4097]
CThostFtdcUserApiImplBase::OnSessionDisconnected[0000017B0F5C2CA8][740688019][ 4097]
CThostFtdcUserApiImplBase::OnSessionDisconnected[0000017B0F5C1F88][740688020][ 4097]
CThostFtdcUserApiImplBase::OnSessionDisconnected[0000017B0F5C2A78][740688021][ 4097]
CThostFtdcUserApiImplBase::OnSessionDisconnected[0000017B0F5C2298][740688022][ 4097]
CThostFtdcUserApiImplBase::OnSessionDisconnected[0000017B0F5C2A78][740688023][ 4097]
CThostFtdcUserApiImplBase::OnSessionDisconnected[0000017B0F5C2A78][740688024][ 4097]
CThostFtdcUserApiImplBase::OnSessionDisconnected[0000017B0F5C2A78][740688025][ 4097]
CThostFtdcUserApiImplBase::OnSessionDisconnected[0000017B0F5C2CA8][740688026][ 4097]
CThostFtdcUserApiImplBase::OnSessionDisconnected[0000017B0F5C2CA8][740688027][ 4097]
CThostFtdcUserApiImplBase::OnSessionDisconnected[0000017B0F5C2378][740753564][ 4097]
CThostFtdcUserApiImplBase::OnSessionDisconnected[0000017B0F5C23E8][740753565][ 4097]
CThostFtdcUserApiImplBase::OnSessionDisconnected[0000017B0F5C2A78][740753566][ 4097]
CThostFtdcUserApiImplBase::OnSessionDisconnected[0000017B0F5C2298][740753567][ 4097]
CThostFtdcUserApiImplBase::OnSessionDisconnected[0000017B0F5C2A78][740753568][ 4097]
CThostFtdcUserApiImplBase::OnSessionDisconnected[0000017B0F5C2A78][740753569][ 4097]
CThostFtdcUserApiImplBase::OnSessionDisconnected[0000017B0F5C1F18][740753570][ 4097]
CThostFtdcUserApiImplBase::OnSessionDisconnected[0000017B0F5C23E8][740753571][ 4097]
CThostFtdcUserApiImplBase::OnSessionDisconnected[0000017B0F5C2A78][740753572][ 4097]
CThostFtdcUserApiImplBase::OnSessionDisconnected[0000017B0F5C2A78][740753573][ 4097]
CThostFtdcUserApiImplBase::OnSessionDisconnected[0000017B0F5C2298][740819110][ 4097]
CThostFtdcUserApiImplBase::OnSessionDisconnected[0000017B0F5C2378][740819111][ 4097]
CThostFtdcUserApiImplBase::OnSessionDisconnected[0000017B0F5C2D88][740819112][ 4097]
CThostFtdcUserApiImplBase::OnSessionDisconnected[0000017B0F5C1F18][740819113][ 4097]
CThostFtdcUserApiImplBase::OnSessionDisconnected[0000017B0F5C2A78][740819114][ 4097]
CThostFtdcUserApiImplBase::OnSessionDisconnected[0000017B0F5C2A78][740819115][ 4097]
CThostFtdcUserApiImplBase::OnSessionDisconnected[0000017B0F5C2A78][740819116][ 4097]
CThostFtdcUserApiImplBase::OnSessionDisconnected[0000017B0F5C1F18][740819117][ 4097]
CThostFtdcUserApiImplBase::OnSessionDisconnected[0000017B0F5C2298][740819118][ 4097]
CThostFtdcUserApiImplBase::OnSessionDisconnected[0000017B0F5C2378][740819119][ 4097]
CThostFtdcUserApiImplBase::OnSessionDisconnected[0000017B0F5C2A78][740884656][ 4097]
CThostFtdcUserApiImplBase::OnSessionDisconnected[0000017B0F5C1F18][740884657][ 4097]
CThostFtdcUserApiImplBase::OnSessionDisconnected[0000017B0F5C2D88][740884658][ 4097]
CThostFtdcUserApiImplBase::OnSessionDisconnected[0000017B0F5C2CA8][740884659][ 4097]
CThostFtdcUserApiImplBase::OnSessionDisconnected[0000017B0F5C1F18][740884660][ 4097]
CThostFtdcUserApiImplBase::OnSessionDisconnected[0000017B0F5C2A78][740884661][ 4097]
CThostFtdcUserApiImplBase::OnSessionDisconnected[0000017B0F5C1F88][740884662][ 4097]
CThostFtdcUserApiImplBase::OnSessionDisconnected[0000017B0F5C23E8][740884663][ 4097]
CThostFtdcUserApiImplBase::OnSessionDisconnected[0000017B0F5C23E8][740884664][ 4097]
CThostFtdcUserApiImplBase::OnSessionDisconnected[0000017B0F5C2A78][740884665][ 4097]
CThostFtdcUserApiImplBase::OnSessionDisconnected[0000017B0F5C2D88][740950202][ 4097]
CThostFtdcUserApiImplBase::OnSessionDisconnected[0000017B0F5C2A78][740950203][ 4097]
CThostFtdcUserApiImplBase::OnSessionDisconnected[0000017B0F5C1F18][740950204][ 4097]
CThostFtdcUserApiImplBase::OnSessionDisconnected[0000017B0F5C2A78][740950205][ 4097]
CThostFtdcUserApiImplBase::OnSessionDisconnected[0000017B0F5C2378][740950206][ 4097]
CThostFtdcUserApiImplBase::OnSessionDisconnected[0000017B0F5C24C8][740950207][ 4097]
CThostFtdcUserApiImplBase::OnSessionDisconnected[0000017B0F5C2298][740950208][ 4097]
CThostFtdcUserApiImplBase::OnSessionDisconnected[0000017B0F5C2298][740950209][ 4097]
CThostFtdcUserApiImplBase::OnSessionDisconnected[0000017B0F5C2A78][740950210][ 4097]
CThostFtdcUserApiImplBase::OnSessionDisconnected[0000017B0F5C2AE8][740950211][ 4097]
CThostFtdcUserApiImplBase::OnSessionDisconnected[0000017B0F5C1F18][741015748][ 4097]
CThostFtdcUserApiImplBase::OnSessionDisconnected[0000017B0F5C2A78][741015749][ 4097]
CThostFtdcUserApiImplBase::OnSessionDisconnected[0000017B0F5C2CA8][741015750][ 4097]
CThostFtdcUserApiImplBase::OnSessionDisconnected[0000017B0F5C1F18][741015751][ 4097]
CThostFtdcUserApiImplBase::OnSessionDisconnected[0000017B0F5C2AE8][741015752][ 4097]
CThostFtdcUserApiImplBase::OnSessionDisconnected[0000017B0F5C2A78][741015753][ 4097]
CThostFtdcUserApiImplBase::OnSessionDisconnected[0000017B0F5C2A78][741015754][ 4097]
CThostFtdcUserApiImplBase::OnSessionDisconnected[0000017B0F5C2A78][741015755][ 4097]
CThostFtdcUserApiImplBase::OnSessionDisconnected[0000017B0F5C2A78][741015756][ 4097]
CThostFtdcUserApiImplBase::OnSessionDisconnected[0000017B0F5C2378][741015757][    0]
CThostFtdcUserApiImplBase::OnSessionDisconnected[0000017B0F5C2CA8][741081294][ 4097]
CThostFtdcUserApiImplBase::OnSessionDisconnected[0000017B0F5C2B58][741081295][ 4097]
CThostFtdcUserApiImplBase::OnSessionDisconnected[0000017B0F5C1F18][741081296][ 4097]
CThostFtdcUserApiImplBase::OnSessionDisconnected[0000017B0F5C2298][741081297][ 4097]
CThostFtdcUserApiImplBase::OnSessionDisconnected[0000017B0F5C1F18][741081298][ 4097]
CThostFtdcUserApiImplBase::OnSessionDisconnected[0000017B0F5C2AE8][741146835][ 4097]
CThostFtdcUserApiImplBase::OnSessionDisconnected[0000017B0F5C2A78][741146836][ 4097]
CThostFtdcUserApiImplBase::OnSessionDisconnected[0000017B0F5C1F18][741146837][ 4097]
CThostFtdcUserApiImplBase::OnSessionDisconnected[0000017B0F5C2A78][741146838][ 4097]
CThostFtdcUserApiImplBase::OnSessionDisconnected[0000017B0F5C1F18][741146839][ 4097]
CThostFtdcUserApiImplBase::OnSessionDisconnected[0000017B0F5C2A78][741146840][ 4097]
CThostFtdcUserApiImplBase::OnSessionDisconnected[0000017B0F5C2A78][741146841][ 4097]
CThostFtdcUserApiImplBase::OnSessionDisconnected[0000017B0F5C2298][741146842][ 4097]
CThostFtdcUserApiImplBase::OnSessionDisconnected[0000017B0F5C24C8][741146843][ 4097]
CThostFtdcUserApiImplBase::OnSessionDisconnected[0000017B0F5C2A78][741212380][ 4097]
CThostFtdcUserApiImplBase::OnSessionDisconnected[0000017B0F5C2A78][741212381][ 4097]
CThostFtdcUserApiImplBase::OnSessionDisconnected[0000017B0F5C2A78][741212382][ 4097]
CThostFtdcUserApiImplBase::OnSessionDisconnected[0000017B0F5C1F18][741212383][ 4097]
CThostFtdcUserApiImplBase::OnSessionDisconnected[0000017B0F5C23E8][741212384][ 4097]
CThostFtdcUserApiImplBase::OnSessionDisconnected[0000017B0F5C2A78][741212385][ 4097]
CThostFtdcUserApiImplBase::OnSessionDisconnected[0000017B0F5C2A78][741212386][ 4097]
CThostFtdcUserApiImplBase::OnSessionDisconnected[0000017B0F5C2A78][741212387][ 4097]
CThostFtdcUserApiImplBase::OnSessionDisconnected[0000017B0F5C2298][741212388][ 4097]
CThostFtdcUserApiImplBase::OnSessionDisconnected[0000017B0F5C2A78][741212389][ 4097]
CThostFtdcUserApiImplBase::OnSessionDisconnected[0000017B0F5C2B58][741277926][ 4097]
CThostFtdcUserApiImplBase::OnSessionDisconnected[0000017B0F5C2A78][741277927][ 4097]
CThostFtdcUserApiImplBase::OnSessionDisconnected[0000017B0F5C24C8][741277928][ 4097]
CThostFtdcUserApiImplBase::OnSessionDisconnected[0000017B0F5C2A78][741277929][ 4097]
CThostFtdcUserApiImplBase::OnSessionDisconnected[0000017B0F5C2A78][741277930][ 4097]
CThostFtdcUserApiImplBase::OnSessionDisconnected[0000017B0F5C2A78][741277931][ 4097]
CThostFtdcUserApiImplBase::OnSessionDisconnected[0000017B0F5C23E8][741277932][ 4097]
CThostFtdcUserApiImplBase::OnSessionDisconnected[0000017B0F5C2A78][741277933][ 4097]
CThostFtdcUserApiImplBase::OnSessionDisconnected[0000017B0F5C2CA8][741277934][ 4097]
CThostFtdcUserApiImplBase::OnSessionDisconnected[0000017B0F5C2D88][741277935][ 4097]
CThostFtdcUserApiImplBase::OnSessionDisconnected[0000017B0F5C23E8][741343472][ 4097]
CThostFtdcUserApiImplBase::OnSessionDisconnected[0000017B0F5C2D88][741343473][ 4097]
CThostFtdcUserApiImplBase::OnSessionDisconnected[0000017B0F5C2A78][741343474][ 4097]
CThostFtdcUserApiImplBase::OnSessionDisconnected[0000017B0F5C2A78][741343475][ 4097]
CThostFtdcUserApiImplBase::OnSessionDisconnected[0000017B0F5C24C8][741343476][ 4097]
CThostFtdcUserApiImplBase::OnSessionDisconnected[0000017B0F5C2A78][741343477][ 4097]
CThostFtdcUserApiImplBase::OnSessionDisconnected[0000017B0F5C2A78][741343478][ 4097]
CThostFtdcUserApiImplBase::OnSessionDisconnected[0000017B0F5C2AE8][741343479][ 4097]
CThostFtdcUserApiImplBase::OnSessionDisconnected[0000017B0F5C23E8][741409016][ 4097]
CThostFtdcUserApiImplBase::OnSessionDisconnected[0000017B0F5C2298][741409017][ 4097]
CThostFtdcUserApiImplBase::OnSessionDisconnected[0000017B0F5C2D88][741409018][ 4097]
CThostFtdcUserApiImplBase::OnSessionDisconnected[0000017B0F5C2A78][741409019][ 4097]
CThostFtdcUserApiImplBase::OnSessionDisconnected[0000017B0F5C2A78][741409020][ 4097]
CThostFtdcUserApiImplBase::OnSessionDisconnected[0000017B0F5C2A78][741409021][ 4097]
CThostFtdcUserApiImplBase::OnSessionDisconnected[0000017B0F5C2A78][741409022][ 4097]
CThostFtdcUserApiImplBase::OnSessionDisconnected[0000017B0F5C2A78][741474559][ 4097]
CThostFtdcUserApiImplBase::OnSessionDisconnected[0000017B0F5C2CA8][741474560][ 4097]
CThostFtdcUserApiImplBase::OnSessionDisconnected[0000017B0F5C23E8][741474561][ 4097]
CThostFtdcUserApiImplBase::OnSessionDisconnected[0000017B0F5C2A78][741474562][ 4097]
CThostFtdcUserApiImplBase::OnSessionDisconnected[0000017B0F5C2298][741474563][ 4097]
CThostFtdcUserApiImplBase::OnSessionDisconnected[0000017B0F5C2D88][741474564][ 4097]
CThostFtdcUserApiImplBase::OnSessionDisconnected[0000017B0F5C24C8][741540101][ 4097]
CThostFtdcUserApiImplBase::OnSessionDisconnected[0000017B0F5C2CA8][741540102][ 4097]
CThostFtdcUserApiImplBase::OnSessionDisconnected[0000017B0F5C23E8][741540103][ 4097]
CThostFtdcUserApiImplBase::OnSessionDisconnected[0000017B0F5C2298][741540104][ 4097]
CThostFtdcUserApiImplBase::OnSessionDisconnected[0000017B0F5C2CA8][741540105][ 4097]
CThostFtdcUserApiImplBase::OnSessionDisconnected[0000017B0F5C23E8][741540106][ 4097]
CThostFtdcUserApiImplBase::OnSessionDisconnected[0000017B0F5C2D88][741540107][ 4097]
CThostFtdcUserApiImplBase::OnSessionDisconnected[0000017B0F5C2298][741605644][ 4097]
CThostFtdcUserApiImplBase::OnSessionDisconnected[0000017B0F5C2A78][741605645][ 4097]
CThostFtdcUserApiImplBase::OnSessionDisconnected[0000017B0F5C2A78][741605646][ 4097]
CThostFtdcUserApiImplBase::OnSessionDisconnected[0000017B0F5C23E8][741605647][ 4097]
CThostFtdcUserApiImplBase::OnSessionDisconnected[0000017B0F5C2298][741605648][ 4097]
CThostFtdcUserApiImplBase::OnSessionDisconnected[0000017B0F5C2298][741605649][ 4097]
CThostFtdcUserApiImplBase::OnSessionDisconnected[0000017B0F5C2CA8][741605650][ 4097]
CThostFtdcUserApiImplBase::OnSessionDisconnected[0000017B0F5C2A78][741605651][ 4097]
CThostFtdcUserApiImplBase::OnSessionDisconnected[0000017B0F5C2A78][741671188][ 4097]
CThostFtdcUserApiImplBase::OnSessionDisconnected[0000017B0F5C2298][741671189][ 4097]
CThostFtdcUserApiImplBase::OnSessionDisconnected[0000017B0F5C2298][741671190][ 4097]
CThostFtdcUserApiImplBase::OnSessionDisconnected[0000017B0F5C1F18][741671191][ 4097]
CThostFtdcUserApiImplBase::OnSessionDisconnected[0000017B0F5C2A78][741671192][ 4097]
CThostFtdcUserApiImplBase::OnSessionDisconnected[0000017B0F5C2D88][741671193][ 4097]
CThostFtdcUserApiImplBase::OnSessionDisconnected[0000017B0F5C2298][741671194][ 4097]
CThostFtdcUserApiImplBase::OnSessionDisconnected[0000017B0F5C2298][741671195][ 4097]
CThostFtdcUserApiImplBase::OnSessionDisconnected[0000017B0F5C1F18][741671196][ 4097]
CThostFtdcUserApiImplBase::OnSessionDisconnected[0000017B0F5C2298][741736733][ 4097]
CThostFtdcUserApiImplBase::OnSessionDisconnected[0000017B0F5C2A78][741736734][ 4097]
CThostFtdcUserApiImplBase::OnSessionDisconnected[0000017B0F5C23E8][741736735][ 4097]
CThostFtdcUserApiImplBase::OnSessionDisconnected[0000017B0F5C2A78][741736736][ 4097]
CThostFtdcUserApiImplBase::OnSessionDisconnected[0000017B0F5C1F18][741736737][ 4097]
CThostFtdcU097
MD Front Disconnected: 4097
MD Front Disconnected: 4097
MD Front Disconnected: 4097
MD Front Disconnected: 4097
MD Front Disconnected: 4097
MD Front Disconnected: 4097
MD Front Disconnected: 4097
MD Front Disconnected: 4097
MD Front Disconnected: 4097
MD Front Disconnected: 4097
MD Front Disconnected: 4097
MD Front Disconnected: 4097
MD Front Disconnected: 4097
MD Front Disconnected: 4097
MD Front Disconnected: 4097
MD Front Disconnected: 4097
MD Front Disconnected: 4097
MD Front Disconnected: 4097
MD Front Disconnected: 4097
MD Front Disconnected: 4097
MD Front Disconnected: 4097
MD Front Disconnected: 4097
MD Front Disconnected: 4097
MD Front Disconnected: 4097
MD Front Disconnected: 4097
MD Front Disconnected: 4097
MD Front Disconnected: 4097
MD Front Disconnected: 4097
MD Front Disconnected: 4097
MD Front Disconnected: 4097
MD Front Disconnected: 4097
MD Front Disconnected: 4097
MD Front Disconnected: 4097
MD Front Disconnected: 4097
MD Front Disconnected: 4097
MD Front Disconnected: 4097
MD Front Disconnected: 4097
MD Front Disconnected: 4097
MD Front Disconnected: 4097
MD Front Disconnected: 4097
MD Front Disconnected: 4097
MD Front Disconnected: 4097
MD Front Disconnected: 4097
MD Front Disconnected: 4097
MD Front Disconnected: 4097
MD Front Disconnected: 4097
MD Front Disconnected: 4097
MD Front Disconnected: 4097
MD Front Disconnected: 4097
MD Front Disconnected: 4097
MD Front Disconnected: 4097
MD Front Disconnected: 4097
MD Front Disconnected: 4097
MD Front Disconnected: 4097
MD Front Disconnected: 4097
MD Front Disconnected: 4097
MD Front Disconnected: 4097
MD Front Disconnected: 4097
MD Front Disconnected: 4097
MD Front Disconnected: 4097
MD Front Disconnected: 4097
MD Front Disconnected: 4097
MD Front Disconnected: 4097
MD Front Disconnected: 4097
MD Front Disconnected: 4097
MD Front Disconnected: 4097
MD Front Disconnected: 4097
MD Front Disconnected: 4097
MD Front Disconnected: 4097
MD Front Disconnected: 4097
MD Front Disconnected: 4097
MD Front Disconnected: 4097
MD Front Disconnected: 4097
MD Front Disconnected: 4097
MD Front Disconnected: 4097
MD Front Disconnected: 4097
MD Front Disconnected: 4097
MD Front Disconnected: 4097
MD Front Disconnected: 4097
MD Front Disconnected: 4097
MD Front Disconnected: 4097
MD Front Disconnected: 4097
MD Front Disconnected: 4097
MD Front Disconnected: 4097
MD Front Disconnected: 4097
MD Front Disconnected: 4097
MD Front Disconnected: 4097
MD Front Disconnected: 4097
MD Front Disconnected: 4097
MD Front Disconnected: 4097
MD Front Disconnected: 4097
MD Front Disconnected: 4097
MD Front Disconnected: 4097
MD Front Disconnected: 4097
MD Front Disconnected: 4097
MD Front Disconnected: 4097
MD Front Disconnected: 4097
MD Front Disconnected: 4097
MD Front Disconnected: 4097
MD Front Disconnected: 4097
MD Front Disconnected: 4097
MD Front Disconnected: 4097
MD Front Disconnected: 4097
MD Front Disconnected: 4097
MD Front Disconnected: 4097
MD Front Disconnected: 4097
MD Front Disconnected: 4097
MD Front Disconnected: 4097
MD Front Disconnected: 4097
MD Front Disconnected: 4097
MD Front Disconnected: 4097
MD Front Disconnected: 4097
MD Front Disconnected: 4097
MD Front Disconnected: 4097
MD Front Disconnected: 4097
MD Front Disconnected: 4097
MD Front Disconnected: 4097
MD Front Disconnected: 4097
MD Front Disconnected: 4097
MD Front Disconnected: 4097
MD Front Disconnected: 4097
MD Front Disconnected: 4097
MD Front Disconnected: 4097
MD Front Disconnected: 4097
MD Front Disconnected: 4097
MD Front Disconnected: 4097
MD Front Disconnected: 4097
MD Front Disconnected: 4097
MD Front Disconnected: 4097
MD Front Disconnected: 4097
MD Front Disconnected: 4097
MD Front Disconnected: 4097
MD Front Disconnected: 4097
MD Front Disconnected: 4097
MD Front Disconnected: 4097
MD Front Disconnected: 4097
MD Front Disconnected: 4097
MD Front Disconnected: 4097
MD Front Disconnected: 4097
MD Front Disconnected: 4097
MD Front Disconnected: 4097
MD Front Disconnected: 4097
MD Front Disconnected: 4097
MD Front Disconnected: 4097
MD Front Disconnected: 4097
MD Front Disconnected: 4097
MD FserApiImplBase::OnSessionDisconnected[0000017B0F5C2D88][741736738][ 4097]
CThostFtdcUserApiImplBase::OnSessionDisconnected[0000017B0F5C1F18][741736739][ 4097]
CThostFtdcUserApiImplBase::OnSessionDisconnected[0000017B0F5C2298][741736740][ 4097]
CThostFtdcUserApiImplBase::OnSessionDisconnected[0000017B0F5C2AE8][741736741][ 4097]
CThostFtdcUserApiImplBase::OnSessionDisconnected[0000017B0F5C2298][741736742][ 4097]
CThostFtdcUserApiImplBase::OnSessionDisconnected[0000017B0F5C2D88][741802279][ 4097]
CThostFtdcUserApiImplBase::OnSessionDisconnected[0000017B0F5C1F18][741802280][ 4097]
CThostFtdcUserApiImplBase::OnSessionDisconnected[0000017B0F5C2A78][741802281][ 4097]
CThostFtdcUserApiImplBase::OnSessionDisconnected[0000017B0F5C2298][741802282][ 4097]
CThostFtdcUserApiImplBase::OnSessionDisconnected[0000017B0F5C2A78][741802283][ 4097]
CThostFtdcUserApiImplBase::OnSessionDisconnected[0000017B0F5C2CA8][741802284][ 4097]
CThostFtdcUserApiImplBase::OnSessionDisconnected[0000017B0F5C2298][741802285][ 4097]
CThostFtdcUserApiImplBase::OnSessionDisconnected[0000017B0F5C2CA8][741802286][ 4097]
CThostFtdcUserApiImplBase::OnSessionDisconnected[0000017B0F5C2298][741802287][ 4097]
CThostFtdcUserApiImplBase::OnSessionDisconnected[0000017B0F5C23E8][741802288][ 4097]
CThostFtdcUserApiImplBase::OnSessionDisconnected[0000017B0F5C2298][741867825][ 4097]
CThostFtdcUserApiImplBase::OnSessionDisconnected[0000017B0F5C2A78][741867826][ 4097]
CThostFtdcUserApiImplBase::OnSessionDisconnected[0000017B0F5C2B58][741867827][ 4097]
CThostFtdcUserApiImplBase::OnSessionDisconnected[0000017B0F5C2A78][741867828][ 4097]
CThostFtdcUserApiImplBase::OnSessionDisconnected[0000017B0F5C1F18][741867829][ 4097]
CThostFtdcUserApiImplBase::OnSessionDisconnected[0000017B0F5C24C8][741867830][ 4097]
CThostFtdcUserApiImplBase::OnSessionDisconnected[0000017B0F5C2A78][741867831][ 4097]
CThostFtdcUserApiImplBase::OnSessionDisconnected[0000017B0F5C1F18][741867832][ 4097]
CThostFtdcUserApiImplBase::OnSessionDisconnected[0000017B0F5C2A78][741867833][ 4097]
CThostFtdcUserApiImplBase::OnSessionDisconnected[0000017B0F5C2D88][741867834][ 4097]
CThostFtdcUserApiImplBase::OnSessionDisconnected[0000017B0F5C24C8][741933371][ 4097]
CThostFtdcUserApiImplBase::OnSessionDisconnected[0000017B0F5C1F88][741933372][ 4097]
CThostFtdcUserApiImplBase::OnSessionDisconnected[0000017B0F5C2A78][741933373][ 4097]
CThostFtdcUserApiImplBase::OnSessionDisconnected[0000017B0F5C2A78][741933374][ 4097]
CThostFtdcUserApiImplBase::OnSessionDisconnected[0000017B0F5C2A78][741933375][ 4097]
CThostFtdcUserApiImplBase::OnSessionDisconnected[0000017B0F5C2D88][741933376][ 4097]
CThostFtdcUserApiImplBase::OnSessionDisconnected[0000017B0F5C23E8][741933377][ 4097]
CThostFtdcUserApiImplBase::OnSessionDisconnected[0000017B0F5C1F18][741933378][ 4097]
CThostFtdcUserApiImplBase::OnSessionDisconnected[0000017B0F5C2298][741933379][ 4097]
CThostFtdcUserApiImplBase::OnSessionDisconnected[0000017B0F5C2CA8][741998916][ 4097]
CThostFtdcUserApiImplBase::OnSessionDisconnected[0000017B0F5C2D88][741998917][ 4097]
CThostFtdcUserApiImplBase::OnSessionDisconnected[0000017B0F5C2298][741998918][ 4097]
CThostFtdcUserApiImplBase::OnSessionDisconnected[0000017B0F5C2A78][741998919][ 4097]
CThostFtdcUserApiImplBase::OnSessionDisconnected[0000017B0F5C2A78][741998920][ 4097]
CThostFtdcUserApiImplBase::OnSessionDisconnected[0000017B0F5C2AE8][741998921][ 4097]
CThostFtdcUserApiImplBase::OnSessionDisconnected[0000017B0F5C2298][741998922][ 4097]
CThostFtdcUserApiImplBase::OnSessionDisconnected[0000017B0F5C2298][741998923][ 4097]
CThostFtdcUserApiImplBase::OnSessionDisconnected[0000017B0F5C2A78][741998924][ 4097]
CThostFtdcUserApiImplBase::OnSessionDisconnected[0000017B0F5C2AE8][741998925][ 4097]
CThostFtdcUserApiImplBase::OnSessionDisconnected[0000017B0F5C2A78][742064462][ 4097]
CThostFtdcUserApiImplBase::OnSessionDisconnected[0000017B0F5C2CA8][742064463][ 4097]
CThostFtdcUserApiImplBase::OnSessionDisconnected[0000017B0F5C2D88][742064464][ 4097]
CThostFtdcUserApiImplBase::OnSessionDisconnected[0000017B0F5C2D88][742064465][ 4097]
CThostFtdcUserApiImplBase::OnSessionDisconnected[0000017B0F5C2A78][742064466][ 4097]
CThostFtdcUserApiImplBase::OnSessionDisconnected[0000017B0F5C23E8][742064467][ 4097]
CThostFtdcUserApiImplBase::OnSessionDisconnected[0000017B0F5C2298][742064468][ 4097]
CThostFtdcUserApiImplBase::OnSessionDisconnected[0000017B0F5C2CA8][742064469][ 4097]
CThostFtdcUserApiImplBase::OnSessionDisconnected[0000017B0F5C2A78][742064470][ 4097]
CThostFtdcUserApiImplBase::OnSessionDisconnected[0000017B0F5C2D88][742130007][ 4097]
CThostFtdcUserApiImplBase::OnSessionDisconnected[0000017B0F5C2A78][742130008][ 4097]
CThostFtdcUserApiImplBase::OnSessionDisconnected[0000017B0F5C2A78][742130009][ 4097]
CThostFtdcUserApiImplBase::OnSessionDisconnected[0000017B0F5C2A78][742130010][ 4097]
CThostFtdcUserApiImplBase::OnSessionDisconnected[0000017B0F5C2298][742130011][ 4097]
CThostFtdcUserApiImplBase::OnSessionDisconnected[0000017B0F5C2298][742130012][ 4097]
CThostFtdcUserApiImplBase::OnSessionDisconnected[0000017B0F5C2A78][742130013][ 4097]
CThostFtdcUserApiImplBase::OnSessionDisconnected[0000017B0F5C2298][742130014][ 4097]
CThostFtdcUserApiImplBase::OnSessionDisconnected[0000017B0F5C2A78][742130015][ 4097]
CThostFtdcUserApiImplBase::OnSessionDisconnected[0000017B0F5C2D88][742130016][ 4097]
CThostFtdcUserApiImplBase::OnSessionDisconnected[0000017B0F5C2A78][742195553][ 4097]
CThostFtdcUserApiImplBase::OnSessionDisconnected[0000017B0F5C2A78][742195554][ 4097]
CThostFtdcUserApiImplBase::OnSessionDisconnected[0000017B0F5C2B58][742195555][ 4097]
CThostFtdcUserApiImplBase::OnSessionDisconnected[0000017B0F5C2A78][742195556][ 4097]
CThostFtdcUserApiImplBase::OnSessionDisconnected[0000017B0F5C23E8][742195557][ 4097]
CThostFtdcUserApiImplBase::OnSessionDisconnected[0000017B0F5C2A78][742195558][ 4097]
CThostFtdcUserApiImplBase::OnSessionDisconnected[0000017B0F5C2D88][742195559][ 4097]
CThostFtdcUserApiImplBase::OnSessionDisconnected[0000017B0F5C2A78][742195560][ 4097]
CThostFtdcUserApiImplBase::OnSessionDisconnected[0000017B0F5C2AE8][742195561][ 4097]
CThostFtdcUserApiImplBase::OnSessionDisconnected[0000017B0F5C2A78][742195562][ 4097]
CThostFtdcUserApiImplBase::OnSessionDisconnected[0000017B0F5C2A78][742261099][ 4097]
CThostFtdcUserApiImplBase::OnSessionDisconnected[0000017B0F5C2A78][742261100][ 4097]
CThostFtdcUserApiImplBase::OnSessionDisconnected[0000017B0F5C2A78][742261101][ 4097]
CThostFtdcUserApiImplBase::OnSessionDisconnected[0000017B0F5C2B58][742261102][ 4097]
CThostFtdcUserApiImplBase::OnSessionDisconnected[0000017B0F5C2AE8][742261103][ 4097]
CThostFtdcUserApiImplBase::OnSessionDisconnected[0000017B0F5C2D88][742261104][ 4097]
CThostFtdcUserApiImplBase::OnSessionDisconnected[0000017B0F5C24C8][742261105][ 4097]
CThostFtdcUserApiImplBase::OnSessionDisconnected[0000017B0F5C2298][742261106][ 4097]
CThostFtdcUserApiImplBase::OnSessionDisconnected[0000017B0F5C24C8][742261107][ 4097]
CThostFtdcUserApiImplBase::OnSessionDisconnected[0000017B0F5C23E8][742326644][ 4097]
CThostFtdcUserApiImplBase::OnSessionDisconnected[0000017B0F5C2A78][742326645][ 4097]
CThostFtdcUserApiImplBase::OnSessionDisconnected[0000017B0F5C2A78][742326646][ 4097]
CThostFtdcUserApiImplBase::OnSessionDisconnected[0000017B0F5C2A78][742326647][ 4097]
CThostFtdcUserApiImplBase::OnSessionDisconnected[0000017B0F5C2A78][742326648][ 4097]
CThostFtdcUserApiImplBase::OnSessionDisconnected[0000017B0F5C2A78][742326649][ 4097]
CThostFtdcUserApiImplBase::OnSessionDisconnected[0000017B0F5C2A78][742326650][ 4097]
CThostFtdcUserApiImplBase::OnSessionDisconnected[0000017B0F5C2A78][742326651][ 4097]
CThostFtdcUserApiImplBase::OnSessionDisconnected[0000017B0F5C2CA8][742326652][ 4097]
CThostFtdcUserApiImplBase::OnSessionDisconnected[0000017B0F5C2A78][742326653][ 4097]
CThostFtdcUserApiImplBase::OnSessionDisconnected[0000017B0F5C2D88][742392190][ 4097]
CThostFtdcUserApiImplBase::OnSessionDisconnected[0000017B0F5C2CA8][742392191][ 4097]
CThostFtdcUserApiImplBase::OnSessionDisconnected[0000017B0F5C2A78][742392192][ 4097]
CThostFtdcUserApiImplBase::OnSessionDisconnected[0000017B0F5C2298][742392193][ 4097]
CThostFtdcUserApiImplBase::OnSessionDisconn097]
CThostFtdcUserApiImplBase::OnSessionDisconnected[0000017B0F5C2298][739311859][ 4097]
CThostFtdcUserApiImplBase::OnSessionDisconnected[0000017B0F5C2A78][739311860][ 4097]
CThostFtdcUserApiImplBase::OnSessionDisconnected[0000017B0F5C23E8][739377397][ 4097]
CThostFtdcUserApiImplBase::OnSessionDisconnected[0000017B0F5C2A78][739377398][ 4097]
CThostFtdcUserApiImplBase::OnSessionDisconnected[0000017B0F5C2298][739377399][ 4097]
CThostFtdcUserApiImplBase::OnSessionDisconnected[0000017B0F5C2A78][739377400][ 4097]
CThostFtdcUserApiImplBase::OnSessionDisconnected[0000017B0F5C2A78][739377401][ 4097]
CThostFtdcUserApiImplBase::OnSessionDisconnected[0000017B0F5C1F18][739377402][ 4097]
CThostFtdcUserApiImplBase::OnSessionDisconnected[0000017B0F5C2A78][739377403][ 4097]
CThostFtdcUserApiImplBase::OnSessionDisconnected[0000017B0F5C2AE8][739377404][ 4097]
CThostFtdcUserApiImplBase::OnSessionDisconnected[0000017B0F5C2A78][739377405][ 4097]
CThostFtdcUserApiImplBase::OnSessionDisconnected[0000017B0F5C1F18][739442942][ 4097]
CThostFtdcUserApiImplBase::OnSessionDisconnected[0000017B0F5C2298][739442943][ 4097]
CThostFtdcUserApiImplBase::OnSessionDisconnected[0000017B0F5C2A78][739442944][ 4097]
CThostFtdcUserApiImplBase::OnSessionDisconnected[0000017B0F5C1F88][739442945][ 4097]
CThostFtdcUserApiImplBase::OnSessionDisconnected[0000017B0F5C2A78][739442946][ 4097]
CThostFtdcUserApiImplBase::OnSessionDisconnected[0000017B0F5C2298][739442947][ 4097]
CThostFtdcUserApiImplBase::OnSessionDisconnected[0000017B0F5C2298][739442948][ 4097]
CThostFtdcUserApiImplBase::OnSessionDisconnected[0000017B0F5C1F18][739442949][ 4097]
CThostFtdcUserApiImplBase::OnSessionDisconnected[0000017B0F5C2A78][739442950][ 4097]
CThostFtdcUserApiImplBase::OnSessionDisconnected[0000017B0F5C2A78][739508487][ 4097]
CThostFtdcUserApiImplBase::OnSessionDisconnected[0000017B0F5C2A78][739508488][ 4097]
CThostFtdcUserApiImplBase::OnSessionDisconnected[0000017B0F5C2A78][739508489][ 4097]
CThostFtdcUserApiImplBase::OnSessionDisconnected[0000017B0F5C2A78][739508490][ 4097]
CThostFtdcUserApiImplBase::OnSessionDisconnected[0000017B0F5C2A78][739508491][ 4097]
CThostFtdcUserApiImplBase::OnSessionDisconnected[0000017B0F5C2A78][739508492][ 4097]
CThostFtdcUserApiImplBase::OnSessionDisconnected[0000017B0F5C1F88][739508493][ 4097]
CThostFtdcUserApiImplBase::OnSessionDisconnected[0000017B0F5C2298][739508494][ 4097]
CThostFtdcUserApiImplBase::OnSessionDisconnected[0000017B0F5C2A78][739508495][ 4097]
CThostFtdcUserApiImplBase::OnSessionDisconnected[0000017B0F5C2A78][739574032][ 4097]
CThostFtdcUserApiImplBase::OnSessionDisconnected[0000017B0F5C2CA8][739574033][ 4097]
CThostFtdcUserApiImplBase::OnSessionDisconnected[0000017B0F5C2AE8][739574034][ 4097]
CThostFtdcUserApiImplBase::OnSessionDisconnected[0000017B0F5C2A78][739574035][ 4097]
CThostFtdcUserApiImplBase::OnSessionDisconnected[0000017B0F5C1F88][739574036][ 4097]
CThostFtdcUserApiImplBase::OnSessionDisconnected[0000017B0F5C2A78][739574037][ 4097]
CThostFtdcUserApiImplBase::OnSessionDisconnected[0000017B0F5C24C8][739574038][ 4097]
CThostFtdcUserApiImplBase::OnSessionDisconnected[0000017B0F5C2298][739639575][ 4097]
CThostFtdcUserApiImplBase::OnSessionDisconnected[0000017B0F5C2A78][739639576][ 4097]
CThostFtdcUserApiImplBase::OnSessionDisconnected[0000017B0F5C2298][742523162][ 4097]
CThostFtdcUserApiImplBase::OnSessionDisconnected[0000017B0F5C2A78][742523163][ 4097]
CThostFtdcUserApiImplBase::OnSessionDisconnected[0000017B0F5C2B58][742523164][ 4097]
CThostFtdcUserApiImplBase::OnSessionDisconnected[0000017B0F5C23E8][742523165][ 4097]
CThostFtdcUserApiImplBase::OnSessionDisconnected[0000017B0F5C1F88][742523166][ 4097]
CThostFtdcUserApiImplBase::OnSessionDisconnected[0000017B0F5C2A78][742523167][ 4097]
CThostFtdcUserApiImplBase::OnSessionDisconnected[0000017B0F5C2A78][742588704][ 4097]
CThostFtdcUserApiImplBase::OnSessionDisconnected[0000017B0F5C23E8][742588705][ 4097]
CThostFtdcUserApiImplBase::OnSessionDisconnected[0000017B0F5C24C8][742588706][ 4097]
CThostFtdcUserApiImplBase::OnSessionDisconnected[0000017B0F5C2A78][742588707][ 4097]
CThostFtdcUront Disconnected: 4097
MD Front Disconnected: 4097
MD Front Disconnected: 4097
MD Front Disconnected: 4097
MD Front Disconnected: 4097
MD Front Disconnected: 4097
MD Front Disconnected: 4097
MD Front Disconnected: 4097
MD Front Disconnected: 4097
MD Front Disconnected: 4097
MD Front Disconnected: 4097
MD Front Disconnected: 4097
MD Front Disconnected: 4097
MD Front Disconnected: 4097
MD Front Disconnected: 4097
MD Front Disconnected: 4097
MD Front Disconnected: 4097
MD Front Disconnected: 4097
MD Front Disconnected: 4097
MD Front Disconnected: 4097
MD Front Disconnected: 4097
MD Front Disconnected: 4097
MD Front Disconnected: 4097
MD Front Disconnected: 4097
MD Front Disconnected: 4097
MD Front Disconnected: 4097
MD Front Disconnected: 4097
MD Front Disconnected: 4097
MD Front Disconnected: 4097
MD Front Disconnected: 4097
MD Front Disconnected: 4097
MD Front Disconnected: 4097
MD Front Disconnected: 4097
MD Front Disconnected: 4097
MD Front Disconnected: 4097
MD Front Disconnected: 4097
MD Front Disconnected: 4097
MD Front Disconnected: 4097
MD Front Disconnected: 4097
MD Front Disconnected: 4097
MD Front Disconnected: 4097
MD Front Disconnected: 4097
MD Front Disconnected: 4097
MD Front Disconnected: 4097
MD Front Disconnected: 4097
MD Front Disconnected: 4097
MD Front Disconnected: 4097
MD Front Disconnected: 4097
MD Front Disconnected: 4097
MD Front Disconnected: 4097
MD Front Disconnected: 4097
MD Front Disconnected: 4097
MD Front Disconnected: 4097
MD Front Disconnected: 4097
MD Front Disconnected: 4097
MD Front Disconnected: 4097
MD Front Disconnected: 4097
MD Front Disconnected: 4097
MD Front Disconnected: 4097
MD Front Disconnected: 4097
MD Front Disconnected: 4097
MD Front Disconnected: 4097
MD Front Disconnected: 4097
MD Front Disconnected: 4097
MD Front Disconnected: 4097
MD Front Disconnected: 4097
MD Front Disconnected: 4097
MD Front Disconnected: 4097
MD Front Disconnected: 4097
MD Front Disconnected: 4097
MD Front Disconnected: 4097
MD Front Disconnected: 4097
MD Front Disconnected: 4097
MD Front Disconnected: 4097
MD Front Disconnected: 4097
MD Front Disconnected: 4097
MD Front Disconnected: 4097
MD Front Disconnected: 4097
MD Front Disconnected: 4097
MD Front Disconnected: 4097
MD Front Disconnected: 4097
MD Front Disconnected: 4097
MD Front Disconnected: 4097
MD Front Disconnected: 4097
MD Front Disconnected: 4097
MD Front Disconnected: 4097
MD Front Disconnected: 4097
MD Front Disconnected: 4097
MD Front Disconnected: 4097
MD Front Disconnected: 4097
TD Front Disconnected: 4097
TD Front Disconnected: 4097
TD Front Disconnected: 4097
TD Front Disconnected: 4097
TD Front Disconnected: 4097
TD Front Disconnected: 4097
TD Front Disconnected: 4097
TD Front Disconnected: 4097
TD Front Disconnected: 4097
TD Front Disconnected: 4097
TD Front Disconnected: 4097
TD Front Disconnected: 4097
TD Front Disconnected: 4097
TD Front Disconnected: 4097
TD Front Disconnected: 4097
TD Front Disconnected: 4097
TD Front Disconnected: 4097
TD Front Disconnected: 4097
TD Front Disconnected: 4097
TD Front Disconnected: 4097
TD Front Disconnected: 4097
TD Front Disconnected: 4097
TD Front Disconnected: 4097
TD Front Disconnected: 4097
TD Front Disconnected: 4097
TD Front Disconnected: 4097
TD Front Disconnected: 4097
TD Front Disconnected: 4097
TD Front Disconnected: 4097
TD Front Disconnected: 4097
TD Front Disconnected: 4097
TD Front Disconnected: 4097
TD Front Disconnected: 4097
TD Front Disconnected: 4097
TD Front Disconnected: 4097
TD Front Disconnected: 4097
TD Front Disconnected: 4097
TD Front Disconnected: 4097
TD Front Disconnected: 4097
TD Front Disconnected: 4097
TD Front Disconnected: 4097
TD Front Disconnected: 4097
TD Front Disconnected: 4097
TD Front Disconnected: 4097
TD Front Disconnected: 4097
TD Front Disconnected: 4097
TD Front Disconnected: 4097
TD Front Disconnected: 4097
TD Front Disconnected: 4097
TD Front Disconnected: 4097
TD Front Disconnected: 4097
TD Front Disconnected: 4097
TD Front Disconnected: 4097
TD Front Disconnected: 4097
TD Front Disconnected: 4097
TD Front Disconnected: 4097
TD Front DisserApiImplBase::OnSessionDisconnected[0000017B0F5C2298][742588708][ 4097]
CThostFtdcUserApiImplBase::OnSessionDisconnected[0000017B0F5C2A78][742588709][ 4097]
CThostFtdcUserApiImplBase::OnSessionDisconnected[0000017B0F5C1F18][742588710][ 4097]
CThostFtdcUserApiImplBase::OnSessionDisconnected[0000017B0F5C2298][742654247][ 4097]
CThostFtdcUserApiImplBase::OnSessionDisconnected[0000017B0F5C2CA8][742654248][ 4097]
CThostFtdcUserApiImplBase::OnSessionDisconnected[0000017B0F5C1F18][742654249][ 4097]
CThostFtdcUserApiImplBase::OnSessionDisconnected[0000017B0F5C2A78][742654250][ 4097]
CThostFtdcUserApiImplBase::OnSessionDisconnected[0000017B0F5C2298][742654251][ 4097]
CThostFtdcUserApiImplBase::OnSessionDisconnected[0000017B0F5C2A78][742654252][ 4097]
CThostFtdcUserApiImplBase::OnSessionDisconnected[0000017B0F5C2298][742654253][ 4097]
CThostFtdcUserApiImplBase::OnSessionDisconnected[0000017B0F5C2CA8][742719790][ 4097]
CThostFtdcUserApiImplBase::OnSessionDisconnected[0000017B0F5C2298][742719791][ 4097]
CThostFtdcUserApiImplBase::OnSessionDisconnected[0000017B0F5C2298][742719792][ 4097]
CThostFtdcUserApiImplBase::OnSessionDisconnected[0000017B0F5C2A78][742719793][ 4097]
CThostFtdcUserApiImplBase::OnSessionDisconnected[0000017B0F5C2A78][742719794][ 4097]
CThostFtdcUserApiImplBase::OnSessionDisconnected[0000017B0F5C2298][742719795][ 4097]
CThostFtdcUserApiImplBase::OnSessionDisconnected[0000017B0F5C2CA8][742719796][ 4097]
CThostFtdcUserApiImplBase::OnSessionDisconnected[0000017B0F5C2298][742785333][ 4097]
CThostFtdcUserApiImplBase::OnSessionDisconnected[0000017B0F5C2298][742785334][ 4097]
CThostFtdcUserApiImplBase::OnSessionDisconnected[0000017B0F5C2B58][742785335][ 4097]
CThostFtdcUserApiImplBase::OnSessionDisconnected[0000017B0F5C24C8][742785336][ 4097]
CThostFtdcUserApiImplBase::OnSessionDisconnected[0000017B0F5C2A78][742785337][ 4097]
CThostFtdcUserApiImplBase::OnSessionDisconnected[0000017B0F5C24C8][742785338][ 4097]
CThostFtdcUserApiImplBase::OnSessionDisconnected[0000017B0F5C2298][742850875][ 4097]
CThostFtdcUserApiImplBase::OnSessionDisconnected[0000017B0F5C2CA8][742850876][ 4097]
CThostFtdcUserApiImplBase::OnSessionDisconnected[0000017B0F5C2298][742850877][ 4097]
CThostFtdcUserApiImplBase::OnSessionDisconnected[0000017B0F5C2298][742850878][ 4097]
CThostFtdcUserApiImplBase::OnSessionDisconnected[0000017B0F5C2A78][742850879][ 4097]
CThostFtdcUserApiImplBase::OnSessionDisconnected[0000017B0F5C2AE8][742850880][ 4097]
CThostFtdcUserApiImplBase::OnSessionDisconnected[0000017B0F5C2A78][742916417][ 4097]
CThostFtdcUserApiImplBase::OnSessionDisconnected[0000017B0F5C1F18][742916418][ 4097]
CThostFtdcUserApiImplBase::OnSessionDisconnected[0000017B0F5C2298][742916419][ 4097]
CThostFtdcUserApiImplBase::OnSessionDisconnected[0000017B0F5C2298][742916420][ 4097]
CThostFtdcUserApiImplBase::OnSessionDisconnected[0000017B0F5C2298][742916421][ 4097]
CThostFtdcUserApiImplBase::OnSessionDisconnected[0000017B0F5C23E8][742916422][ 4097]
CThostFtdcUserApiImplBase::OnSessionDisconnected[0000017B0F5C2298][742916423][ 4097]
CThostFtdcUserApiImplBase::OnSessionDisconnected[0000017B0F5C2A78][742981960][ 4097]
CThostFtdcUserApiImplBase::OnSessionDisconnected[0000017B0F5C2CA8][742981961][ 4097]
CThostFtdcUserApiImplBase::OnSessionDisconnected[0000017B0F5C2A78][742981962][ 4097]
CThostFtdcUserApiImplBase::OnSessionDisconnected[0000017B0F5C2298][742981963][ 4097]
CThostFtdcUserApiImplBase::OnSessionDisconnected[0000017B0F5C2A78][742981964][ 4097]
CThostFtdcUserApiImplBase::OnSessionDisconnected[0000017B0F5C2A78][742981965][ 4097]
CThostFtdcUserApiImplBase::OnSessionDisconnected[0000017B0F5C2A78][742981966][ 4097]
CThostFtdcUserApiImplBase::OnSessionDisconnected[0000017B0F5C2A78][743047503][ 4097]
CThostFtdcUserApiImplBase::OnSessionDisconnected[0000017B0F5C2298][743047504][ 4097]
CThostFtdcUserApiImplBase::OnSessionDisconnected[0000017B0F5C2CA8][743047505][ 4097]
CThostFtdcUserApiImplBase::OnSessionDisconnected[0000017B0F5C24C8][743047506][ 4097]
CThostFtdcUserApiImplBase::OnSessionDisconnected[0000017B0F5C2CA8][743047507][ 4097]
CThostFtdcUserApiImplBase::OnSessionDisconnected[0000017B0F5C24C8][743047508][ 4097]
CThostFtdcUserApiImplBase::OnSessionDisconnected[0000017B0F5C1F18][743047509][ 4097]
CThostFtdcUserApiImplBase::OnSessionDisconnected[0000017B0F5C23E8][743047510][ 4097]
CThostFtdcUserApiImplBase::OnSessionDisconnected[0000017B0F5C2A78][743113047][ 4097]
CThostFtdcUserApiImplBase::OnSessionDisconnected[0000017B0F5C2298][743113048][ 4097]
CThostFtdcUserApiImplBase::OnSessionDisconnected[0000017B0F5C1F18][743113049][ 4097]
CThostFtdcUserApiImplBase::OnSessionDisconnected[0000017B0F5C2A78][743113050][ 4097]
CThostFtdcUserApiImplBase::OnSessionDisconnected[0000017B0F5C24C8][743113051][ 4097]
CThostFtdcUserApiImplBase::OnSessionDisconnected[0000017B0F5C2A78][743113052][ 4097]
CThostFtdcUserApiImplBase::OnSessionDisconnected[0000017B0F5C2A78][743113053][ 4097]
CThostFtdcUserApiImplBase::OnSessionDisconnected[0000017B0F5C2A78][743178590][ 4097]
CThostFtdcUserApiImplBase::OnSessionDisconnected[0000017B0F5C2A78][743178591][ 4097]
CThostFtdcUserApiImplBase::OnSessionDisconnected[0000017B0F5C1F18][743178592][ 4097]
CThostFtdcUserApiImplBase::OnSessionDisconnected[0000017B0F5C2CA8][743178593][ 4097]
CThostFtdcUserApiImplBase::OnSessionDisconnected[0000017B0F5C2A78][743178594][ 4097]
CThostFtdcUserApiImplBase::OnSessionDisconnected[0000017B0F5C2298][743178595][ 4097]
CThostFtdcUserApiImplBase::OnSessionDisconnected[0000017B0F5C1F88][743178596][ 4097]
CThostFtdcUserApiImplBase::OnSessionDisconnected[0000017B0F5C2CA8][743244133][ 4097]
CThostFtdcUserApiImplBase::OnSessionDisconnected[0000017B0F5C1F18][743244134][ 4097]
CThostFtdcUserApiImplBase::OnSessionDisconnected[0000017B0F5C2298][743244135][ 4097]
CThostFtdcUserApiImplBase::OnSessionDisconnected[0000017B0F5C2A78][743244136][ 4097]
CThostFtdcUserApiImplBase::OnSessionDisconnected[0000017B0F5C2A78][743244137][ 4097]
CThostFtdcUserApiImplBase::OnSessionDisconnected[0000017B0F5C1F18][743244138][ 4097]
CThostFtdcUserApiImplBase::OnSessionDisconnected[0000017B0F5C23E8][743244139][ 4097]
CThostFtdcUserApiImplBase::OnSessionDisconnected[0000017B0F5C1F18][743309676][ 4097]
CThostFtdcUserApiImplBase::OnSessionDisconnected[0000017B0F5C2A78][743309677][ 4097]
CThostFtdcUserApiImplBase::OnSessionDisconnected[0000017B0F5C2B58][743309678][ 4097]
CThostFtdcUserApiImplBase::OnSessionDisconnected[0000017B0F5C2AE8][743309679][ 4097]
CThostFtdcUserApiImplBase::OnSessionDisconnected[0000017B0F5C2A78][743309680][ 4097]
CThostFtdcUserApiImplBase::OnSessionDisconnected[0000017B0F5C2CA8][743309681][ 4097]
CThostFtdcUserApiImplBase::OnSessionDisconnected[0000017B0F5C2298][743309682][ 4097]
CThostFtdcUserApiImplBase::OnSessionDisconnected[0000017B0F5C2CA8][743309683][ 4097]
CThostFtdcUserApiImplBase::OnSessionDisconnected[0000017B0F5C2298][743375220][ 4097]
CThostFtdcUserApiImplBase::OnSessionDisconnected[0000017B0F5C23E8][743375221][ 4097]
CThostFtdcUserApiImplBase::OnSessionDisconnected[0000017B0F5C2A78][743375222][ 4097]
CThostFtdcUserApiImplBase::OnSessionDisconnected[0000017B0F5C2A78][743375223][ 4097]
CThostFtdcUserApiImplBase::OnSessionDisconnected[0000017B0F5C2298][743375224][ 4097]
CThostFtdcUserApiImplBase::OnSessionDisconnected[0000017B0F5C2A78][743375225][ 4097]
CThostFtdcUserApiImplBase::OnSessionDisconnected[0000017B0F5C2298][743375226][ 4097]
CThostFtdcUserApiImplBase::OnSessionDisconnected[0000017B0F5C2B58][743440763][ 4097]
CThostFtdcUserApiImplBase::OnSessionDisconnected[0000017B0F5C2A78][743440764][ 4097]
CThostFtdcUserApiImplBase::OnSessionDisconnected[0000017B0F5C2A78][743440765][ 4097]
CThostFtdcUserApiImplBase::OnSessionDisconnected[0000017B0F5C2A78][743440766][ 4097]
CThostFtdcUserApiImplBase::OnSessionDisconnected[0000017B0F5C2A78][743440767][ 4097]
CThostFtdcUserApiImplBase::OnSessionDisconnected[0000017B0F5C2A78][743440768][ 4097]
CThostFtdcUserApiImplBase::OnSessionDisconnected[0000017B0F5C1F18][743440769][ 4097]
CThostFtdcUserApiImplBase::OnSessionDisconnected[0000017B0F5C2298][743506306][ 4097]
CThostFtdcUserApiImplBase::OnSessionDisconnected[0000017B0F5C2298][743506307][ 4097]
CThostFtdcUserApiImplBase::OnSessionDisconnected[0000017B0F5C2298][743506308][ 4097]
CThostFtdcUserApiImplBase::OnSessionDisconnected[0000017B0F5C2A78][743506309][ 4097]
CThostFtdcUserApiImplBase::OnSessionDisconnected[0000017B0F5C2A78][743506310][ 4097]
CThostFtdcUserApiImplBase::OnSessionDisconnected[0000017B0F5C2A78][743506311][ 4097]
CThostFtdcUserApiImplBase::OnSessionDisconnected[0000017B0F5C2B58][743506312][ 4097]
CThostFtdcUserApiImplBase::OnSessionDisconnected[0000017B0F5C23E8][743571849][ 4097]
CThostFtdcUserApiImplBase::OnSessionDisconnected[0000017B0F5C2298][743571850][ 4097]
CThostFtdcUserApiImplBase::OnSessionDisconnected[0000017B0F5C2A78][743571851][ 4097]
CThostFtdcUserApiImplBase::OnSessionDisconnected[0000017B0F5C2A78][743571852][ 4097]
CThostFtdcUserApiImplBase::OnSessionDisconnected[0000017B0F5C1F18][743571853][ 4097]
CThostFtdcUserApiImplBase::OnSessionDisconnected[0000017B0F5C23E8][743571854][ 4097]
CThostFtdcUserApiImplBase::OnSessionDisconnected[0000017B0F5C1F18][743571855][ 4097]
CThostFtdcUserApiImplBase::OnSessionDisconnected[0000017B0F5C2A78][743571856][ 4097]
CThostFtdcUserApiImplBase::OnSessionDisconnected[0000017B0F5C2298][743637393][ 4097]
CThostFtdcUserApiImplBase::OnSessionDisconnected[0000017B0F5C2A78][743637394][ 4097]
CThostFtdcUserApiImplBase::OnSessionDisconnected[0000017B0F5C24C8][743637395][ 4097]
CThostFtdcUserApiImplBase::OnSessionDisconnected[0000017B0F5C2A78][743637396][ 4097]
CThostFtdcUserApiImplBase::OnSessionDisconnected[0000017B0F5C2CA8][743637397][ 4097]
CThostFtdcUserApiImplBase::OnSessionDisconnected[0000017B0F5C1F18][743637398][ 4097]
CThostFtdcUserApiImplBase::OnSessionDisconnected[0000017B0F5C23E8][743637399][ 4097]
CThostFtdcUserApiImplBase::OnSessionDisconnected[0000017B0F5C2A78][743702936][ 4097]
CThostFtdcUserApiImplBase::OnSessionDisconnected[0000017B0F5C2298][743702937][ 4097]
CThostFtdcUserApiImplBase::OnSessionDisconnected[0000017B0F5C2A78][743702938][ 4097]
CThostFtdcUserApiImplBase::OnSessionDisconnected[0000017B0F5C23E8][743702939][ 4097]
CThostFtdcUserApiImplBase::OnSessionDisconnected[0000017B0F5C2A78][743702940][ 4097]
CThostFtdcUserApiImplBase::OnSessionDisconnected[0000017B0F5C24C8][743702941][ 4097]
CThostFtdcUserApiImplBase::OnSessionDisconnected[0000017B0F5C2A78][743768478][ 4097]
CThostFtdcUserApiImplBase::OnSessionDisconnected[0000017B0F5C2A78][743768479][ 4097]
CThostFtdcUserApiImplBase::OnSessionDisconnected[0000017B0F5C24C8][743768480][ 4097]
CThostFtdcUserApiImplBase::OnSessionDisconnected[0000017B0F5C24C8][743768481][ 4097]
CThostFtdcUserApiImplBase::OnSessionDisconnected[0000017B0F5C23E8][743768482][ 4097]
CThostFtdcUserApiImplBase::OnSessionDisconnected[0000017B0F5C2298][743768483][ 4097]
CThostFtdcUserApiImplBase::OnSessionDisconnected[0000017B0F5C1F18][743768484][ 4097]
CThostFtdcUserApiImplBase::OnSessionDisconnected[0000017B0F5C23E8][743768485][ 4097]
CThostFtdcUserApiImplBase::OnSessionDisconnected[0000017B0F5C2A78][743834022][ 4097]
CThostFtdcUserApiImplBase::OnSessionDisconnected[0000017B0F5C2298][743834023][ 4097]
CThostFtdcUserApiImplBase::OnSessionDisconnected[0000017B0F5C2CA8][743834024][ 4097]
CThostFtdcUserApiImplBase::OnSessionDisconnected[0000017B0F5C2A78][743834025][ 4097]
CThostFtdcUserApiImplBase::OnSessionDisconnected[0000017B0F5C2298][743834026][ 4097]
CThostFtdcUserApiImplBase::OnSessionDisconnected[0000017B0F5C2298][743834027][ 4097]
CThostFtdcUserApiImplBase::OnSessionDisconnected[0000017B0F5C1F18][743834028][ 4097]
CThostFtdcUserApiImplBase::OnSessionDisconnected[0000017B0F5C2CA8][743899565][ 4097]
CThostFtdcUserApiImplBase::OnSessionDisconnected[0000017B0F5C24C8][743899566][    0]
CThostFtdcUserApiImplBase::OnSessionDisconnected[0000017B0F5C2298][743899567][ 4097]
CThostFtdcUserApiImplBase::OnSessionDisconnected[0000017B0F5C2B58][743899568][ 4097]
CThostFtdcUserApiImplBase::OnSessionDisconnected[0000017B0F5C2AE8][743965105][ 4097]
CThostFtdcUserApiImplBase::OnSessionDisconnected[0000017B0F5C2A78][743965106][ 4097]
CThostFtdcUserApiImplBase::OnSessionDisconnected[0000017B0F5C2A78][743965107][ 4097]
CThostFtdcUserApiImplBase::OnSessionDisconnected[0000017B0F5C2CA8][743965108][ 4097]
CThostFtdcUserApiImplBase::OnSessionDisconnected[0000017B0F5C2A78][743965109][ 4097]
CThostFtdcUserApiImplBase::OnSessionDisconnected[0000017B0F5C2298][743965110][ 4097]
CThostFtdcUserApiImplBase::OnSessionDisconnected[0000017B0F5C2A78][744030647][ 4097]
CThostFtdcUserApiImplBase::OnSessionDisconnected[0000017B0F5C2298][744030648][ 4097]
CThostFtdcUserApiImplBase::OnSessionDisconnected[0000017B0F5C2A78][744030649][ 4097]
CThostFtdcUserApiImplBase::OnSessionDisconnected[0000017B0F5C2A78][744030650][ 4097]
CThostFtdcUserApiImplBase::OnSessionDisconnected[0000017B0F5C2CA8][744030651][ 4097]
CThostFtdcUserApiImplBase::OnSessionDisconnected[0000017B0F5C1F18][744030652][ 4097]
CThostFtdcUserApiImplBase::OnSessionDisconnected[0000017B0F5C2A78][744096189][ 4097]
CThostFtdcUserApiImplBase::OnSessionDisconnected[0000017B0F5C2A78][744096190][ 4097]
CThostFtdcUserApiImplBase::OnSessionDisconnected[0000017B0F5C2298][744096191][ 4097]
CThostFtdcUserApiImplBase::OnSessionDisconnected[0000017B0F5C23E8][744096192][ 4097]
CThostFtdcUserApiImplBase::OnSessionDisconnected[0000017B0F5C2CA8][744096193][ 4097]
CThostFtdcUserApiImplBase::OnSessionDisconnected[0000017B0F5C1F18][744096194][ 4097]
CThostFtdcUserApiImplBase::OnSessionDisconnected[0000017B0F5C2AE8][744161731][ 4097]
CThostFtdcUserApiImplBase::OnSessionDisconnected[0000017B0F5C2AE8][744161732][ 4097]
CThostFtdcUserApiImplBase::OnSessionDisconnected[0000017B0F5C23E8][744161733][ 4097]
CThostFtdcUserApiImplBase::OnSessionDisconnected[0000017B0F5C2A78][744161734][ 4097]
CThostFtdcUserApiImplBase::OnSessionDisconnected[0000017B0F5C2A78][744161735][ 4097]
CThostFtdcUserApiImplBase::OnSessionDisconnected[0000017B0F5C23E8][744161736][ 4097]
CThostFtdcUserApiImplBase::OnSessionDisconnected[0000017B0F5C1F18][744161737][ 4097]
CThostFtdcUserApiImplBase::OnSessionDisconnected[0000017B0F5C2A78][744227274][ 4097]
CThostFtdcUserApiImplBase::OnSessionDisconnected[0000017B0F5C2A78][744227275][ 4097]
CThostFtdcUserApiImplBase::OnSessionDisconnected[0000017B0F5C1F18][744227276][ 4097]
CThostFtdcUserApiImplBase::OnSessionDisconnected[0000017B0F5C2CA8][744227277][ 4097]
CThostFtdcUserApiImplBase::OnSessionDisconnected[0000017B0F5C2298][744227278][ 4097]
CThostFtdcUserApiImplBase::OnSessionDisconnected[0000017B0F5C2A78][744227279][ 4097]
CThostFtdcUserApiImplBase::OnSessionDisconnected[0000017B0F5C2A78][744227280][ 4097]
CThostFtdcUserApiImplBase::OnSessionDisconnected[0000017B0F5C2A78][744227281][ 4097]
CThostFtdcUserApiImplBase::OnSessionDisconnected[0000017B0F5C2B58][744292818][ 4097]
CThostFtdcUserApiImplBase::OnSessionDisconnected[0000017B0F5C2A78][744292819][ 4097]
CThostFtdcUserApiImplBase::OnSessionDisconnected[0000017B0F5C2CA8][744292820][ 4097]
CThostFtdcUserApiImplBase::OnSessionDisconnected[0000017B0F5C2CA8][744292821][ 4097]
CThostFtdcUserApiImplBase::OnSessionDisconnected[0000017B0F5C2A78][744292822][ 4097]
CThostFtdcUserApiImplBase::OnSessionDisconnected[0000017B0F5C2298][744292823][ 4097]
CThostFtdcUserApiImplBase::OnSessionDisconnected[0000017B0F5C2298][744292824][ 4097]
CThostFtdcUserApiImplBase::OnSessionDisconnected[0000017B0F5C2CA8][744292825][ 4097]
CThostFtdcUserApiImplBase::OnSessionDisconnected[0000017B0F5C2A78][744358362][ 4097]
CThostFtdcUserApiImplBase::OnSessionDisconnected[0000017B0F5C2CA8][744358363][ 4097]
CThostFtdcUserApiImplBase::OnSessionDisconnected[0000017B0F5C2CA8][744358364][ 4097]
CThostFtdcUserApiImplBase::OnSessionDisconnected[0000017B0F5C2A78][744358365][ 4097]
CThostFtdcUserApiImplBase::OnSessionDisconnected[0000017B0F5C2A78][744358366][ 4097]
CThostFtdcUserApiImplBase::OnSessionDisconnected[0000017B0F5C2CA8][744358367][ 4097]
CThostFtdcUserApiImplBase::OnSessionDisconnected[0000017B0F5C2298][744358368][ 4097]
CThostFtdcUserApiImplBase::OnSessionDisconnected[0000017B0F5C2A78][744358369][ 4097]
CThostFtdcUserApiImplBase::OnSessionDisconnected[0000017B0F5C2298][744423906][ 4097]
CThostFtdcUserApiImplBase::OnSessionDisconnected[0000017B0F5C1F18][744423907][ 4097]
CThostFtdcUserApiImplBase::OnSessionDisconnected[0000017B0F5C2298][74442390connected: 4097
TD Front Disconnected: 4097
TD Front Disconnected: 4097
TD Front Disconnected: 4097
TD Front Disconnected: 4097
TD Front Disconnected: 4097
TD Front Disconnected: 4097
TD Front Disconnected: 4097
TD Front Disconnected: 4097
TD Front Disconnected: 4097
TD Front Disconnected: 4097
TD Front Disconnected: 4097
TD Front Disconnected: 4097
TD Front Disconnected: 4097
TD Front Disconnected: 4097
TD Front Disconnected: 4097
TD Front Disconnected: 4097
TD Front Disconnected: 4097
TD Front Disconnected: 4097
TD Front Disconnected: 4097
TD Front Disconnected: 4097
TD Front Disconnected: 4097
TD Front Disconnected: 4097
TD Front Disconnected: 4097
TD Front Disconnected: 4097
TD Front Disconnected: 4097
TD Front Disconnected: 4097
TD Front Disconnected: 4097
TD Front Disconnected: 4097
TD Front Disconnected: 4097
TD Front Disconnected: 4097
TD Front Disconnected: 4097
TD Front Disconnected: 4097
TD Front Disconnected: 4097
TD Front Disconnected: 4097
TD Front Disconnected: 4097
TD Front Disconnected: 4097
TD Front Disconnected: 4097
TD Front Disconnected: 4097
TD Front Disconnected: 4097
TD Front Disconnected: 4097
TD Front Disconnected: 4097
TD Front Disconnected: 4097
TD Front Disconnected: 4097
TD Front Disconnected: 4097
TD Front Disconnected: 4097
TD Front Disconnected: 4097
TD Front Disconnected: 4097
TD Front Disconnected: 4097
TD Front Disconnected: 4097
TD Front Disconnected: 4097
TD Front Disconnected: 4097
TD Front Disconnected: 4097
TD Front Disconnected: 4097
TD Front Disconnected: 4097
TD Front Disconnected: 4097
TD Front Disconnected: 4097
TD Front Disconnected: 4097
TD Front Disconnected: 4097
TD Front Disconnected: 4097
TD Front Disconnected: 4097
TD Front Disconnected: 4097
TD Front Disconnected: 4097
TD Front Disconnected: 4097
TD Front Disconnected: 4097
TD Front Disconnected: 4097
TD Front Disconnected: 4097
TD Front Disconnected: 4097
TD Front Disconnected: 4097
TD Front Disconnected: 4097
TD Front Disconnected: 4097
TD Front Disconnected: 4097
TD Front Disconnected: 4097
TD Front Disconnected: 4097
TD Front Disconnected: 4097
TD Front Disconnected: 4097
TD Front Disconnected: 4097
TD Front Disconnected: 4097
TD Front Disconnected: 4097
TD Front Disconnected: 4097
TD Front Disconnected: 4097
TD Front Disconnected: 4097
TD Front Disconnected: 4097
TD Front Disconnected: 4097
TD Front Disconnected: 4097
TD Front Disconnected: 4097
TD Front Disconnected: 4097
TD Front Disconnected: 4097
TD Front Disconnected: 4097
TD Front Disconnected: 4097
TD Front Disconnected: 4097
TD Front Disconnected: 4097
TD Front Disconnected: 4097
TD Front Disconnected: 4097
TD Front Disconnected: 4097
TD Front Disconnected: 4097
TD Front Disconnected: 4097
TD Front Disconnected: 4097
TD Front Disconnected: 4097
TD Front Disconnected: 4097
TD Front Disconnected: 4097
TD Front Disconnected: 4097
TD Front Disconnected: 4097
TD Front Disconnected: 4097
TD Front Disconnected: 4097
TD Front Disconnected: 4097
TD Front Disconnected: 4097
TD Front Disconnected: 4097
TD Front Disconnected: 4097
TD Front Disconnected: 4097
TD Front Disconnected: 4097
TD Front Disconnected: 4097
TD Front Disconnected: 4097
TD Front Disconnected: 4097
TD Front Disconnected: 4097
TD Front Disconnected: 4097
TD Front Disconnected: 4097
TD Front Disconnected: 4097
TD Front Disconnected: 4097
TD Front Disconnected: 4097
TD Front Disconnected: 4097
TD Front Disconnected: 4097
TD Front Disconnected: 4097
TD Front Disconnected: 4097
TD Front Disconnected: 4097
TD Front Disconnected: 4097
TD Front Disconnected: 4097
TD Front Disconnected: 4097
TD Front Disconnected: 4097
TD Front Disconnected: 4097
TD Front Disconnected: 4097
TD Front Disconnected: 4097
TD Front Disconnected: 4097
TD Front Disconnected: 4097
TD Front Disconnected: 4097
TD Front Disconnected: 4097
TD Front Disconnected: 4097
TD Front Disconnected: 4097
TD Front Disconnected: 4097
TD Front Disconnected: 4097
TD Front Disconnected: 4097
TD Front Disconnected: 4097
TD Front Disconnected: 4097
TD Front Disconnected: 4097
TD Front Disconnected: 4097
TD Front Disconnected: 4097
TD Front Disconnecte8][ 4097]
CThostFtdcUserApiImplBase::OnSessionDisconnected[0000017B0F5C2A78][744423909][ 4097]
CThostFtdcUserApiImplBase::OnSessionDisconnected[0000017B0F5C2A78][744423910][ 4097]
CThostFtdcUserApiImplBase::OnSessionDisconnected[0000017B0F5C2A78][744423911][ 4097]
CThostFtdcUserApiImplBase::OnSessionDisconnected[0000017B0F5C2298][744423912][ 4097]
CThostFtdcUserApiImplBase::OnSessionDisconnected[0000017B0F5C2A78][744489449][ 4097]
CThostFtdcUserApiImplBase::OnSessionDisconnected[0000017B0F5C1F18][744489450][ 4097]
CThostFtdcUserApiImplBase::OnSessionDisconnected[0000017B0F5C2298][744489451][ 4097]
CThostFtdcUserApiImplBase::OnSessionDisconnected[0000017B0F5C2A78][744489452][ 4097]
CThostFtdcUserApiImplBase::OnSessionDisconnected[0000017B0F5C2298][744489453][ 4097]
CThostFtdcUserApiImplBase::OnSessionDisconnected[0000017B0F5C2298][744489454][ 4097]
CThostFtdcUserApiImplBase::OnSessionDisconnected[0000017B0F5C2CA8][744554991][ 4097]
CThostFtdcUserApiImplBase::OnSessionDisconnected[0000017B0F5C2A78][744554992][ 4097]
CThostFtdcUserApiImplBase::OnSessionDisconnected[0000017B0F5C1F18][744554993][ 4097]
CThostFtdcUserApiImplBase::OnSessionDisconnected[0000017B0F5C2298][744554994][ 4097]
CThostFtdcUserApiImplBase::OnSessionDisconnected[0000017B0F5C2A78][744554995][ 4097]
CThostFtdcUserApiImplBase::OnSessionDisconnected[0000017B0F5C23E8][744554996][ 4097]
CThostFtdcUserApiImplBase::OnSessionDisconnected[0000017B0F5C1F88][744554997][ 4097]
CThostFtdcUserApiImplBase::OnSessionDisconnected[0000017B0F5C2298][744620534][ 4097]
CThostFtdcUserApiImplBase::OnSessionDisconnected[0000017B0F5C2A78][744620535][ 4097]
CThostFtdcUserApiImplBase::OnSessionDisconnected[0000017B0F5C2B58][744620536][ 4097]
CThostFtdcUserApiImplBase::OnSessionDisconnected[0000017B0F5C2CA8][744620537][ 4097]
CThostFtdcUserApiImplBase::OnSessionDisconnected[0000017B0F5C2CA8][744620538][ 4097]
CThostFtdcUserApiImplBase::OnSessionDisconnected[0000017B0F5C2298][744620539][ 4097]
CThostFtdcUserApiImplBase::OnSessionDisconnected[0000017B0F5C2A78][744686076][ 4097]
CThostFtdcUserApiImplBase::OnSessionDisconnected[0000017B0F5C2A78][744686077][ 4097]
CThostFtdcUserApiImplBase::OnSessionDisconnected[0000017B0F5C2298][744686078][ 4097]
CThostFtdcUserApiImplBase::OnSessionDisconnected[0000017B0F5C1F18][744686079][ 4097]
CThostFtdcUserApiImplBase::OnSessionDisconnected[0000017B0F5C1F88][744686080][ 4097]
CThostFtdcUserApiImplBase::OnSessionDisconnected[0000017B0F5C2298][744686081][ 4097]
CThostFtdcUserApiImplBase::OnSessionDisconnected[0000017B0F5C1F18][744751618][ 4097]
CThostFtdcUserApiImplBase::OnSessionDisconnected[0000017B0F5C2A78][744751619][ 4097]
CThostFtdcUserApiImplBase::OnSessionDisconnected[0000017B0F5C2CA8][744751620][ 4097]
CThostFtdcUserApiImplBase::OnSessionDisconnected[0000017B0F5C2A78][744751621][ 4097]
CThostFtdcUserApiImplBase::OnSessionDisconnected[0000017B0F5C2A78][744751622][ 4097]
CThostFtdcUserApiImplBase::OnSessionDisconnected[0000017B0F5C2AE8][744751623][ 4097]
CThostFtdcUserApiImplBase::OnSessionDisconnected[0000017B0F5C2A78][744817160][ 4097]
CThostFtdcUserApiImplBase::OnSessionDisconnected[0000017B0F5C2298][744817161][ 4097]
CThostFtdcUserApiImplBase::OnSessionDisconnected[0000017B0F5C1F18][744817162][ 4097]
CThostFtdcUserApiImplBase::OnSessionDisconnected[0000017B0F5C23E8][744817163][ 4097]
CThostFtdcUserApiImplBase::OnSessionDisconnected[0000017B0F5C1F18][744817164][ 4097]
CThostFtdcUserApiImplBase::OnSessionDisconnected[0000017B0F5C2CA8][744817165][ 4097]
CThostFtdcUserApiImplBase::OnSessionDisconnected[0000017B0F5C2A78][744882702][ 4097]
CThostFtdcUserApiImplBase::OnSessionDisconnected[0000017B0F5C1F18][744882703][ 4097]
CThostFtdcUserApiImplBase::OnSessionDisconnected[0000017B0F5C23E8][744882704][ 4097]
CThostFtdcUserApiImplBase::OnSessionDisconnected[0000017B0F5C2298][744882705][ 4097]
CThostFtdcUserApiImplBase::OnSessionDisconnected[0000017B0F5C23E8][744882706][ 4097]
CThostFtdcUserApiImplBase::OnSessionDisconnected[0000017B0F5C2A78][744882707][ 4097]
CThostFtdcUserApiImplBase::OnSessionDisconnected[0000017B0F5C2A78][744948244][ 4097]
CThostFtdcUserApiImplBase::OnSessionDisconnected[0000017B0F5C2298][744948245][ 4097]
CThostFtdcUserApiImplBase::OnSessionDisconnected[0000017B0F5C2298][744948246][ 4097]
CThostFtdcUserApiImplBase::OnSessionDisconnected[0000017B0F5C2A78][744948247][ 4097]
CThostFtdcUserApiImplBase::OnSessionDisconnected[0000017B0F5C2AE8][744948248][ 4097]
CThostFtdcUserApiImplBase::OnSessionDisconnected[0000017B0F5C2A78][744948249][ 4097]
CThostFtdcUserApiImplBase::OnSessionDisconnected[0000017B0F5C2298][745013786][ 4097]
CThostFtdcUserApiImplBase::OnSessionDisconnected[0000017B0F5C2A78][745013787][ 4097]
CThostFtdcUserApiImplBase::OnSessionDisconnected[0000017B0F5C2B58][745013788][ 4097]
CThostFtdcUserApiImplBase::OnSessionDisconnected[0000017B0F5C2298][745013789][ 4097]
CThostFtdcUserApiImplBase::OnSessionDisconnected[0000017B0F5C23E8][745013790][ 4097]
CThostFtdcUserApiImplBase::OnSessionDisconnected[0000017B0F5C2A78][745013791][ 4097]
CThostFtdcUserApiImplBase::OnSessionDisconnected[0000017B0F5C2298][745079328][ 4097]
CThostFtdcUserApiImplBase::OnSessionDisconnected[0000017B0F5C2298][745079329][ 4097]
CThostFtdcUserApiImplBase::OnSessionDisconnected[0000017B0F5C2298][745079330][ 4097]
CThostFtdcUserApiImplBase::OnSessionDisconnected[0000017B0F5C2298][745079331][ 4097]
CThostFtdcUserApiImplBase::OnSessionDisconnected[0000017B0F5C2298][745079332][ 4097]
CThostFtdcUserApiImplBase::OnSessionDisconnected[0000017B0F5C2A78][745079333][ 4097]
CThostFtdcUserApiImplBase::OnSessionDisconnected[0000017B0F5C2A78][745079334][ 4097]
CThostFtdcUserApiImplBase::OnSessionDisconnected[0000017B0F5C23E8][745079335][ 4097]
CThostFtdcUserApiImplBase::OnSessionDisconnected[0000017B0F5C2298][745144872][ 4097]
CThostFtdcUserApiImplBase::OnSessionDisconnected[0000017B0F5C2298][745144873][ 4097]
CThostFtdcUserApiImplBase::OnSessionDisconnected[0000017B0F5C2298][745144874][ 4097]
CThostFtdcUserApiImplBase::OnSessionDisconnected[0000017B0F5C23E8][745144875][ 4097]
CThostFtdcUserApiImplBase::OnSessionDisconnected[0000017B0F5C2A78][745144876][ 4097]
CThostFtdcUserApiImplBase::OnSessionDisconnected[0000017B0F5C2A78][745144877][ 4097]
CThostFtdcUserApiImplBase::OnSessionDisconnected[0000017B0F5C2298][745144878][ 4097]
CThostFtdcUserApiImplBase::OnSessionDisconnected[0000017B0F5C2A78][745144879][ 4097]
CThostFtdcUserApiImplBase::OnSessionDisconnected[0000017B0F5C1F18][745210416][ 4097]
CThostFtdcUserApiImplBase::OnSessionDisconnected[0000017B0F5C2298][745210417][ 4097]
CThostFtdcUserApiImplBase::OnSessionDisconnected[0000017B0F5C1F88][745210418][ 4097]
CThostFtdcUserApiImplBase::OnSessionDisconnected[0000017B0F5C23E8][745210419][ 4097]
CThostFtdcUserApiImplBase::OnSessionDisconnected[0000017B0F5C2A78][745210420][ 4097]
CThostFtdcUserApiImplBase::OnSessionDisconnected[0000017B0F5C2298][745210421][ 4097]
CThostFtdcUserApiImplBase::OnSessionDisconnected[0000017B0F5C2AE8][745210422][ 4097]
CThostFtdcUserApiImplBase::OnSessionDisconnected[0000017B0F5C2A78][745210423][ 4097]
CThostFtdcUserApiImplBase::OnSessionDisconnected[0000017B0F5C2CA8][745275960][ 4097]
CThostFtdcUserApiImplBase::OnSessionDisconnected[0000017B0F5C2298][745275961][ 4097]
CThostFtdcUserApiImplBase::OnSessionDisconnected[0000017B0F5C2298][745275962][ 4097]
CThostFtdcUserApiImplBase::OnSessionDisconnected[0000017B0F5C2A78][745275963][ 4097]
CThostFtdcUserApiImplBase::OnSessionDisconnected[0000017B0F5C2A78][745275964][ 4097]
CThostFtdcUserApiImplBase::OnSessionDisconnected[0000017B0F5C2298][745275965][ 4097]
CThostFtdcUserApiImplBase::OnSessionDisconnected[0000017B0F5C2A78][745341503][ 4097]
CThostFtdcUserApiImplBase::OnSessionDisconnected[0000017B0F5C2A78][745341504][ 4097]
CThostFtdcUserApiImplBase::OnSessionDisconnected[0000017B0F5C2A78][745341505][ 4097]
CThostFtdcUserApiImplBase::OnSessionDisconnected[0000017B0F5C2A78][745341506][ 4097]
CThostFtdcUserApiImplBase::OnSessionDisconnected[0000017B0F5C2A78][745341507][ 4097]
CThostFtdcUserApiImplBase::OnSessionDisconnected[0000017B0F5C2A78][745341508][ 4097]
CThostFtdcUserApiImplBase::OnSessionDisconnected[0000017B0F5C2CA8][745407045][ 4097]
CThostFtdcUserApiImplBase::OnSessionDisconnected[0000017B0F5C2A78][745407046][ 4097]
CThostFtdcUserApiImplBase::OnSessionDisconnected[0000017B0F5C2A78][745407047][ 4097]
CThostFtdcUserApiImplBase::OnSessionDisconnected[0000017B0F5C2A78][745407048][ 4097]
CThostFtdcUserApiImplBase::OnSessionDisconnected[0000017B0F5C1F18][745407049][ 4097]
CThostFtdcUserApiImplBase::OnSessionDisconnected[0000017B0F5C2A78][745407050][ 4097]
CThostFtdcUserApiImplBase::OnSessionDisconnected[0000017B0F5C2298][745407051][ 4097]
CThostFtdcUserApiImplBase::OnSessionDisconnected[0000017B0F5C23E8][745407052][ 4097]
CThostFtdcUserApiImplBase::OnSessionDisconnected[0000017B0F5C2CA8][745407053][ 4097]
CThostFtdcUserApiImplBase::OnSessionDisconnected[0000017B0F5C2A78][745472590][ 4097]
CThostFtdcUserApiImplBase::OnSessionDisconnected[0000017B0F5C2A78][745472591][ 4097]
CThostFtdcUserApiImplBase::OnSessionDisconnected[0000017B0F5C23E8][745472592][ 4097]
CThostFtdcUserApiImplBase::OnSessionDisconnected[0000017B0F5C2A78][745472593][ 4097]
CThostFtdcUserApiImplBase::OnSessionDisconnected[0000017B0F5C23E8][745472594][ 4097]
CThostFtdcUserApiImplBase::OnSessionDisconnected[0000017B0F5C23E8][745472595][ 4097]
CThostFtdcUserApiImplBase::OnSessionDisconnected[0000017B0F5C23E8][745472596][ 4097]
CThostFtdcUserApiImplBase::OnSessionDisconnected[0000017B0F5C2A78][745472597][ 4097]
CThostFtdcUserApiImplBase::OnSessionDisconnected[0000017B0F5C2A78][745538134][ 4097]
CThostFtdcUserApiImplBase::OnSessionDisconnected[0000017B0F5C2A78][745538135][ 4097]
CThostFtdcUserApiImplBase::OnSessionDisconnected[0000017B0F5C23E8][745538136][ 4097]
CThostFtdcUserApiImplBase::OnSessionDisconnected[0000017B0F5C2B58][745538137][ 4097]
CThostFtdcUserApiImplBase::OnSessionDisconnected[0000017B0F5C2A78][745538138][ 4097]
CThostFtdcUserApiImplBase::OnSessionDisconnected[0000017B0F5C2CA8][745538139][ 4097]
CThostFtdcUserApiImplBase::OnSessionDisconnected[0000017B0F5C2298][745538140][ 4097]
CThostFtdcUserApiImplBase::OnSessionDisconnected[0000017B0F5C2298][745538141][ 4097]
CThostFtdcUserApiImplBase::OnSessionDisconnected[0000017B0F5C2A78][745538142][ 4097]
CThostFtdcUserApiImplBase::OnSessionDisconnected[0000017B0F5C2CA8][745603679][ 4097]
CThostFtdcUserApiImplBase::OnSessionDisconnected[0000017B0F5C2A78][745603680][ 4097]
CThostFtdcUserApiImplBase::OnSessionDisconnected[0000017B0F5C2A78][745603681][ 4097]
CThostFtdcUserApiImplBase::OnSessionDisconnected[0000017B0F5C23E8][745603682][ 4097]
CThostFtdcUserApiImplBase::OnSessionDisconnected[0000017B0F5C2298][745603683][ 4097]
CThostFtdcUserApiImplBase::OnSessionDisconnected[0000017B0F5C2A78][745603684][ 4097]
CThostFtdcUserApiImplBase::OnSessionDisconnected[0000017B0F5C1F18][745603685][ 4097]
CThostFtdcUserApiImplBase::OnSessionDisconnected[0000017B0F5C2A78][745603686][ 4097]
CThostFtdcUserApiImplBase::OnSessionDisconnected[0000017B0F5C1F18][745603687][ 4097]
CThostFtdcUserApiImplBase::OnSessionDisconnected[0000017B0F5C2A78][745669224][ 4097]
CThostFtdcUserApiImplBase::OnSessionDisconnected[0000017B0F5C23E8][745669225][ 4097]
CThostFtdcUserApiImplBase::OnSessionDisconnected[0000017B0F5C2A78][745669226][ 4097]
CThostFtdcUserApiImplBase::OnSessionDisconnected[0000017B0F5C2CA8][745669227][ 4097]
CThostFtdcUserApiImplBase::OnSessionDisconnected[0000017B0F5C2A78][745669228][ 4097]
CThostFtdcUserApiImplBase::OnSessionDisconnected[0000017B0F5C1F18][745669229][ 4097]
CThostFtdcUserApiImplBase::OnSessionDisconnected[0000017B0F5C2A78][745669230][ 4097]
CThostFtdcUserApiImplBase::OnSessionDisconnected[0000017B0F5C2A78][745669231][ 4097]
CThostFtdcUserApiImplBase::OnSessionDisconnected[0000017B0F5C2298][745734768][ 4097]
CThostFtdcUserApiImplBase::OnSessionDisconnected[0000017B0F5C2A78][745734769][ 4097]
CThostFtdcUserApiImplBase::OnSessionDisconnected[0000017B0F5C2298][745734770][ 4097]
CThostFtdcUserApiImplBase::OnSessionDisconnected[0000017B0F5C2298][745734771][ 4097]
CThostFtdcUserApiImplBase::OnSessionDisconnected[0000017B0F5C2A78][745734772][ 4097]
CThostFtdcUserApiImplBase::OnSessionDisconnected[0000017B0F5C2298][745734773][ 4097]
CThostFtdcUserApiImplBase::OnSessionDid: 4097
TD Front Disconnected: 4097
TD Front Disconnected: 4097
TD Front Disconnected: 4097
TD Front Disconnected: 4097
TD Front Disconnected: 4097
TD Front Disconnected: 4097
TD Front Disconnected: 4097
TD Front Disconnected: 4097
TD Front Disconnected: 4097
TD Front Disconnected: 4097
TD Front Disconnected: 4097
TD Front Disconnected: 4097
TD Front Disconnected: 4097
TD Front Disconnected: 4097
TD Front Disconnected: 4097
TD Front Disconnected: 4097
TD Front Disconnected: 4097
TD Front Disconnected: 4097
TD Front Disconnected: 4097
TD Front Disconnected: 4097
TD Front Disconnected: 4097
TD Front Disconnected: 4097
TD Front Disconnected: 4097
TD Front Disconnected: 4097
TD Front Disconnected: 4097
TD Front Disconnected: 4097
TD Front Disconnected: 4097
TD Front Disconnected: 4097
TD Front Disconnected: 4097
TD Front Disconnected: 4097
TD Front Disconnected: 4097
TD Front Disconnected: 4097
TD Front Disconnected: 4097
TD Front Disconnected: 4097
TD Front Disconnected: 4097
TD Front Disconnected: 4097
TD Front Disconnected: 4097
TD Front Disconnected: 4097
TD Front Disconnected: 4097
TD Front Disconnected: 4097
TD Front Disconnected: 4097
TD Front Disconnected: 4097
TD Front Disconnected: 4097
TD Front Disconnected: 4097
TD Front Disconnected: 4097
TD Front Disconnected: 4097
TD Front Disconnected: 4097
TD Front Disconnected: 4097
TD Front Disconnected: 4097
TD Front Disconnected: 4097
TD Front Disconnected: 4097
TD Front Disconnected: 4097
TD Front Disconnected: 4097
TD Front Disconnected: 4097
TD Front Disconnected: 4097
TD Front Disconnected: 4097
TD Front Disconnected: 4097
TD Front Disconnected: 4097
TD Front Disconnected: 4097
TD Front Disconnected: 4097
TD Front Disconnected: 4097
TD Front Disconnected: 4097
TD Front Disconnected: 4097
TD Front Disconnected: 4097
TD Front Disconnected: 4097
TD Front Disconnected: 4097
TD Front Disconnected: 4097
TD Front Disconnected: 4097
TD Front Disconnected: 4097
TD Front Disconnected: 4097
TD Front Disconnected: 4097
TD Front Disconnected: 4097
TD Front Disconnected: 4097
TD Front Disconnected: 4097
TD Front Disconnected: 4097
TD Front Disconnected: 4097
TD Front Disconnected: 4097
TD Front Disconnected: 4097
TD Front Disconnected: 4097
TD Front Disconnected: 4097
TD Front Disconnected: 4097
TD Front Disconnected: 4097
TD Front Disconnected: 4097
TD Front Disconnected: 4097
TD Front Disconnected: 4097
TD Front Disconnected: 4097
TD Front Disconnected: 4097
TD Front Disconnected: 4097
TD Front Disconnected: 4097
TD Front Disconnected: 4097
TD Front Disconnected: 4097
TD Front Disconnected: 4097
TD Front Disconnected: 4097
TD Front Disconnected: 4097
TD Front Disconnected: 4097
TD Front Disconnected: 4097
TD Front Disconnected: 4097
TD Front Disconnected: 4097
TD Front Disconnected: 4097
TD Front Disconnected: 4097
TD Front Disconnected: 4097
TD Front Disconnected: 4097
TD Front Disconnected: 4097
TD Front Disconnected: 4097
TD Front Disconnected: 4097
TD Front Disconnected: 4097
TD Front Disconnected: 4097
TD Front Disconnected: 4097
TD Front Disconnected: 4097
TD Front Disconnected: 4097
TD Front Disconnected: 4097
TD Front Disconnected: 4097
TD Front Disconnected: 4097
TD Front Disconnected: 4097
TD Front Disconnected: 4097
TD Front Disconnected: 4097
TD Front Disconnected: 4097
TD Front Disconnected: 4097
TD Front Disconnected: 4097
TD Front Disconnected: 4097
TD Front Disconnected: 4097
TD Front Disconnected: 4097
TD Front Disconnected: 4097
TD Front Disconnected: 4097
TD Front Disconnected: 4097
TD Front Disconnected: 4097
TD Front Disconnected: 4097
TD Front Disconnected: 4097
TD Front Disconnected: 4097
TD Front Disconnected: 4097
TD Front Disconnected: 4097
TD Front Disconnected: 4097
TD Front Disconnected: 4097
TD Front Disconnected: 4097
TD Front Disconnected: 4097
TD Front Disconnected: 4097
TD Front Disconnected: 4097
TD Front Disconnected: 4097
TD Front Disconnected: 4097
TD Front Disconnected: 4097
TD Front Disconnected: 4097
TD Front Disconnected: 4097
TD Front Disconnected: 4097
TD Front Disconnected: 4097
TD Front Disconnected: 4097
TD Front Disconnected: 4097
sconnected[0000017B0F5C2A78][745734774][ 4097]
CThostFtdcUserApiImplBase::OnSessionDisconnected[0000017B0F5C1F88][745734775][ 4097]
CThostFtdcUserApiImplBase::OnSessionDisconnected[0000017B0F5C2A78][745800312][ 4097]
CThostFtdcUserApiImplBase::OnSessionDisconnected[0000017B0F5C2A78][745800313][ 4097]
CThostFtdcUserApiImplBase::OnSessionDisconnected[0000017B0F5C1F18][745800314][ 4097]
CThostFtdcUserApiImplBase::OnSessionDisconnected[0000017B0F5C1F88][745800315][ 4097]
CThostFtdcUserApiImplBase::OnSessionDisconnected[0000017B0F5C2A78][745800316][ 4097]
CThostFtdcUserApiImplBase::OnSessionDisconnected[0000017B0F5C2A78][745800317][ 4097]
CThostFtdcUserApiImplBase::OnSessionDisconnected[0000017B0F5C23E8][745800318][ 4097]
CThostFtdcUserApiImplBase::OnSessionDisconnected[0000017B0F5C2A78][745800319][ 4097]
CThostFtdcUserApiImplBase::OnSessionDisconnected[0000017B0F5C23E8][745800320][ 4097]
CThostFtdcUserApiImplBase::OnSessionDisconnected[0000017B0F5C2298][745800321][ 4097]
CThostFtdcUserApiImplBase::OnSessionDisconnected[0000017B0F5C2A78][745865858][ 4097]
CThostFtdcUserApiImplBase::OnSessionDisconnected[0000017B0F5C2A78][745865859][ 4097]
CThostFtdcUserApiImplBase::OnSessionDisconnected[0000017B0F5C2298][745865860][ 4097]
CThostFtdcUserApiImplBase::OnSessionDisconnected[0000017B0F5C2A78][745865861][ 4097]
CThostFtdcUserApiImplBase::OnSessionDisconnected[0000017B0F5C2A78][745865862][ 4097]
CThostFtdcUserApiImplBase::OnSessionDisconnected[0000017B0F5C2298][745865863][ 4097]
CThostFtdcUserApiImplBase::OnSessionDisconnected[0000017B0F5C2A78][745865864][ 4097]
CThostFtdcUserApiImplBase::OnSessionDisconnected[0000017B0F5C1F18][745865865][ 4097]
CThostFtdcUserApiImplBase::OnSessionDisconnected[0000017B0F5C2A78][745931402][ 4097]
CThostFtdcUserApiImplBase::OnSessionDisconnected[0000017B0F5C2CA8][745931403][ 4097]
CThostFtdcUserApiImplBase::OnSessionDisconnected[0000017B0F5C2A78][745931404][ 4097]
CThostFtdcUserApiImplBase::OnSessionDisconnected[0000017B0F5C2A78][745931405][ 4097]
CThostFtdcUserApiImplBase::OnSessionDisconnected[0000017B0F5C2298][745931406][ 4097]
CThostFtdcUserApiImplBase::OnSessionDisconnected[0000017B0F5C2A78][745931407][ 4097]
CThostFtdcUserApiImplBase::OnSessionDisconnected[0000017B0F5C2298][745931408][ 4097]
CThostFtdcUserApiImplBase::OnSessionDisconnected[0000017B0F5C2A78][745931409][ 4097]
CThostFtdcUserApiImplBase::OnSessionDisconnected[0000017B0F5C2298][745931410][ 4097]
CThostFtdcUserApiImplBase::OnSessionDisconnected[0000017B0F5C23E8][745931411][ 4097]
CThostFtdcUserApiImplBase::OnSessionDisconnected[0000017B0F5C2A78][745996948][ 4097]
CThostFtdcUserApiImplBase::OnSessionDisconnected[0000017B0F5C1F18][745996949][ 4097]
CThostFtdcUserApiImplBase::OnSessionDisconnected[0000017B0F5C1F88][745996950][ 4097]
CThostFtdcUserApiImplBase::OnSessionDisconnected[0000017B0F5C2CA8][745996951][ 4097]
CThostFtdcUserApiImplBase::OnSessionDisconnected[0000017B0F5C2298][745996952][ 4097]
CThostFtdcUserApiImplBase::OnSessionDisconnected[0000017B0F5C2A78][745996953][ 4097]
CThostFtdcUserApiImplBase::OnSessionDisconnected[0000017B0F5C2298][745996954][ 4097]
CThostFtdcUserApiImplBase::OnSessionDisconnected[0000017B0F5C2A78][746062491][ 4097]
CThostFtdcUserApiImplBase::OnSessionDisconnected[0000017B0F5C1F88][746062492][ 4097]
CThostFtdcUserApiImplBase::OnSessionDisconnected[0000017B0F5C2A78][746062493][ 4097]
CThostFtdcUserApiImplBase::OnSessionDisconnected[0000017B0F5C2A78][746062494][ 4097]
CThostFtdcUserApiImplBase::OnSessionDisconnected[0000017B0F5C1F18][746062495][ 4097]
CThostFtdcUserApiImplBase::OnSessionDisconnected[0000017B0F5C2A78][746062496][ 4097]
CThostFtdcUserApiImplBase::OnSessionDisconnected[0000017B0F5C23E8][746062497][ 4097]
CThostFtdcUserApiImplBase::OnSessionDisconnected[0000017B0F5C2298][746062498][ 4097]
CThostFtdcUserApiImplBase::OnSessionDisconnected[0000017B0F5C2AE8][746062499][ 4097]
CThostFtdcUserApiImplBase::OnSessionDisconnected[0000017B0F5C2A78][746062500][ 4097]
CThostFtdcUserApiImplBase::OnSessionDisconnected[0000017B0F5C2298][746128037][ 4097]
CThostFtdcUserApiImplBase::OnSessionDisconnected[0000017B0F5C1F18][746128038][ 4097]
CThostFtdcUserApiImplBase::OnSessionDisconnected[0000017B0F5C2A78][746128039][ 4097]
CThostFtdcUserApiImplBase::OnSessionDisconnected[0000017B0F5C1F18][746128040][ 4097]
CThostFtdcUserApiImplBase::OnSessionDisconnected[0000017B0F5C2298][746128041][ 4097]
CThostFtdcUserApiImplBase::OnSessionDisconnected[0000017B0F5C2A78][746128042][ 4097]
CThostFtdcUserApiImplBase::OnSessionDisconnected[0000017B0F5C2A78][746128043][ 4097]
CThostFtdcUserApiImplBase::OnSessionDisconnected[0000017B0F5C2A78][746128044][ 4097]
CThostFtdcUserApiImplBase::OnSessionDisconnected[0000017B0F5C1F18][746128045][ 4097]
CThostFtdcUserApiImplBase::OnSessionDisconnected[0000017B0F5C2298][746128046][ 4097]
CThostFtdcUserApiImplBase::OnSessionDisconnected[0000017B0F5C2AE8][746193583][ 4097]
CThostFtdcUserApiImplBase::OnSessionDisconnected[0000017B0F5C2298][746193584][ 4097]
CThostFtdcUserApiImplBase::OnSessionDisconnected[0000017B0F5C2298][746193585][ 4097]
CThostFtdcUserApiImplBase::OnSessionDisconnected[0000017B0F5C2AE8][746193586][ 4097]
CThostFtdcUserApiImplBase::OnSessionDisconnected[0000017B0F5C2A78][746193587][ 4097]
CThostFtdcUserApiImplBase::OnSessionDisconnected[0000017B0F5C2CA8][746193588][ 4097]
CThostFtdcUserApiImplBase::OnSessionDisconnected[0000017B0F5C1F18][746193589][ 4097]
CThostFtdcUserApiImplBase::OnSessionDisconnected[0000017B0F5C1F18][746193590][ 4097]
CThostFtdcUserApiImplBase::OnSessionDisconnected[0000017B0F5C2298][746193591][ 4097]
CThostFtdcUserApiImplBase::OnSessionDisconnected[0000017B0F5C1F18][746259128][ 4097]
CThostFtdcUserApiImplBase::OnSessionDisconnected[0000017B0F5C1F18][746259129][ 4097]
CThostFtdcUserApiImplBase::OnSessionDisconnected[0000017B0F5C2A78][746259130][ 4097]
CThostFtdcUserApiImplBase::OnSessionDisconnected[0000017B0F5C2A78][746259131][ 4097]
CThostFtdcUserApiImplBase::OnSessionDisconnected[0000017B0F5C2298][746259132][ 4097]
CThostFtdcUserApiImplBase::OnSessionDisconnected[0000017B0F5C2298][746259133][ 4097]
CThostFtdcUserApiImplBase::OnSessionDisconnected[0000017B0F5C2298][746259134][ 4097]
CThostFtdcUserApiImplBase::OnSessionDisconnected[0000017B0F5C2A78][746259135][ 4097]
CThostFtdcUserApiImplBase::OnSessionDisconnected[0000017B0F5C2A78][746259136][ 4097]
CThostFtdcUserApiImplBase::OnSessionDisconnected[0000017B0F5C2A78][746259137][ 4097]
CThostFtdcUserApiImplBase::OnSessionDisconnected[0000017B0F5C1F18][746324674][ 4097]
CThostFtdcUserApiImplBase::OnSessionDisconnected[0000017B0F5C2298][746324675][ 4097]
CThostFtdcUserApiImplBase::OnSessionDisconnected[0000017B0F5C2CA8][746324676][ 4097]
CThostFtdcUserApiImplBase::OnSessionDisconnected[0000017B0F5C2A78][746324677][ 4097]
CThostFtdcUserApiImplBase::OnSessionDisconnected[0000017B0F5C2298][746324678][ 4097]
CThostFtdcUserApiImplBase::OnSessionDisconnected[0000017B0F5C2CA8][746324679][ 4097]
CThostFtdcUserApiImplBase::OnSessionDisconnected[0000017B0F5C2298][746324680][ 4097]
CThostFtdcUserApiImplBase::OnSessionDisconnected[0000017B0F5C2A78][746324681][ 4097]
CThostFtdcUserApiImplBase::OnSessionDisconnected[0000017B0F5C2CA8][746324682][ 4097]
CThostFtdcUserApiImplBase::OnSessionDisconnected[0000017B0F5C2CA8][746324683][ 4097]
CThostFtdcUserApiImplBase::OnSessionDisconnected[0000017B0F5C2A78][746390220][ 4097]
CThostFtdcUserApiImplBase::OnSessionDisconnected[0000017B0F5C2A78][746390221][ 4097]
CThostFtdcUserApiImplBase::OnSessionDisconnected[0000017B0F5C2298][746390222][ 4097]
CThostFtdcUserApiImplBase::OnSessionDisconnected[0000017B0F5C2A78][746390223][ 4097]
CThostFtdcUserApiImplBase::OnSessionDisconnected[0000017B0F5C2CA8][746390224][ 4097]
CThostFtdcUserApiImplBase::OnSessionDisconnected[0000017B0F5C1F88][746390225][ 4097]
CThostFtdcUserApiImplBase::OnSessionDisconnected[0000017B0F5C2298][746390226][ 4097]
CThostFtdcUserApiImplBase::OnSessionDisconnected[0000017B0F5C2CA8][746390227][ 4097]
CThostFtdcUserApiImplBase::OnSessionDisconnected[0000017B0F5C2A78][746390228][ 4097]
CThostFtdcUserApiImplBase::OnSessionDisconnected[0000017B0F5C2298][746455765][ 4097]
CThostFtdcUserApiImplBase::OnSessionDisconnected[0000017B0F5C1F18][746455766][ 4097]
CThostFtdcUserApiImplBase::OnSessionDisconnected[0000017B0F5C2298][746455767][ 4097]
CThostFtdcUserApiImplBase::OnSessionDisconnected[0000017B0F5C2A78][746455768][ 4097]
CThostFtdcUserApiImplBase::OnSessionDisconnected[0000017B0F5C2A78][746455769][ 4097]
CThostFtdcUserApiImplBase::OnSessionDisconnected[0000017B0F5C2298][746455770][ 4097]
CThostFtdcUserApiImplBase::OnSessionDisconnected[0000017B0F5C2298][746455771][ 4097]
CThostFtdcUserApiImplBase::OnSessionDisconnected[0000017B0F5C2A78][746455772][ 4097]
CThostFtdcUserApiImplBase::OnSessionDisconnected[0000017B0F5C2298][746455773][ 4097]
CThostFtdcUserApiImplBase::OnSessionDisconnected[0000017B0F5C2298][746455774][ 4097]
CThostFtdcUserApiImplBase::OnSessionDisconnected[0000017B0F5C2298][746521311][ 4097]
CThostFtdcUserApiImplBase::OnSessionDisconnected[0000017B0F5C2A78][746521312][ 4097]
CThostFtdcUserApiImplBase::OnSessionDisconnected[0000017B0F5C2B58][746521313][ 4097]
CThostFtdcUserApiImplBase::OnSessionDisconnected[0000017B0F5C2A78][746521314][ 4097]
CThostFtdcUserApiImplBase::OnSessionDisconnected[0000017B0F5C23E8][746521315][ 4097]
CThostFtdcUserApiImplBase::OnSessionDisconnected[0000017B0F5C2B58][746521316][ 4097]
CThostFtdcUserApiImplBase::OnSessionDisconnected[0000017B0F5C2298][746521317][ 4097]
CThostFtdcUserApiImplBase::OnSessionDisconnected[0000017B0F5C2A78][746521318][ 4097]
CThostFtdcUserApiImplBase::OnSessionDisconnected[0000017B0F5C2A78][746521319][ 4097]
CThostFtdcUserApiImplBase::OnSessionDisconnected[0000017B0F5C2A78][746586856][ 4097]
CThostFtdcUserApiImplBase::OnSessionDisconnected[0000017B0F5C23E8][746586857][ 4097]
CThostFtdcUserApiImplBase::OnSessionDisconnected[0000017B0F5C2298][746586858][ 4097]
CThostFtdcUserApiImplBase::OnSessionDisconnected[0000017B0F5C2298][746586859][ 4097]
CThostFtdcUserApiImplBase::OnSessionDisconnected[0000017B0F5C2A78][746586860][ 4097]
CThostFtdcUserApiImplBase::OnSessionDisconnected[0000017B0F5C23E8][746586861][ 4097]
CThostFtdcUserApiImplBase::OnSessionDisconnected[0000017B0F5C2298][746652398][ 4097]
CThostFtdcUserApiImplBase::OnSessionDisconnected[0000017B0F5C2298][746652399][ 4097]
CThostFtdcUserApiImplBase::OnSessionDisconnected[0000017B0F5C1F18][746652400][ 4097]
CThostFtdcUserApiImplBase::OnSessionDisconnected[0000017B0F5C2A78][746652401][ 4097]
CThostFtdcUserApiImplBase::OnSessionDisconnected[0000017B0F5C1F18][746652402][ 4097]
CThostFtdcUserApiImplBase::OnSessionDisconnected[0000017B0F5C2CA8][746652403][ 4097]
CThostFtdcUserApiImplBase::OnSessionDisconnected[0000017B0F5C2298][746652404][ 4097]
CThostFtdcUserApiImplBase::OnSessionDisconnected[0000017B0F5C2298][746652405][ 4097]
CThostFtdcUserApiImplBase::OnSessionDisconnected[0000017B0F5C1F18][746717942][ 4097]
CThostFtdcUserApiImplBase::OnSessionDisconnected[0000017B0F5C2A78][746717943][ 4097]
CThostFtdcUserApiImplBase::OnSessionDisconnected[0000017B0F5C23E8][746717944][ 4097]
CThostFtdcUserApiImplBase::OnSessionDisconnected[0000017B0F5C2CA8][746783482][ 4097]
CThostFtdcUserApiImplBase::OnSessionDisconnected[0000017B0F5C1F18][746783483][ 4097]
CThostFtdcUserApiImplBase::OnSessionDisconnected[0000017B0F5C2A78][746783484][ 4097]
CThostFtdcUserApiImplBase::OnSessionDisconnected[0000017B0F5C1F18][746783485][ 4097]
CThostFtdcUserApiImplBase::OnSessionDisconnected[0000017B0F5C2298][746783486][ 4097]
CThostFtdcUserApiImplBase::OnSessionDisconnected[0000017B0F5C1F18][746783487][ 4097]
CThostFtdcUserApiImplBase::OnSessionDisconnected[0000017B0F5C2298][746783488][ 4097]
CThostFtdcUserApiImplBase::OnSessionDisconnected[0000017B0F5C2A78][746849025][ 4097]
CThostFtdcUserApiImplBase::OnSessionDisconnected[0000017B0F5C1F18][746849026][ 4097]
CThostFtdcUserApiImplBase::OnSessionDisconnected[0000017B0F5C2298][746849027][ 4097]
CThostFtdcUserApiImplBase::OnSessionDisconnected[0000017B0F5C1F18][746849028][ 4097]
CThostFtdcUserApiImplBase::OnSessionDisconnected[0000017B0F5C2298][746849029][ 4097]
CThostFtdcUserApiImplBase::OnSessionDisconnected[0000017B0F5C23E8][746849030][ 4097]
CThostFtdcUserApiImplBase::OnSessionDisconnected[0000017B0F5C2A78][746849031][ 4097]
CTD Front Disconnected: 4097
TD Front Disconnected: 4097
TD Front Disconnected: 4097
TD Front Disconnected: 4097
TD Front Disconnected: 4097
TD Front Disconnected: 4097
TD Front Disconnected: 4097
TD Front Disconnected: 4097
TD Front Disconnected: 4097
TD Front Disconnected: 4097
TD Front Disconnected: 4097
TD Front Disconnected: 4097
TD Front Disconnected: 4097
TD Front Disconnected: 4097
TD Front Disconnected: 4097
TD Front Disconnected: 4097
TD Front Disconnected: 4097
TD Front Disconnected: 4097
TD Front Disconnected: 4097
TD Front Disconnected: 4097
TD Front Disconnected: 4097
TD Front Disconnected: 4097
TD Front Disconnected: 4097
TD Front Disconnected: 4097
TD Front Disconnected: 4097
TD Front Disconnected: 4097
TD Front Disconnected: 4097
TD Front Disconnected: 4097
TD Front Disconnected: 4097
TD Front Disconnected: 4097
TD Front Disconnected: 4097
TD Front Disconnected: 4097
TD Front Disconnected: 4097
TD Front Disconnected: 4097
TD Front Disconnected: 4097
TD Front Disconnected: 4097
TD Front Disconnected: 4097
TD Front Disconnected: 4097
TD Front Disconnected: 4097
TD Front Disconnected: 4097
TD Front Disconnected: 4097
TD Front Disconnected: 4097
TD Front Disconnected: 4097
TD Front Disconnected: 4097
TD Front Disconnected: 4097
TD Front Disconnected: 4097
TD Front Disconnected: 4097
TD Front Disconnected: 4097
TD Front Disconnected: 4097
TD Front Disconnected: 4097
TD Front Disconnected: 4097
TD Front Disconnected: 4097
TD Front Disconnected: 4097
TD Front Disconnected: 4097
TD Front Disconnected: 4097
TD Front Disconnected: 4097
TD Front Disconnected: 4097
TD Front Disconnected: 4097
TD Front Disconnected: 4097
TD Front Disconnected: 4097
TD Front Disconnected: 4097
TD Front Disconnected: 4097
TD Front Disconnected: 4097
TD Front Disconnected: 4097
TD Front Disconnected: 4097
TD Front Disconnected: 4097
TD Front Disconnected: 4097
TD Front Disconnected: 4097
TD Front Disconnected: 4097
TD Front Disconnected: 4097
TD Front Disconnected: 4097
TD Front Disconnected: 4097
TD Front Disconnected: 4097
TD Front Disconnected: 4097
TD Front Disconnected: 4097
TD Front Disconnected: 4097
TD Front Disconnected: 4097
TD Front Disconnected: 4097
TD Front Disconnected: 4097
TD Front Disconnected: 4097
TD Front Disconnected: 4097
TD Front Disconnected: 4097
TD Front Disconnected: 4097
TD Front Disconnected: 4097
TD Front Disconnected: 4097
TD Front Disconnected: 4097
TD Front Disconnected: 4097
TD Front Disconnected: 4097
TD Front Disconnected: 4097
TD Front Disconnected: 4097
TD Front Disconnected: 4097
TD Front Disconnected: 4097
TD Front Disconnected: 4097
TD Front Disconnected: 4097
TD Front Disconnected: 4097
TD Front Disconnected: 4097
TD Front Disconnected: 4097
TD Front Disconnected: 4097
TD Front Disconnected: 4097
TD Front Disconnected: 4097
TD Front Disconnected: 4097
TD Front Disconnected: 4097
TD Front Disconnected: 4097
TD Front Disconnected: 4097
TD Front Disconnected: 4097
TD Front Disconnected: 4097
TD Front Disconnected: 4097
TD Front Disconnected: 4097
TD Front Disconnected: 4097
TD Front Disconnected: 4097
TD Front Disconnected: 4097
TD Front Disconnected: 4097
TD Front Disconnected: 4097
TD Front Disconnected: 4097
TD Front Disconnected: 4097
TD Front Disconnected: 4097
TD Front Disconnected: 4097
TD Front Disconnected: 4097
TD Front Disconnected: 4097
TD Front Disconnected: 4097
TD Front Disconnected: 4097
TD Front Disconnected: 4097
TD Front Disconnected: 4097
TD Front Disconnected: 4097
TD Front Disconnected: 4097
TD Front Disconnected: 4097
TD Front Disconnected: 4097
TD Front Disconnected: 4097
TD Front Disconnected: 4097
TD Front Disconnected: 4097
TD Front Disconnected: 4097
TD Front Disconnected: 4097
TD Front Disconnected: 4097
TD Front Disconnected: 4097
TD Front Disconnected: 4097
TD Front Disconnected: 4097
TD Front Disconnected: 4097
TD Front Disconnected: 4097
TD Front Disconnected: 4097
TD Front Disconnected: 4097
TD Front Disconnected: 4097
TD Front Disconnected: 4097
TD Front Disconnected: 4097
TD Front Disconnected: 4097
TD Front Disconnected: 4097
TD Front Disconnected: 4097
TD Front{"baseline": "live-ops-snapshot-v1", "account_id": "025292", "symbol": "rb2610", "startup_disposition": "manual_review_required", "md_disposition": "manual_review_required", "td_disposition": "manual_review_required", "reconciliation_disposition": "manual_review_required", "startup_shared_flow_reuse_allowed": false, "startup_session_rotated": false, "md_restore_succeeded": false, "position_count": 0, "observed_callback_count": 0, "historical_callback_count": 0, "current_session_callback_count": 0, "available_ratio": null, "margin_ratio": null, "manual_review_codes": ["shared_startup_truth_unready", "isolated_startup_truth_unready", "startup_truth_unready", "restored_truth_unready", "missing_account_snapshot", "position_snapshot_incomplete", "missing_available_ratio", "missing_margin_ratio", "missing_account_id", "missing_account_balance"], "rebuild_required_codes": [], "restore_required_codes": [], "boundary_codes": [], "evidence_only_codes": ["isolated_flow_verified", "restore_resubscribe_triggered", "no_current_session_callbacks", "flat_positions"], "bridge_command_kinds": ["connect", "connect", "connect", "subscribe_market_data", "connect", "subscribe_market_data", "connect", "connect", "connect", "connect", "connect"], "bridge_event_kinds": ["disconnected", "disconnected", "disconnected", "disconnected", "disconnected", "disconnected", "disconnected", "disconnected", "disconnected", "disconnected", "disconnected", "disconnected", "disconnected", "disconnected", "disconnected", "disconnected", "disconnected", "disconnected", "disconnected", "disconnected", "disconnected", "disconnected", "disconnected", "disconnected", "disconnected", "disconnected", "disconnected", "disconnected", "disconnected", "disconnected", "disconnected", "disconnected", "disconnected", "disconnected", "disconnected", "disconnected", "disconnected", "disconnected", "disconnected", "disconnected", "disconnected", "disconnected", "disconnected", "disconnected", "disconnected", "disconnected", "disconnected", "disconnected", "disconnected", "disconnected", "disconnected", "disconnected", "disconnected", "disconnected", "disconnected", "disconnected", "disconnected", "disconnected", "disconnected", "disconnected", "disconnected", "disconnected", "disconnected", "disconnected", "disconnected", "disconnected", "disconnected", "disconnected", "disconnected", "disconnected", "disconnected", "disconnected", "disconnected", "disconnected", "disconnected", "disconnected", "disconnected", "disconnected", "disconnected", "disconnected", "disconnected", "disconnected", "disconnected", "disconnected", "disconnected", "disconnected", "disconnected", "disconnected", "disconnected", "disconnected", "disconnected", "disconnected", "disconnected", "disconnected", "disconnected", "disconnected", "disconnected", "disconnected", "disconnected", "disconnected", "disconnected", "disconnected", "disconnected", "disconnected", "disconnected", "disconnected", "disconnected", "disconnected", "disconnected", "disconnected", "disconnected", "disconnected", "disconnected", "disconnected", "disconnected", "disconnected", "disconnected", "disconnected", "disconnected", "disconnected", "disconnected", "disconnected", "disconnected", "disconnected", "disconnected", "disconnected", "disconnected", "disconnected", "disconnected", "disconnected", "disconnected", "disconnected", "disconnected", "disconnected", "disconnected", "disconnected", "disconnected", "disconnected", "disconnected", "disconnected"]}
 Disconnected: 4097
TD Front Disconnected: 4097
TD Front Disconnected: 4097
TD Front Disconnected: 4097
TD Front Disconnected: 4097
TD Front Disconnected: 4097
TD Front Disconnected: 4097
TD Front Disconnected: 4097
TD Front Disconnected: 4097
TD Front Disconnected: 4097
TD Front Disconnected: 4097
TD Front Disconnected: 4097
TD Front Disconnected: 4097
TD Front Disconnected: 4097
TD Front Disconnected: 4097
TD Front Disconnected: 4097
TD Front Disconnected: 4097
TD Front Disconnected: 4097
TD Front Disconnected: 4097
TD Front Disconnected: 4097
TD Front Disconnected: 4097
TD Front Disconnected: 4097
TD Front Disconnected: 4097
ThostFtdcUserApiImplBase::OnSessionDisconnected[0000017B0F5C2A78][746849032][ 4097]
CThostFtdcUserApiImplBase::OnSessionDisconnected[0000017B0F5C2CA8][746914569][ 4097]
CThostFtdcUserApiImplBase::OnSessionDisconnected[0000017B0F5C2298][746914570][ 4097]
CThostFtdcUserApiImplBase::OnSessionDisconnected[0000017B0F5C2A78][746914571][ 4097]
CThostFtdcUserApiImplBase::OnSessionDisconnected[0000017B0F5C23E8][746914572][ 4097]
CThostFtdcUserApiImplBase::OnSessionDisconnected[0000017B0F5C2298][746914573][ 4097]
CThostFtdcUserApiImplBase::OnSessionDisconnected[0000017B0F5C1F18][746914574][ 4097]
CThostFtdcUserApiImplBase::OnSessionDisconnected[0000017B0F5C2A78][746914575][ 4097]
CThostFtdcUserApiImplBase::OnSessionDisconnected[0000017B0F5C2298][746980112][ 4097]
CThostFtdcUserApiImplBase::OnSessionDisconnected[0000017B0F5C2A78][746980113][ 4097]
CThostFtdcUserApiImplBase::OnSessionDisconnected[0000017B0F5C2A78][746980114][ 4097]
CThostFtdcUserApiImplBase::OnSessionDisconnected[0000017B0F5C2A78][746980115][ 4097]
CThostFtdcUserApiImplBase::OnSessionDisconnected[0000017B0F5C1F18][746980116][ 4097]
CThostFtdcUserApiImplBase::OnSessionDisconnected[0000017B0F5C2A78][746980117][ 4097]
CThostFtdcUserApiImplBase::OnSessionDisconnected[0000017B0F5C2A78][746980118][ 4097]
CThostFtdcUserApiImplBase::OnSessionDisconnected[0000017B0F5C2A78][747045655][ 4097]
CThostFtdcUserApiImplBase::OnSessionDisconnected[0000017B0F5C1F18][747045656][ 4097]
CThostFtdcUserApiImplBase::OnSessionDisconnected[0000017B0F5C2A78][747045657][ 4097]
CThostFtdcUserApiImplBase::OnSessionDisconnected[0000017B0F5C2A78][747045658][ 4097]
CThostFtdcUserApiImplBase::OnSessionDisconnected[0000017B0F5C23E8][747045659][ 4097]
CThostFtdcUserApiImplBase::OnSessionDisconnected[0000017B0F5C1F18][747045660][ 4097]
CThostFtdcUserApiImplBase::OnSessionDisconnected[0000017B0F5C2298][747045661][ 4097]
CThostFtdcUserApiImplBase::OnSessionDisconnected[0000017B0F5C2298][747045662][ 4097]
CThostFtdcUserApiImplBase::OnSessionDisconnected[0000017B0F5C2A78][748159776][ 4097]
CThostFtdcUserApiImplBase::OnSessionDisconnected[0000017B0F5C1F18][749142817][ 4097]
CThostFtdcUserApiImplBase::OnSessionDisconnected[0000017B0F5C2298][749142818][ 4097]
CThostFtdcUserApiImplBase::OnSessionDisconnected[0000017B0F5C2A78][749208355][ 4097]
ected[0000017B0F5C2A78][742392194][ 4097]
CThostFtdcUserApiImplBase::OnSessionDisconnected[0000017B0F5C2A78][742392195][ 4097]
CThostFtdcUserApiImplBase::OnSessionDisconnected[0000017B0F5C24C8][742392196][ 4097]
CThostFtdcUserApiImplBase::OnSessionDisconnected[0000017B0F5C2A78][742392197][ 4097]
CThostFtdcUserApiImplBase::OnSessionDisconnected[0000017B0F5C2A78][742392198][ 4097]
CThostFtdcUserApiImplBase::OnSessionDisconnected[0000017B0F5C2298][742392199][ 4097]
CThostFtdcUserApiImplBase::OnSessionDisconnected[0000017B0F5C2298][742457736][ 4097]
CThostFtdcUserApiImplBase::OnSessionDisconnected[0000017B0F5C2A78][742457737][ 4097]
CThostFtdcUserApiImplBase::OnSessionDisconnected[0000017B0F5C24C8][742457738][ 4097]
CThostFtdcUserApiImplBase::OnSessionDisconnected[0000017B0F5C2298][742457739][ 4097]
CThostFtdcUserApiImplBase::OnSessionDisconnected[0000017B0F5C23E8][742457740][ 4097]
CThostFtdcUserApiImplBase::OnSessionDisconnected[0000017B0F5C2CA8][742457741][ 4097]
CThostFtdcUserApiImplBase::OnSessionDisconnected[0000017B0F5C2D88][742457742][    0]
