CThostFtdcUserApiImplBase::OnSessionDisconnected[000001D682C12858][705429505][ 4097]
CThostFtdcUserApiImplBase::OnSessionDisconnected[000001D682C12778][705429506][ 4097]
CThostFtdcUserApiImplBase::OnSessionDisconnected[000001D682C12BD8][705429507][ 4097]
CThostFtdcUserApiImplBase::OnSessionDisconnected[000001D682C12318][705429508][ 4097]
CThostFtdcUserApiImplBase::OnSessionDisconnected[000001D682C12E08][705429509][ 4097]
CThostFtdcUserApiImplBase::OnSessionDisconnected[000001D682C12EE8][705495046][ 4097]
CThostFtdcUserApiImplBase::OnSessionDisconnected[000001D682C12E08][705495047][ 4097]
CThostFtdcUserApiImplBase::OnSessionDisconnected[000001D682C12A18][705495048][ 4097]
CThostFtdcUserApiImplBase::OnSessionDisconnected[000001D682C12E08][705495049][ 4097]
CThostFtdcUserApiImplBase::OnSessionDisconnected[000001D682C13038][705495050][ 4097]
CThostFtdcUserApiImplBase::OnSessionDisconnected[000001D682C12388][705560587][ 4097]
CThostFtdcUserApiImplBase::OnSessionDisconnected[000001D682C12D28][705560588][ 4097]
CThostFtdcUserApiImplBase::OnSessionDisconnected[000001D682C128C8][705560589][ 4097]
CThostFtdcUserApiImplBase::OnSessionDisconnected[000001D682C12158][705560590][ 4097]
CThostFtdcUserApiImplBase::OnSessionDisconnected[000001D682C12AF8][705560591][ 4097]
CThostFtdcUserApiImplBase::OnSessionDisconnected[000001D682C12FC8][705560592][ 4097]
CThostFtdcUserApiImplBase::OnSessionDisconnected[000001D682C12858][705626129][ 4097]
CThostFtdcUserApiImplBase::OnSessionDisconnected[000001D682C123F8][705626130][ 4097]
CThostFtdcUserApiImplBase::OnSessionDisconnected[000001D682C12938][705626131][ 4097]
CThostFtdcUserApiImplBase::OnSessionDisconnected[000001D682C12E08][705626132][ 4097]
CThostFtdcUserApiImplBase::OnSessionDisconnected[000001D682C128C8][705626133][ 4097]
CThostFtdcUserApiImplBase::OnSessionDisconnected[000001D682C12318][705626134][ 4097]
CThostFtdcUserApiImplBase::OnSessionDisconnected[000001D682C12E08][705691671][ 4097]
CThostFtdcUserApiImplBase::OnSessionDisconnected[000001D682C12778][705691672][ 4097]
CThostFtdcUserApiImplBase::OnSessionDisconnected[000001D682C12D28][705691673][ 4097]
CThostFtdcUserApiImplBase::OnSessionDisconnected[000001D682C12D28][705691674][ 4097]
CThostFtdcUserApiImplBase::OnSessionDisconnected[000001D682C12778][705691675][ 4097]
CThostFtdcUserApiImplBase::OnSessionDisconnected[000001D682C12318][705757212][ 4097]
CThostFtdcUserApiImplBase::OnSessionDisconnected[000001D682C12D28][705757213][ 4097]
CThostFtdcUserApiImplBase::OnSessionDisconnected[000001D682C12FC8][705757214][ 4097]
CThostFtdcUserApiImplBase::OnSessionDisconnected[000001D682C12858][705757215][ 4097]
CThostFtdcUserApiImplBase::OnSessionDisconnected[000001D682C123F8][705757216][ 4097]
CThostFtdcUserApiImplBase::OnSessionDisconnected[000001D682C12938][705757217][ 4097]
CThostFtdcUserApiImplBase::OnSessionDisconnected[000001D682C128C8][705822754][ 4097]
CThostFtdcUserApiImplBase::OnSessionDisconnected[000001D682C12158][705822755][ 4097]
CThostFtdcUserApiImplBase::OnSessionDisconnected[000001D682C12318][705822756][ 4097]
CThostFtdcUserApiImplBase::OnSessionDisconnected[000001D682C12F58][705822757][ 4097]
CThostFtdcUserApiImplBase::OnSessionDisconnected[000001D682C12AF8][705822758][ 4097]
CThostFtdcUserApiImplBase::OnSessionDisconnected[000001D682C13038][705822759][ 4097]
CThostFtdcUserApiImplBase::OnSessionDisconnected[000001D682C12BD8][705888296][ 4097]
CThostFtdcUserApiImplBase::OnSessionDisconnected[000001D682C123F8][705888297][ 4097]
CThostFtdcUserApiImplBase::OnSessionDisconnected[000001D682C12A18][705888298][ 4097]
CThostFtdcUserApiImplBase::OnSessionDisconnected[000001D682C12318][705888299][ 4097]
CThostFtdcUserApiImplBase::OnSessionDisconnected[000001D682C12778][705888300][ 4097]
CThostFtdcUserApiImplBase::OnSessionDisconnected[000001D682C12778][705888301][ 4097]
CThostFtdcUserApiImplBase::OnSessionDisconnected[000001D682C13038][705953838][ 4097]
CThostFtdcUserApiImplBase::OnSessionDisconnected[000001D682C12B68][705953839][ 4097]
CThostFtdcUserApiImplBase::OnSessionDisconnected[000001D682C12778][705953840][ 4097]
CThostFtdcUserApiImplBase::OnSessionDisconnected[000001D682C12D28][705953841][ 4097]
CThostFtdcUserApiImplBase::OnSessionDisconnected[000001D682C12778][705953842][ 4097]
CThostFtdcUserApiImplBase::OnSessionDisconnected[000001D682C12D28][705953843][ 4097]
CThostFtdcUserApiImplBase::OnSessionDisconnected[000001D682C12A18][706019380][ 4097]
CThostFtdcUserApiImplBase::OnSessionDisconnected[000001D682C12318][706019381][ 4097]
CThostFtdcUserApiImplBase::OnSessionDisconnected[000001D682C12158][706019382][ 4097]
CThostFtdcUserApiImplBase::OnSessionDisconnected[000001D682C12158][706019383][ 4097]
CThostFtdcUserApiImplBase::OnSessionDisconnected[000001D682C12388][706019384][ 4097]
CThostFtdcUserApiImplBase::OnSessionDisconnected[000001D682C12858][706019385][ 4097]
CThostFtdcUserApiImplBase::OnSessionDisconnected[000001D682C12158][706084922][ 4097]
CThostFtdcUserApiImplBase::OnSessionDisconnected[000001D682C12E08][706084923][ 4097]
CThostFtdcUserApiImplBase::OnSessionDisconnected[000001D682C12778][706084924][ 4097]
CThostFtdcUserApiImplBase::OnSessionDisconnected[000001D682C12A18][706084925][ 4097]
CThostFtdcUserApiImplBase::OnSessionDisconnected[000001D682C12158][706084926][ 4097]
CThostFtdcUserApiImplBase::OnSessionDisconnected[000001D682C12778][706084927][ 4097]
CThostFtdcUserApiImplBase::OnSessionDisconnected[000001D682C12158][706150464][ 4097]
CThostFtdcUserApiImplBase::OnSessionDisconnected[000001D682C128C8][706150465][ 4097]
CThostFtdcUserApiImplBase::OnSessionDisconnected[000001D682C12A18][706150466][ 4097]
CThostFtdcUserApiImplBase::OnSessionDisconnected[000001D682C12BD8][706150467][ 4097]
CThostFtdcUserApiImplBase::OnSessionDisconnected[000001D682C12938][706150468][ 4097]
CThostFtdcUserApiImplBase::OnSessionDisconnected[000001D682C123F8][706150469][ 4097]
CThostFtdcUserApiImplBase::OnSessionDisconnected[000001D682C12778][706216006][ 4097]
CThostFtdcUserApiImplBase::OnSessionDisconnected[000001D682C12318][706216007][ 4097]
CThostFtdcUserApiImplBase::OnSessionDisconnected[000001D682C12778][706216008][ 4097]
CThostFtdcUserApiImplBase::OnSessionDisconnected[000001D682C12BD8][706216009][ 4097]
CThostFtdcUserApiImplBase::OnSessionDisconnected[000001D682C123F8][706216010][ 4097]
CThostFtdcUserApiImplBase::OnSessionDisconnected[000001D682C12778][706216011][ 4097]
CThostFtdcUserApiImplBase::OnSessionDisconnected[000001D682C128C8][706281548][ 4097]
CThostFtdcUserApiImplBase::OnSessionDisconnected[000001D682C128C8][706281549][ 4097]
CThostFtdcUserApiImplBase::OnSessionDisconnected[000001D682C12468][706281550][ 4097]
CThostFtdcUserApiImplBase::OnSessionDisconnected[000001D682C12FC8][706281551][ 4097]
CThostFtdcUserApiImplBase::OnSessionDisconnected[000001D682C12A88][706281552][ 4097]
CThostFtdcUserApiImplBase::OnSessionDisconnected[000001D682C12158][706281553][ 4097]
CThostFtdcUserApiImplBase::OnSessionDisconnected[000001D682C12388][706347090][ 4097]
CThostFtdcUserApiImplBase::OnSessionDisconnected[000001D682C12388][706347091][ 4097]
CThostFtdcUserApiImplBase::OnSessionDisconnected[000001D682C12E08][706347092][ 4097]
CThostFtdcUserApiImplBase::OnSessionDisconnected[000001D682C12D28][706347093][ 4097]
CThostFtdcUserApiImplBase::OnSessionDisconnected[000001D682C123F8][706347094][ 4097]
CThostFtdcUserApiImplBase::OnSessionDisconnected[000001D682C123F8][706412631][ 4097]
CThostFtdcUserApiImplBase::OnSessionDisconnected[000001D682C128C8][706412632][ 4097]
CThostFtdcUserApiImplBase::OnSessionDisconnected[000001D682C128C8][706412633][ 4097]
CThostFtdcUserApiImplBase::OnSessionDisconnected[000001D682C12A18][706412634][ 4097]
CThostFtdcUserApiImplBase::OnSessionDisconnected[000001D682C12778][706412635][ 4097]
CThostFtdcUserApiImplBase::OnSessionDisconnected[000001D682C12388][706412636][ 4097]
CThostFtdcUserApiImplBase::OnSessionDisconnected[000001D682C12778][706478173][ 4097]
CThostFtdcUserApiImplBase::OnSessionDisconnected[000001D682C12D28][706478174][ 4097]
CThostFtdcUserApiImplBase::OnSessionDisconnected[000001D682C12318][706478175][ 4097]
CThostFtdcUserApiImplBase::OnSessionDisconnected[000001D682C123F8][706478176][ 4097]
CThostFtdcUserApiImplBase::OnSessionDisconnected[000001D682C12858][706478177][ 4097]
CThostFtdcUserApiImplBase::OnSessionDisconnected[000001D682C123F8][706478178][ 4097]
CThostFtdcUserApiImplBase::OnSessionDisconnected[000001D682C12318][706543715][ 4097]
CThostFtdcUserApiImplBase::OnSessionDisconnected[000001D682C12778][706543716][ 4097]
CThostFtdcUserApiImplBase::OnSessionDisconnected[000001D682C12B68][706543717][ 4097]
CThostFtdcUserApiImplBase::OnSessionDisconnected[000001D682C12E08][706543718][ 4097]
CThostFtdcUserApiImplBase::OnSessionDisconnected[000001D682C12EE8][706543719][ 4097]
CThostFtdcUserApiImplBase::OnSessionDisconnected[000001D682C12B68][706543720][ 4097]
CThostFtdcUserApiImplBase::OnSessionDisconnected[000001D682C12318][706609257][ 4097]
CThostFtdcUserApiImplBase::OnSessionDisconnected[000001D682C12B68][706609258][ 4097]
CThostFtdcUserApiImplBase::OnSessionDisconnected[000001D682C12A88][706609259][ 4097]
CThostFtdcUserApiImplBase::OnSessionDisconnected[000001D682C12468][706609260][ 4097]
CThostFtdcUserApiImplBase::OnSessionDisconnected[000001D682C12D28][706609261][ 4097]
CThostFtdcUserApiImplBase::OnSessionDisconnected[000001D682C12AF8][706609262][ 4097]
CThostFtdcUserApiImplBase::OnSessionDisconnected[000001D682C12FC8][706674799][ 4097]
CThostFtdcUserApiImplBase::OnSessionDisconnected[000001D682C12B68][706674800][ 4097]
CThostFtdcUserApiImplBase::OnSessionDisconnected[000001D682C12388][706674801][ 4097]
CThostFtdcUserApiImplBase::OnSessionDisconnected[000001D682C12EE8][706674802][ 4097]
CThostFtdcUserApiImplBase::OnSessionDisconnected[000001D682C12778][706674803][ 4097]
CThostFtdcUserApiImplBase::OnSessionDisconnected[000001D682C12E78][706674804][ 4097]
CThostFtdcUserApiImplBase::OnSessionDisconnected[000001D682C12858][706740341][ 4097]
CThostFtdcUserApiImplBase::OnSessionDisconnected[000001D682C12A88][706740342][ 4097]
CThostFtdcUserApiImplBase::OnSessionDisconnected[000001D682C13038][706740343][ 4097]
CThostFtdcUserApiImplBase::OnSessionDisconnected[000001D682C12A18][706740344][ 4097]
CThostFtdcUserApiImplBase::OnSessionDisconnected[000001D682C13038][706740345][ 4097]
CThostFtdcUserApiImplBase::OnSessionDisconnected[000001D682C12E78][706740346][ 4097]
CThostFtdcUserApiImplBase::OnSessionDisconnected[000001D682C12318][706740347][ 4097]
CThostFtdcUserApiImplBase::OnSessionDisconnected[000001D682C13038][706805884][ 4097]
CThostFtdcUserApiImplBase::OnSessionDisconnected[000001D682C12E08][706805885][ 4097]
CThostFtdcUserApiImplBase::OnSessionDisconnected[000001D682C128C8][706805887][ 4097]
CThostFtdcUserApiImplBase::OnSessionDisconnected[000001D682C12AF8][706871424][ 4097]
CThostFtdcUserApiImplBase::OnSessionDisconnected[000001D682C127E8][706871425][ 4097]
CThostFtdcUserApiImplBase::OnSessionDisconnected[000001D682C12A18][706871426][ 4097]
CThostFtdcUserApiImplBase::OnSessionDisconnected[000001D682C12B68][706871427][ 4097]
CThostFtdcUserApiImplBase::OnSessionDisconnected[000001D682C123F8][706871428][ 4097]
CThostFtdcUserApiImplBase::OnSessionDisconnected[000001D682C12A18][706936965][ 4097]
CThostFtdcUserApiImplBase::OnSessionDisconnected[000001D682C12778][706936966][ 4097]
CThostFtdcUserApiImplBase::OnSessionDisconnected[000001D682C12BD8][706936967][ 4097]
CThostFtdcUserApiImplBase::OnSessionDisconnected[000001D682C12778][706936968][ 4097]
CThostFtdcUserApiImplBase::OnSessionDisconnected[000001D682C12778][706936969][ 4097]
CThostFtdcUserApiImplBase::OnSessionDisconnected[000001D682C12E08][706936970][ 4097]
CThostFtdcUserApiImplBase::OnSessionDisconnected[000001D682C12A18][707002507][ 4097]
CThostFtdcUserApiImplBase::OnSessionDisconnected[000001D682C12B68][707002508][ 4097]
CThostFtdcUserApiImplBase::OnSessionDisconnected[000001D682C12A88][707002509][ 4097]
CThostFtdcUserApiImplBase::OnSessionDisconnected[000001D682C12318][707002510][ 4097]
CThostFtdcUserApiImplBase::OnSessionDisconnected[000001D682C12D28][707002511][ 4097]
CThostFtdcUserApiImplBase::OnSessionDisconnected[000001D682C12778][707002512][ 4097]
CThostFtdcUserApiImplBase::OnSessionDisconnected[000001D682C12778][707068049][ 4097]
CThostFtdcUserApiImplBase::OnSessionDisconnectedTD Front Disconnected: 4097
TD Front Disconnected: 4097
TD Front Disconnected: 4097
TD Front Disconnected: 4097
TD Front Disconnected: 4097
TD Front Disconnected: 4097
TD Front Disconnected: 4097
TD Front Disconnected: 4097
TD Front Disconnected: 4097
TD Front Disconnected: 4097
TD Front Disconnected: 4097
TD Front Disconnected: 4097
TD Front Disconnected: 4097
TD Front Disconnected: 4097
TD Front Disconnected: 4097
TD Front Disconnected: 4097
TD Front Disconnected: 4097
TD Front Disconnected: 4097
TD Front Disconnected: 4097
TD Front Disconnected: 4097
TD Front Disconnected: 4097
TD Front Disconnected: 4097
TD Front Disconnected: 4097
TD Front Disconnected: 4097
TD Front Disconnected: 4097
TD Front Disconnected: 4097
TD Front Disconnected: 4097
TD Front Disconnected: 4097
TD Front Disconnected: 4097
TD Front Disconnected: 4097
TD Front Disconnected: 4097
TD Front Disconnected: 4097
TD Front Disconnected: 4097
TD Front Disconnected: 4097
TD Front Disconnected: 4097
TD Front Disconnected: 4097
TD Front Disconnected: 4097
TD Front Disconnected: 4097
TD Front Disconnected: 4097
TD Front Disconnected: 4097
TD Front Disconnected: 4097
TD Front Disconnected: 4097
TD Front Disconnected: 4097
TD Front Disconnected: 4097
TD Front Disconnected: 4097
TD Front Disconnected: 4097
TD Front Disconnected: 4097
TD Front Disconnected: 4097
TD Front Disconnected: 4097
TD Front Disconnected: 4097
TD Front Disconnected: 4097
TD Front Disconnected: 4097
TD Front Disconnected: 4097
TD Front Disconnected: 4097
TD Front Disconnected: 4097
TD Front Disconnected: 4097
TD Front Disconnected: 4097
TD Front Disconnected: 4097
TD Front Disconnected: 4097
TD Front Disconnected: 4097
TD Front Disconnected: 4097
TD Front Disconnected: 4097
TD Front Disconnected: 4097
TD Front Disconnected: 4097
TD Front Disconnected: 4097
TD Front Disconnected: 4097
TD Front Disconnected: 4097
TD Front Disconnected: 4097
TD Front Disconnected: 4097
TD Front Disconnected: 4097
TD Front Disconnected: 4097
TD Front Disconnected: 4097
TD Front Disconnected: 4097
TD Front Disconnected: 4097
TD Front Disconnected: 4097
TD Front Disconnected: 4097
TD Front Disconnected: 4097
TD Front Disconnected: 4097
TD Front Disconnected: 4097
TD Front Disconnected: 4097
TD Front Disconnected: 4097
TD Front Disconnected: 4097
TD Front Disconnected: 4097
TD Front Disconnected: 4097
TD Front Disconnected: 4097
TD Front Disconnected: 4097
TD Front Disconnected: 4097
TD Front Disconnected: 4097
TD Front Disconnected: 4097
TD Front Disconnected: 4097
TD Front Disconnected: 4097
TD Front Disconnected: 4097
TD Front Disconnected: 4097
TD Front Disconnected: 4097
TD Front Disconnected: 4097
TD Front Disconnected: 4097
TD Front Disconnected: 4097
TD Front Disconnected: 4097
TD Front Disconnected: 4097
TD Front Disconnected: 4097
TD Front Disconnected: 4097
TD Front Disconnected: 4097
TD Front Disconnected: 4097
TD Front Disconnected: 4097
TD Front Disconnected: 4097
TD Front Disconnected: 4097
TD Front Disconnected: 4097
TD Front Disconnected: 4097
TD Front Disconnected: 4097
TD Front Disconnected: 4097
TD Front Disconnected: 4097
TD Front Disconnected: 4097
TD Front Disconnected: 4097
TD Front Disconnected: 4097
TD Front Disconnected: 4097
TD Front Disconnected: 4097
TD Front Disconnected: 4097
TD Front Disconnected: 4097
TD Front Disconnected: 4097
TD Front Disconnected: 4097
TD Front Disconnected: 4097
TD Front Disconnected: 4097
TD Front Disconnected: 4097
TD Front Disconnected: 4097
TD Front Disconnected: 4097
TD Front Disconnected: 4097
TD Front Disconnected: 4097
TD Front Disconnected: 4097
TD Front Disconnected: 4097
TD Front Disconnected: 4097
TD Front Disconnected: 4097
TD Front Disconnected: 4097
TD Front Disconnected: 4097
TD Front Disconnected: 4097
TD Front Disconnected: 4097
TD Front Disconnected: 4097
TD Front Disconnected: 4097
TD Front Disconnected: 4097
TD Front Disconnected: 4097
TD Front Disconnected: 4097
TD Front Disconnected: 4097
TD Front Disconnected: 4097
TD Front Disconnected: 4097
TD Front Disconnected: 4097
TD Front Disconnected: 4097
TD Front Disconnected: 4097
TD Front[000001D682C123F8][707068050][ 4097]
CThostFtdcUserApiImplBase::OnSessionDisconnected[000001D682C12778][707068051][ 4097]
CThostFtdcUserApiImplBase::OnSessionDisconnected[000001D682C12E78][707068052][ 4097]
CThostFtdcUserApiImplBase::OnSessionDisconnected[000001D682C12F58][707068053][ 4097]
CThostFtdcUserApiImplBase::OnSessionDisconnected[000001D682C12778][707068054][ 4097]
CThostFtdcUserApiImplBase::OnSessionDisconnected[000001D682C12858][707133591][ 4097]
CThostFtdcUserApiImplBase::OnSessionDisconnected[000001D682C12778][707133592][ 4097]
CThostFtdcUserApiImplBase::OnSessionDisconnected[000001D682C123F8][707133593][ 4097]
CThostFtdcUserApiImplBase::OnSessionDisconnected[000001D682C12318][707133594][ 4097]
CThostFtdcUserApiImplBase::OnSessionDisconnected[000001D682C12778][707133595][ 4097]
CThostFtdcUserApiImplBase::OnSessionDisconnected[000001D682C12E08][707133596][ 4097]
CThostFtdcUserApiImplBase::OnSessionDisconnected[000001D682C123F8][707199133][ 4097]
CThostFtdcUserApiImplBase::OnSessionDisconnected[000001D682C12468][707199134][ 4097]
CThostFtdcUserApiImplBase::OnSessionDisconnected[000001D682C12EE8][707199135][ 4097]
CThostFtdcUserApiImplBase::OnSessionDisconnected[000001D682C12778][707199136][ 4097]
CThostFtdcUserApiImplBase::OnSessionDisconnected[000001D682C12D28][707199137][ 4097]
CThostFtdcUserApiImplBase::OnSessionDisconnected[000001D682C12778][707264674][ 4097]
CThostFtdcUserApiImplBase::OnSessionDisconnected[000001D682C12A18][707264675][ 4097]
CThostFtdcUserApiImplBase::OnSessionDisconnected[000001D682C12FC8][707264676][ 4097]
CThostFtdcUserApiImplBase::OnSessionDisconnected[000001D682C12158][707264677][ 4097]
CThostFtdcUserApiImplBase::OnSessionDisconnected[000001D682C12158][707264678][ 4097]
CThostFtdcUserApiImplBase::OnSessionDisconnected[000001D682C12A18][707264679][ 4097]
CThostFtdcUserApiImplBase::OnSessionDisconnected[000001D682C12778][707264680][ 4097]
CThostFtdcUserApiImplBase::OnSessionDisconnected[000001D682C12D28][707330217][ 4097]
CThostFtdcUserApiImplBase::OnSessionDisconnected[000001D682C12778][707330218][ 4097]
CThostFtdcUserApiImplBase::OnSessionDisconnected[000001D682C12BD8][707330219][ 4097]
CThostFtdcUserApiImplBase::OnSessionDisconnected[000001D682C12778][707330220][ 4097]
CThostFtdcUserApiImplBase::OnSessionDisconnected[000001D682C12778][707330221][ 4097]
CThostFtdcUserApiImplBase::OnSessionDisconnected[000001D682C12E08][707330222][ 4097]
CThostFtdcUserApiImplBase::OnSessionDisconnected[000001D682C12318][707395759][ 4097]
CThostFtdcUserApiImplBase::OnSessionDisconnected[000001D682C12E08][707395760][ 4097]
CThostFtdcUserApiImplBase::OnSessionDisconnected[000001D682C12BD8][707395761][ 4097]
CThostFtdcUserApiImplBase::OnSessionDisconnected[000001D682C12F58][707395762][ 4097]
CThostFtdcUserApiImplBase::OnSessionDisconnected[000001D682C12318][707395763][ 4097]
CThostFtdcUserApiImplBase::OnSessionDisconnected[000001D682C128C8][707395764][ 4097]
CThostFtdcUserApiImplBase::OnSessionDisconnected[000001D682C12778][707395765][ 4097]
CThostFtdcUserApiImplBase::OnSessionDisconnected[000001D682C127E8][707395766][ 4097]
CThostFtdcUserApiImplBase::OnSessionDisconnected[000001D682C12318][707461303][ 4097]
CThostFtdcUserApiImplBase::OnSessionDisconnected[000001D682C12778][707461304][ 4097]
CThostFtdcUserApiImplBase::OnSessionDisconnected[000001D682C12E78][707461305][ 4097]
CThostFtdcUserApiImplBase::OnSessionDisconnected[000001D682C12938][707461306][ 4097]
CThostFtdcUserApiImplBase::OnSessionDisconnected[000001D682C12D28][707461307][ 4097]
CThostFtdcUserApiImplBase::OnSessionDisconnected[000001D682C12E78][707461308][ 4097]
CThostFtdcUserApiImplBase::OnSessionDisconnected[000001D682C12E78][707461309][ 4097]
CThostFtdcUserApiImplBase::OnSessionDisconnected[000001D682C12318][707461310][ 4097]
CThostFtdcUserApiImplBase::OnSessionDisconnected[000001D682C128C8][707526847][ 4097]
CThostFtdcUserApiImplBase::OnSessionDisconnected[000001D682C12778][707526848][ 4097]
CThostFtdcUserApiImplBase::OnSessionDisconnected[000001D682C12A18][707526849][ 4097]
CThostFtdcUserApiImplBase::OnSessionDisconnected[000001D682C12158][707526850][ 4097]
CThostFtdcUserApiImplBase::OnSessionDisconnected[000001D682C12FC8][707526851][ 4097]
CThostFtdcUserApiImplBase::OnSessionDisconnected[000001D682C12E08][707526852][ 4097]
CThostFtdcUserApiImplBase::OnSessionDisconnected[000001D682C12D28][707526853][ 4097]
CThostFtdcUserApiImplBase::OnSessionDisconnected[000001D682C12AF8][707592390][ 4097]
CThostFtdcUserApiImplBase::OnSessionDisconnected[000001D682C12E78][707592391][ 4097]
CThostFtdcUserApiImplBase::OnSessionDisconnected[000001D682C12A18][707592392][ 4097]
CThostFtdcUserApiImplBase::OnSessionDisconnected[000001D682C12FC8][707592393][ 4097]
CThostFtdcUserApiImplBase::OnSessionDisconnected[000001D682C12158][707592394][ 4097]
CThostFtdcUserApiImplBase::OnSessionDisconnected[000001D682C12E78][707592395][ 4097]
CThostFtdcUserApiImplBase::OnSessionDisconnected[000001D682C12E78][707657932][ 4097]
CThostFtdcUserApiImplBase::OnSessionDisconnected[000001D682C12318][707657933][ 4097]
CThostFtdcUserApiImplBase::OnSessionDisconnected[000001D682C12A18][707657934][ 4097]
CThostFtdcUserApiImplBase::OnSessionDisconnected[000001D682C12E08][707657935][ 4097]
CThostFtdcUserApiImplBase::OnSessionDisconnected[000001D682C12FC8][707657936][ 4097]
CThostFtdcUserApiImplBase::OnSessionDisconnected[000001D682C128C8][707657937][ 4097]
CThostFtdcUserApiImplBase::OnSessionDisconnected[000001D682C128C8][707723474][ 4097]
CThostFtdcUserApiImplBase::OnSessionDisconnected[000001D682C123F8][707723475][ 4097]
CThostFtdcUserApiImplBase::OnSessionDisconnected[000001D682C12E08][707723476][ 4097]
CThostFtdcUserApiImplBase::OnSessionDisconnected[000001D682C123F8][707723477][ 4097]
CThostFtdcUserApiImplBase::OnSessionDisconnected[000001D682C12E78][707723478][ 4097]
CThostFtdcUserApiImplBase::OnSessionDisconnected[000001D682C12778][707723479][ 4097]
CThostFtdcUserApiImplBase::OnSessionDisconnected[000001D682C123F8][707789016][ 4097]
CThostFtdcUserApiImplBase::OnSessionDisconnected[000001D682C12318][707789017][ 4097]
CThostFtdcUserApiImplBase::OnSessionDisconnected[000001D682C12318][707789018][ 4097]
CThostFtdcUserApiImplBase::OnSessionDisconnected[000001D682C12FC8][707789019][ 4097]
CThostFtdcUserApiImplBase::OnSessionDisconnected[000001D682C128C8][707789020][ 4097]
CThostFtdcUserApiImplBase::OnSessionDisconnected[000001D682C128C8][707789021][ 4097]
CThostFtdcUserApiImplBase::OnSessionDisconnected[000001D682C123F8][707789022][ 4097]
CThostFtdcUserApiImplBase::OnSessionDisconnected[000001D682C12318][707789023][ 4097]
CThostFtdcUserApiImplBase::OnSessionDisconnected[000001D682C128C8][707854560][ 4097]
CThostFtdcUserApiImplBase::OnSessionDisconnected[000001D682C12FC8][707854561][ 4097]
CThostFtdcUserApiImplBase::OnSessionDisconnected[000001D682C12318][707854562][ 4097]
CThostFtdcUserApiImplBase::OnSessionDisconnected[000001D682C12BD8][707854563][ 4097]
CThostFtdcUserApiImplBase::OnSessionDisconnected[000001D682C12F58][707854564][ 4097]
CThostFtdcUserApiImplBase::OnSessionDisconnected[000001D682C12318][707854565][ 4097]
CThostFtdcUserApiImplBase::OnSessionDisconnected[000001D682C12778][707854566][ 4097]
CThostFtdcUserApiImplBase::OnSessionDisconnected[000001D682C12D28][707854567][ 4097]
CThostFtdcUserApiImplBase::OnSessionDisconnected[000001D682C12FC8][707920104][ 4097]
CThostFtdcUserApiImplBase::OnSessionDisconnected[000001D682C123F8][707920105][ 4097]
CThostFtdcUserApiImplBase::OnSessionDisconnected[000001D682C12AF8][707920106][ 4097]
CThostFtdcUserApiImplBase::OnSessionDisconnected[000001D682C12778][707920107][ 4097]
CThostFtdcUserApiImplBase::OnSessionDisconnected[000001D682C12E08][707920108][ 4097]
CThostFtdcUserApiImplBase::OnSessionDisconnected[000001D682C128C8][707920109][ 4097]
CThostFtdcUserApiImplBase::OnSessionDisconnected[000001D682C12D28][707985646][ 4097]
CThostFtdcUserApiImplBase::OnSessionDisconnected[000001D682C12AF8][707985647][ 4097]
CThostFtdcUserApiImplBase::OnSessionDisconnected[000001D682C123F8][707985648][ 4097]
CThostFtdcUserApiImplBase::OnSessionDisconnected[000001D682C12778][707985649][ 4097]
CThostFtdcUserApiImplBase::OnSessionDisconnected[000001D682C12318][707985650][ 4 Disconnected: 4097
TD Front Disconnected: 4097
TD Front Disconnected: 4097
TD Front Disconnected: 4097
TD Front Disconnected: 4097
TD Front Disconnected: 4097
TD Front Disconnected: 4097
TD Front Disconnected: 4097
TD Front Disconnected: 4097
TD Front Disconnected: 4097
TD Front Disconnected: 4097
TD Front Disconnected: 4097
TD Front Disconnected: 4097
TD Front Disconnected: 4097
TD Front Disconnected: 4097
TD Front Disconnected: 4097
TD Front Disconnected: 4097
TD Front Disconnected: 4097
TD Front Disconnected: 4097
TD Front Disconnected: 4097
TD Front Disconnected: 4097
TD Front Disconnected: 4097
TD Front Disconnected: 4097
TD Front Disconnected: 4097
TD Front Disconnected: 4097
TD Front Disconnected: 4097
TD Front Disconnected: 4097
TD Front Disconnected: 4097
TD Front Disconnected: 4097
TD Front Disconnected: 4097
TD Front Disconnected: 4097
TD Front Disconnected: 4097
TD Front Disconnected: 4097
TD Front Disconnected: 4097
TD Front Disconnected: 4097
TD Front Disconnected: 4097
TD Front Disconnected: 4097
TD Front Disconnected: 4097
TD Front Disconnected: 4097
TD Front Disconnected: 4097
TD Front Disconnected: 4097
TD Front Disconnected: 4097
TD Front Disconnected: 4097
TD Front Disconnected: 4097
TD Front Disconnected: 4097
TD Front Disconnected: 4097
TD Front Disconnected: 4097
TD Front Disconnected: 4097
TD Front Disconnected: 4097
TD Front Disconnected: 4097
TD Front Disconnected: 4097
TD Front Disconnected: 4097
TD Front Disconnected: 4097
TD Front Disconnected: 4097
TD Front Disconnected: 4097
TD Front Disconnected: 4097
TD Front Disconnected: 4097
TD Front Disconnected: 4097
TD Front Disconnected: 4097
TD Front Disconnected: 4097
TD Front Disconnected: 4097
TD Front Disconnected: 4097
TD Front Disconnected: 4097
TD Front Disconnected: 4097
TD Front Disconnected: 4097
TD Front Disconnected: 4097
TD Front Disconnected: 4097
TD Front Disconnected: 4097
TD Front Disconnected: 4097
TD Front Disconnected: 4097
TD Front Disconnected: 4097
TD Front Disconnected: 4097
TD Front Disconnected: 4097
TD Front Disconnected: 4097
TD Front Disconnected: 4097
TD Front Disconnected: 4097
TD Front Disconnected: 4097
TD Front Disconnected: 4097
TD Front Disconnected: 4097
TD Front Disconnected: 4097
TD Front Disconnected: 4097
TD Front Disconnected: 4097
TD Front Disconnected: 4097
TD Front Disconnected: 4097
TD Front Disconnected: 4097
TD Front Disconnected: 4097
TD Front Disconnected: 4097
TD Front Disconnected: 4097
TD Front Disconnected: 4097
TD Front Disconnected: 4097
TD Front Disconnected: 4097
TD Front Disconnected: 4097
TD Front Disconnected: 4097
TD Front Disconnected: 4097
TD Front Disconnected: 4097
TD Front Disconnected: 4097
TD Front Disconnected: 4097
TD Front Disconnected: 4097
TD Front Disconnected: 4097
TD Front Disconnected: 4097
TD Front Disconnected: 4097
TD Front Disconnected: 4097
TD Front Disconnected: 4097
TD Front Disconnected: 4097
TD Front Disconnected: 4097
TD Front Disconnected: 4097
TD Front Disconnected: 4097
TD Front Disconnected: 4097
TD Front Disconnected: 4097
TD Front Disconnected: 4097
TD Front Disconnected: 4097
TD Front Disconnected: 4097
TD Front Disconnected: 4097
TD Front Disconnected: 4097
TD Front Disconnected: 4097
TD Front Disconnected: 4097
TD Front Disconnected: 4097
TD Front Disconnected: 4097
TD Front Disconnected: 4097
TD Front Disconnected: 4097
MD Front Disconnected: 4097
MD Front Disconnected: 4097
MD Front Disconnected: 4097
MD Front Disconnected: 4097
MD Front Disconnected: 4097
MD Front Disconnected: 4097
MD Front Disconnected: 4097
MD Front Disconnected: 4097
MD Front Disconnected: 4097
MD Front Disconnected: 4097
MD Front Disconnected: 4097
MD Front Disconnected: 4097
MD Front Disconnected: 4097
MD Front Disconnected: 4097
MD Front Disconnected: 4097
MD Front Disconnected: 4097
MD Front Disconnected: 4097
MD Front Disconnected: 4097
MD Front Disconnected: 4097
MD Front Disconnected: 4097
MD Front Disconnected: 4097
MD Front Disconnected: 4097
MD Front Disconnected: 4097
MD Front Disconnected: 4097
MD Front Disconnected: 4097
MD Front Disconnected: 4097
MD Front DisconnCThostFtdcUserApiImplBase::OnSessionDisconnected[000001D682C12E08][708247553][ 4097]
CThostFtdcUserApiImplBase::OnSessionDisconnected[000001D682C12318][708247554][ 4097]
CThostFtdcUserApiImplBase::OnSessionDisconnected[000001D682C13038][708247555][ 4097]
CThostFtdcUserApiImplBase::OnSessionDisconnected[000001D682C12B68][708247556][ 4097]
CThostFtdcUserApiImplBase::OnSessionDisconnected[000001D682C12F58][708313093][ 4097]
CThostFtdcUserApiImplBase::OnSessionDisconnected[000001D682C12E78][708313094][ 4097]
CThostFtdcUserApiImplBase::OnSessionDisconnected[000001D682C12158][708313095][ 4097]
CThostFtdcUserApiImplBase::OnSessionDisconnected[000001D682C12778][708313096][ 4097]
CThostFtdcUserApiImplBase::OnSessionDisconnected[000001D682C12778][708313097][ 4097]
CThostFtdcUserApiImplBase::OnSessionDisconnected[000001D682C12778][708313098][ 4097]
CThostFtdcUserApiImplBase::OnSessionDisconnected[000001D682C12A88][708313099][ 4097]
CThostFtdcUserApiImplBase::OnSessionDisconnected[000001D682C12158][708313100][ 4097]
CThostFtdcUserApiImplBase::OnSessionDisconnected[000001D682C12468][708313101][ 4097]
CThostFtdcUserApiImplBase::OnSessionDisconnected[000001D682C12E08][708313102][ 4097]
CThostFtdcUserApiImplBase::OnSessionDisconnected[000001D682C12778][708378639][ 4097]
CThostFtdcUserApiImplBase::OnSessionDisconnected[000001D682C12468][708378640][ 4097]
CThostFtdcUserApiImplBase::OnSessionDisconnected[000001D682C12778][708378641][ 4097]
CThostFtdcUserApiImplBase::OnSessionDisconnected[000001D682C12E08][708378642][ 4097]
CThostFtdcUserApiImplBase::OnSessionDisconnected[000001D682C12A18][708378643][ 4097]
CThostFtdcUserApiImplBase::OnSessionDisconnected[000001D682C12BD8][708378644][ 4097]
CThostFtdcUserApiImplBase::OnSessionDisconnected[000001D682C12318][708378645][ 4097]
CThostFtdcUserApiImplBase::OnSessionDisconnected[000001D682C12158][708378646][ 4097]
CThostFtdcUserApiImplBase::OnSessionDisconnected[000001D682C123F8][708378647][ 4097]
CThostFtdcUserApiImplBase::OnSessionDisconnected[000001D682C12BD8][708444184][ 4097]
CThostFtdcUserApiImplBase::OnSessionDisconnected[000001D682C12778][708444185][ 4097]
CThostFtdcUserApiImplBase::OnSessionDisconnected[000001D682C12BD8][708444186][ 4097]
CThostFtdcUserApiImplBase::OnSessionDisconnected[000001D682C12F58][708444187][ 4097]
CThostFtdcUserApiImplBase::OnSessionDisconnected[000001D682C12BD8][708444188][ 4097]
CThostFtdcUserApiImplBase::OnSessionDisconnected[000001D682C12858][708444189][ 4097]
CThostFtdcUserApiImplBase::OnSessionDisconnected[000001D682C12F58][708444190][ 4097]
CThostFtdcUserApiImplBase::OnSessionDisconnected[000001D682C12318][708444191][ 4097]
CThostFtdcUserApiImplBase::OnSessionDisconnected[000001D682C12A18][708444192][ 4097]
CThostFtdcUserApiImplBase::OnSessionDisconnected[000001D682C12AF8][708444193][ 4097]
CThostFtdcUserApiImplBase::OnSessionDisconnected[000001D682C12318][708509730][ 4097]
CThostFtdcUserApiImplBase::OnSessionDisconnected[000001D682C13038][708509731][ 4097]
CThostFtdcUserApiImplBase::OnSessionDisconnected[000001D682C12778][708509732][ 4097]
CThostFtdcUserApiImplBase::OnSessionDisconnected[000001D682C12BD8][708509733][ 4097]
CThostFtdcUserApiImplBase::OnSessionDisconnected[000001D682C12318][708509734][ 4097]
CThostFtdcUserApiImplBase::OnSessionDisconnected[000001D682C12778][708509735][ 4097]
CThostFtdcUserApiImplBase::OnSessionDisconnected[000001D682C12E08][708509736][ 4097]
CThostFtdcUserApiImplBase::OnSessionDisconnected[000001D682C12778][708509737][ 4097]
CThostFtdcUserApiImplBase::OnSessionDisconnected[000001D682C12158][708509738][ 4097]
CThostFtdcUserApiImplBase::OnSessionDisconnected[000001D682C12E08][708509739][ 4097]
CThostFtdcUserApiImplBase::OnSessionDisconnected[000001D682C12778][708575276][ 4097]
CThostFtdcUserApiImplBase::OnSessionDisconnected[000001D682C12E08][708575277][ 4097]
CThostFtdcUserApiImplBase::OnSessionDisconnected[000001D682C12778][708575278][ 4097]
CThostFtdcUserApiImplBase::OnSessionDisconnected[000001D682C12318][708575279][ 4097]
CThostFtdcUserApiImplBase::OnSessionDisconnected[000001D682C123F8][708575280][ 4097]
CThostFtdcUserApiImplBase::OnSessionDisconnected[000001D682C12AF8][708575281][ 4097]
CThostFtdcUserApiImplBase::OnSessionDisconnected[000001D682C12318][708575282][ 4097]
CThostFtdcUserApiImplBase::OnSessionDisconnected[000001D682C12318][708575283][ 4097]
CThostFtdcUserApiImplBase::OnSessionDisconnected[000001D682C12778][708575284][ 4097]
CThostFtdcUserApiImplBase::OnSessionDisconnected[000001D682C12A88][708575285][ 4097]
CThostFtdcUserApiImplBase::OnSessionDisconnected[000001D682C12158][708640822][ 4097]
CThostFtdcUserApiImplBase::OnSessionDisconnected[000001D682C12318][708640823][ 4097]
CThostFtdcUserApiImplBase::OnSessionDisconnected[000001D682C12318][708640824][ 4097]
CThostFtdcUserApiImplBase::OnSessionDisconnected[000001D682C12778][708640825][ 4097]
CThostFtdcUserApiImplBase::OnSessionDisconnected[000001D682C12A88][708640826][ 4097]
CThostFtdcUserApiImplBase::OnSessionDisconnected[000001D682C12778][708640827][ 4097]
CThostFtdcUserApiImplBase::OnSessionDisconnected[000001D682C12778][708640828][ 4097]
CThostFtdcUserApiImplBase::OnSessionDisconnected[000001D682C12318][708640829][ 4097]
CThostFtdcUserApiImplBase::OnSessionDisconnected[000001D682C12158][708640830][ 4097]
CThostFtdcUserApiImplBase::OnSessionDisconnected[000001D682C12B68][708706367][ 4097]
CThostFtdcUserApiImplBase::OnSessionDisconnected[000001D682C12AF8][708706368][ 4097]
CThostFtdcUserApiImplBase::OnSessionDisconnected[000001D682C12318][708706369][ 4097]
CThostFtdcUserApiImplBase::OnSessionDisconnected[000001D682C12778][708706370][ 4097]
CThostFtdcUserApiImplBase::OnSessionDisconnected[000001D682C12E08][708706371][ 4097]
CThostFtdcUserApiImplBase::OnSessionDisconnected[000001D682C12318][708706372][ 4097]
CThostFtdcUserApiImplBase::OnSessionDisconnected[000001D682C12E08][708706373][ 4097]
CThostFtdcUserApiImplBase::OnSessionDisconnected[000001D682C13038][708706374][ 4097]
CThostFtdcUserApiImplBase::OnSessionDisconnected[000001D682C12778][708706375][ 4097]
CThostFtdcUserApiImplBase::OnSessionDisconnected[000001D682C12318][708706376][ 4097]
CThostFtdcUserApiImplBase::OnSessionDisconnected[000001D682C12FC8][708771913][ 4097]
CThostFtdcUserApiImplBase::OnSessionDisconnected[000001D682C12E08][708771914][ 4097]
CThostFtdcUserApiImplBase::OnSessionDisconnected[000001D682C123F8][708771915][ 4097]
CThostFtdcUserApiImplBase::OnSessionDisconnected[000001D682C12FC8][708771916][ 4097]
CThostFtdcUserApiImplBase::OnSessionDisconnected[000001D682C12388][708771917][ 4097]
CThostFtdcUserApiImplBase::OnSessionDisconnected[000001D682C12A88][708771918][ 4097]
CThostFtdcUserApiImplBase::OnSessionDisconnected[000001D682C12778][708771919][ 4097]
CThostFtdcUserApiImplBase::OnSessionDisconnected[000001D682C12A18][708771920][ 4097]
CThostFtdcUserApiImplBase::OnSessionDisconnected[000001D682C12E78][708837457][ 4097]
CThostFtdcUserApiImplBase::OnSessionDisconnected[000001D682C12468][708837458][ 4097]
CThostFtdcUserApiImplBase::OnSessionDisconnected[000001D682C12318][708837459][ 4097]
CThostFtdcUserApiImplBase::OnSessionDisconnected[000001D682C12A88][708837460][ 4097]
CThostFtdcUserApiImplBase::OnSessionDisconnected[000001D682C123F8][708837461][ 4097]
CThostFtdcUserApiImplBase::OnSessionDisconnected[000001D682C12318][708837462][ 4097]
CThostFtdcUserApiImplBase::OnSessionDisconnected[000001D682C12B68][708837463][ 4097]
CThostFtdcUserApiImplBase::OnSessionDisconnected[000001D682C12AF8][708837464][ 4097]
CThostFtdcUserApiImplBase::OnSessionDisconnected[000001D682C12B68][708837465][ 4097]
CThostFtdcUserApiImplBase::OnSessionDisconnected[000001D682C12388][708837466][ 4097]
CThostFtdcUserApiImplBase::OnSessionDisconnected[000001D682C12FC8][708903003][ 4097]
CThostFtdcUserApiImplBase::OnSessionDisconnected[000001D682C12318][708903004][ 4097]
CThostFtdcUserApiImplBase::OnSessionDisconnected[000001D682C13038][708903005][ 4097]
CThostFtdcUserApiImplBase::OnSessionDisconnected[000001D682C12778][708903006][ 4097]
CThostFtdcUserApiImplBase::OnSessionDisconnected[000001D682C12BD8][708903007][ 4097]
CThostFtdcUserApiImplBase::OnSessionDisconnected[000001D682C12468][708903008][ 4097]
CThostFtdcUserApiImplBase::OnSessionDisconnected[000001D682C12388][708903009][ 4097]
CThostFtdcUserApiImplBase::OnSessionDisconnected[000001D682C12A18][708903010][ 4097]
CThostFtdcUserApiImplBase::OnSessionDisconnected[000001D682C12318][708903011][ 4097]
CThostFtdcUserApiImplBase::OnSessionDisconnected[000001D682C12858][708968548][ 4097]
CThostFtdcUserApiImplBase::OnSessionDisconnected[000001D682C12AF8][708968549][ 4097]
CThostFtdcUserApiImplBase::OnSessionDisconnected[000001D682C12778][708968550][ 4097]
CThostFtdcUserApiImplBase::OnSessionDisconnected[000001D682C12388][708968551][ 4097]
CThostFtdcUserApiImplBase::OnSessionDisconnected[000001D682C12A18][708968552][ 4097]
CThostFtdcUserApiImplBase::OnSessionDisconnected[000001D682C12318][708968553][ 4097]
CThostFtdcUserApiImplBase::OnSessionDisconnected[000001D682C12858][708968554][ 4097]
CThostFtdcUserApiImplBase::OnSessionDisconnected[000001D682C12AF8][708968555][ 4097]
CThostFtdcUserApiImplBase::OnSessionDisconnected[000001D682C128C8][708968556][ 4097]
CThostFtdcUserApiImplBase::OnSessionDisconnected[000001D682C12318][709034093][ 4097]
CThostFtdcUserApiImplBase::OnSessionDisconnected[000001D682C12318][709034094][ 4097]
CThostFtdcUserApiImplBase::OnSessionDisconnected[000001D682C12778][709034095][ 4097]
CThostFtdcUserApiImplBase::OnSessionDisconnected[000001D682C12778][709034096][ 4097]
CThostFtdcUserApiImplBase::OnSessionDisconnected[000001D682C12778][709034097][ 4097]
CThostFtdcUserApiImplBase::OnSessionDisconnected[000001D682C12158][709034098][ 4097]
CThostFtdcUserApiImplBase::OnSessionDisconnected[000001D682C12158][709034099][ 4097]
CThostFtdcUserApiImplBase::OnSessionDisconnected[000001D682C12AF8][709034100][ 4097]
CThostFtdcUserApiImplBase::OnSessionDisconnected[000001D682C12B68][709034101][ 4097]
CThostFtdcUserApiImplBase::OnSessionDisconnected[000001D682C12A18][709034102][ 4097]
CThostFtdcUserApiImplBase::OnSessionDisconnected[000001D682C12318][709099639][ 4097]
CThostFtdcUserApiImplBase::OnSessionDisconnected[000001D682C12778][709099640][ 4097]
CThostFtdcUserApiImplBase::OnSessionDisconnected[000001D682C12E78][709099641][ 4097]
CThostFtdcUserApiImplBase::OnSessionDisconnected[000001D682C12E08][709099642][ 4097]
CThostFtdcUserApiImplBase::OnSessionDisconnected[000001D682C12468][709099643][ 4097]
CThostFtdcUserApiImplBase::OnSessionDisconnected[000001D682C12E08][709099644][ 4097]
CThostFtdcUserApiImplBase::OnSessionDisconnected[000001D682C12778][709099645][ 4097]
CThostFtdcUserApiImplBase::OnSessionDisconnected[000001D682C12E08][709099646][ 4097]
CThostFtdcUserApiImplBase::OnSessionDisconnected[000001D682C12388][709099647][ 4097]
CThostFtdcUserApiImplBase::OnSessionDisconnected[000001D682C12B68][709165184][ 4097]
CThostFtdcUserApiImplBase::OnSessionDisconnected[000001D682C12BD8][709165185][ 4097]
CThostFtdcUserApiImplBase::OnSessionDisconnected[000001D682C12938][709165186][ 4097]
CThostFtdcUserApiImplBase::OnSessionDisconnected[000001D682C12938][709165187][ 4097]
CThostFtdcUserApiImplBase::OnSessionDisconnected[000001D682C12E08][709165188][ 4097]
CThostFtdcUserApiImplBase::OnSessionDisconnected[000001D682C12E08][709165189][ 4097]
CThostFtdcUserApiImplBase::OnSessionDisconnected[000001D682C12F58][709165190][ 4097]
CThostFtdcUserApiImplBase::OnSessionDisconnected[000001D682C12FC8][709165191][ 4097]
CThostFtdcUserApiImplBase::OnSessionDisconnected[000001D682C127E8][709165192][ 4097]
CThostFtdcUserApiImplBase::OnSessionDisconnected[000001D682C12318][709165193][ 4097]
CThostFtdcUserApiImplBase::OnSessionDisconnected[000001D682C12318][709165194][ 4097]
CThostFtdcUserApiImplBase::OnSessionDisconnected[000001D682C12EE8][709230731][ 4097]
CThostFtdcUserApiImplBase::OnSessionDisconnected[000001D682C12938][709230732][ 4097]
CThostFtdcUserApiImplBase::OnSessionDisconnected[000001D682C12318][709230733][ 4097]
CThostFtdcUserApiImplBase::OnSessionDisconnected[000001D682C127E8][709230734][ 4097]
CThostFtdcUserApiImplBase::OnSessionDisconnected[000001D682C12E08][709230735][ 4097]
CThostFtdcUserApiImplBase::OnSessionDisconnected[000001D682C12778][709230736][ 4097]
CThostFtdcUserApiImplBase::OnSessionDisconnectedected: 4097
MD Front Disconnected: 4097
MD Front Disconnected: 4097
MD Front Disconnected: 4097
MD Front Disconnected: 4097
MD Front Disconnected: 4097
MD Front Disconnected: 4097
MD Front Disconnected: 4097
MD Front Disconnected: 4097
MD Front Disconnected: 4097
MD Front Disconnected: 4097
MD Front Disconnected: 4097
MD Front Disconnected: 4097
MD Front Disconnected: 4097
MD Front Disconnected: 4097
MD Front Disconnected: 4097
MD Front Disconnected: 4097
MD Front Disconnected: 4097
MD Front Disconnected: 4097
MD Front Disconnected: 4097
MD Front Disconnected: 4097
MD Front Disconnected: 4097
MD Front Disconnected: 4097
MD Front Disconnected: 4097
MD Front Disconnected: 4097
MD Front Disconnected: 4097
MD Front Disconnected: 4097
MD Front Disconnected: 4097
MD Front Disconnected: 4097
MD Front Disconnected: 4097
MD Front Disconnected: 4097
MD Front Disconnected: 4097
MD Front Disconnected: 4097
MD Front Disconnected: 4097
MD Front Disconnected: 4097
MD Front Disconnected: 4097
MD Front Disconnected: 4097
MD Front Disconnected: 4097
MD Front Disconnected: 4097
MD Front Disconnected: 4097
MD Front Disconnected: 4097
MD Front Disconnected: 4097
MD Front Disconnected: 4097
MD Front Disconnected: 4097
MD Front Disconnected: 4097
MD Front Disconnected: 4097
MD Front Disconnected: 4097
MD Front Disconnected: 4097
MD Front Disconnected: 4097
MD Front Disconnected: 4097
MD Front Disconnected: 4097
MD Front Disconnected: 4097
MD Front Disconnected: 4097
MD Front Disconnected: 4097
MD Front Disconnected: 4097
MD Front Disconnected: 4097
MD Front Disconnected: 4097
MD Front Disconnected: 4097
MD Front Disconnected: 4097
MD Front Disconnected: 4097
MD Front Disconnected: 4097
MD Front Disconnected: 4097
MD Front Disconnected: 4097
MD Front Disconnected: 4097
MD Front Disconnected: 4097
MD Front Disconnected: 4097
MD Front Disconnected: 4097
MD Front Disconnected: 4097
MD Front Disconnected: 4097
MD Front Disconnected: 4097
MD Front Disconnected: 4097
MD Front Disconnected: 4097
MD Front Disconnected: 4097
MD Front Disconnected: 4097
MD Front Disconnected: 4097
MD Front Disconnected: 4097
MD Front Disconnected: 4097
MD Front Disconnected: 4097
MD Front Disconnected: 4097
MD Front Disconnected: 4097
MD Front Disconnected: 4097
MD Front Disconnected: 4097
MD Front Disconnected: 4097
MD Front Disconnected: 4097
MD Front Disconnected: 4097
MD Front Disconnected: 4097
MD Front Disconnected: 4097
MD Front Disconnected: 4097
MD Front Disconnected: 4097
MD Front Disconnected: 4097
MD Front Disconnected: 4097
MD Front Disconnected: 4097
MD Front Disconnected: 4097
MD Front Disconnected: 4097
MD Front Disconnected: 4097
MD Front Disconnected: 4097
MD Front Disconnected: 4097
MD Front Disconnected: 4097
MD Front Disconnected: 4097
MD Front Disconnected: 4097
MD Front Disconnected: 4097
MD Front Disconnected: 4097
MD Front Disconnected: 4097
MD Front Disconnected: 4097
MD Front Disconnected: 4097
MD Front Disconnected: 4097
MD Front Disconnected: 4097
MD Front Disconnected: 4097
MD Front Disconnected: 4097
MD Front Disconnected: 4097
MD Front Disconnected: 4097
MD Front Disconnected: 4097
MD Front Disconnected: 4097
MD Front Disconnected: 4097
MD Front Disconnected: 4097
MD Front Disconnected: 4097
MD Front Disconnected: 4097
MD Front Disconnected: 4097
MD Front Disconnected: 4097
MD Front Disconnected: 4097
MD Front Disconnected: 4097
MD Front Disconnected: 4097
MD Front Disconnected: 4097
MD Front Disconnected: 4097
MD Front Disconnected: 4097
MD Front Disconnected: 4097
MD Front Disconnected: 4097
MD Front Disconnected: 4097
MD Front Disconnected: 4097
MD Front Disconnected: 4097
MD Front Disconnected: 4097
MD Front Disconnected: 4097
MD Front Disconnected: 4097
MD Front Disconnected: 4097
MD Front Disconnected: 4097
MD Front Disconnected: 4097
MD Front Disconnected: 4097
MD Front Disconnected: 4097
MD Front Disconnected: 4097
MD Front Disconnected: 4097
MD Front Disconnected: 4097
MD Front Disconnected: 4097
MD Front Disconnected: 4097
MD Front Disconnected: 4097
MD Front Disconnected: 4097
MD Front Disconnected: 4097
MD Front Disconnected: 4[000001D682C12318][709230737][ 4097]
CThostFtdcUserApiImplBase::OnSessionDisconnected[000001D682C123F8][709230738][ 4097]
CThostFtdcUserApiImplBase::OnSessionDisconnected[000001D682C12FC8][709230739][ 4097]
CThostFtdcUserApiImplBase::OnSessionDisconnected[000001D682C12778][709296276][ 4097]
CThostFtdcUserApiImplBase::OnSessionDisconnected[000001D682C12BD8][709296277][ 4097]
CThostFtdcUserApiImplBase::OnSessionDisconnected[000001D682C12BD8][709296278][ 4097]
CThostFtdcUserApiImplBase::OnSessionDisconnected[000001D682C13038][709296279][ 4097]
CThostFtdcUserApiImplBase::OnSessionDisconnected[000001D682C12858][709296280][ 4097]
CThostFtdcUserApiImplBase::OnSessionDisconnected[000001D682C12E08][709296281][ 4097]
CThostFtdcUserApiImplBase::OnSessionDisconnected[000001D682C12858][709296282][ 4097]
CThostFtdcUserApiImplBase::OnSessionDisconnected[000001D682C12318][709296283][ 4097]
CThostFtdcUserApiImplBase::OnSessionDisconnected[000001D682C12318][709296284][ 4097]
CThostFtdcUserApiImplBase::OnSessionDisconnected[000001D682C12778][709296285][ 4097]
CThostFtdcUserApiImplBase::OnSessionDisconnected[000001D682C128C8][709361822][ 4097]
CThostFtdcUserApiImplBase::OnSessionDisconnected[000001D682C12E08][709361823][ 4097]
CThostFtdcUserApiImplBase::OnSessionDisconnected[000001D682C12E08][709361824][ 4097]
CThostFtdcUserApiImplBase::OnSessionDisconnected[000001D682C12388][709361825][ 4097]
CThostFtdcUserApiImplBase::OnSessionDisconnected[000001D682C12778][709361826][ 4097]
CThostFtdcUserApiImplBase::OnSessionDisconnected[000001D682C12E08][709361827][ 4097]
CThostFtdcUserApiImplBase::OnSessionDisconnected[000001D682C12A88][709361828][ 4097]
CThostFtdcUserApiImplBase::OnSessionDisconnected[000001D682C12EE8][709361829][ 4097]
CThostFtdcUserApiImplBase::OnSessionDisconnected[000001D682C12318][709361830][ 4097]
CThostFtdcUserApiImplBase::OnSessionDisconnected[000001D682C12A18][709427367][ 4097]
CThostFtdcUserApiImplBase::OnSessionDisconnected[000001D682C12B68][709427368][ 4097]
CThostFtdcUserApiImplBase::OnSessionDisconnected[000001D682C12E08][709427369][ 4097]
CThostFtdcUserApiImplBase::OnSessionDisconnected[000001D682C123F8][709427370][ 4097]
CThostFtdcUserApiImplBase::OnSessionDisconnected[000001D682C12318][709427371][ 4097]
CThostFtdcUserApiImplBase::OnSessionDisconnected[000001D682C12A88][709427372][ 4097]
CThostFtdcUserApiImplBase::OnSessionDisconnected[000001D682C12A18][709427373][ 4097]
CThostFtdcUserApiImplBase::OnSessionDisconnected[000001D682C12E08][709427374][ 4097]
CThostFtdcUserApiImplBase::OnSessionDisconnected[000001D682C12318][709427375][ 4097]
CThostFtdcUserApiImplBase::OnSessionDisconnected[000001D682C12858][709427376][ 4097]
CThostFtdcUserApiImplBase::OnSessionDisconnected[000001D682C12A18][709492913][ 4097]
CThostFtdcUserApiImplBase::OnSessionDisconnected[000001D682C12E08][709492914][ 4097]
CThostFtdcUserApiImplBase::OnSessionDisconnected[000001D682C12778][709492915][ 4097]
CThostFtdcUserApiImplBase::OnSessionDisconnected[000001D682C12858][709492916][ 4097]
CThostFtdcUserApiImplBase::OnSessionDisconnected[000001D682C12A18][709492917][ 4097]
CThostFtdcUserApiImplBase::OnSessionDisconnected[000001D682C12A88][709492918][ 4097]
CThostFtdcUserApiImplBase::OnSessionDisconnected[000001D682C12778][709492919][ 4097]
CThostFtdcUserApiImplBase::OnSessionDisconnected[000001D682C12468][709492920][ 4097]
CThostFtdcUserApiImplBase::OnSessionDisconnected[000001D682C12E08][709492921][ 4097]
CThostFtdcUserApiImplBase::OnSessionDisconnected[000001D682C12A88][709558458][ 4097]
CThostFtdcUserApiImplBase::OnSessionDisconnected[000001D682C12A88][709558459][ 4097]
CThostFtdcUserApiImplBase::OnSessionDisconnected[000001D682C12BD8][709558460][ 4097]
CThostFtdcUserApiImplBase::OnSessionDisconnected[000001D682C128C8][709558461][ 4097]
CThostFtdcUserApiImplBase::OnSessionDisconnected[000001D682C12A18][709558462][ 4097]
CThostFtdcUserApiImplBase::OnSessionDisconnected[000001D682C12778][709558463][ 4097]
CThostFtdcUserApiImplBase::OnSessionDisconnected[000001D682C12318][709558464][ 4097]
CThostFtdcUserApiImplBase::OnSessionDisconnected[000001D682C123F8][709558465][ 4097]
CThostFtdcUserApiImplBase::OnSessionDisconnected[000001D682C12AF8][709558466][ 4097]
CThostFtdcUserApiImplBase::OnSessionDisconnected[000001D682C13038][709558467][ 4097]
CThostFtdcUserApiImplBase::OnSessionDisconnected[000001D682C12778][709624004][ 4097]
CThostFtdcUserApiImplBase::OnSessionDisconnected[000001D682C12318][709624005][ 4097]
CThostFtdcUserApiImplBase::OnSessionDisconnected[000001D682C12318][709624006][ 4097]
CThostFtdcUserApiImplBase::OnSessionDisconnected[000001D682C127E8][709624007][ 4097]
CThostFtdcUserApiImplBase::OnSessionDisconnected[000001D682C12468][709624008][ 4097]
CThostFtdcUserApiImplBase::OnSessionDisconnected[000001D682C123F8][709624009][ 4097]
CThostFtdcUserApiImplBase::OnSessionDisconnected[000001D682C12318][709689547][ 4097]
CThostFtdcUserApiImplBase::OnSessionDisconnected[000001D682C12AF8][709689548][ 4097]
CThostFtdcUserApiImplBase::OnSessionDisconnected[000001D682C12AF8][709689549][ 4097]
CThostFtdcUserApiImplBase::OnSessionDisconnected[000001D682C12318][709689550][ 4097]
CThostFtdcUserApiImplBase::OnSessionDisconnected[000001D682C123F8][709689551][ 4097]
CThostFtdcUserApiImplBase::OnSessionDisconnected[000001D682C12858][709689552][ 4097]
CThostFtdcUserApiImplBase::OnSessionDisconnected[000001D682C12FC8][709689553][ 4097]
CThostFtdcUserApiImplBase::OnSessionDisconnected[000001D682C12778][709689554][ 4097]
CThostFtdcUserApiImplBase::OnSessionDisconnected[000001D682C12A88][709755091][ 4097]
CThostFtdcUserApiImplBase::OnSessionDisconnected[000001D682C12778][709755092][ 4097]
CThostFtdcUserApiImplBase::OnSessionDisconnected[000001D682C12A18][709755093][ 4097]
CThostFtdcUserApiImplBase::OnSessionDisconnected[000001D682C12938][709755094][ 4097]
CThostFtdcUserApiImplBase::OnSessionDisconnected[000001D682C12778][709755095][ 4097]
CThostFtdcUserApiImplBase::OnSessionDisconnected[000001D682C12EE8][709755096][ 4097]
CThostFtdcUserApiImplBase::OnSessionDisconnected[000001D682C12778][709755097][ 4097]
CThostFtdcUserApiImplBase::OnSessionDisconnected[000001D682C128C8][709820634][ 4097]
CThostFtdcUserApiImplBase::OnSessionDisconnected[000001D682C123F8][709820635][ 4097]
CThostFtdcUserApiImplBase::OnSessionDisconnected[000001D682C12B68][709820636][ 4097]
CThostFtdcUserApiImplBase::OnSessionDisconnected[000001D682C12318][709820637][ 4097]
CThostFtdcUserApiImplBase::OnSessionDisconnected[000001D682C12858][709820638][ 4097]
CThostFtdcUserApiImplBase::OnSessionDisconnected[000001D682C12938][709820639][ 4097]
CThostFtdcUserApiImplBase::OnSessionDisconnected[000001D682C12938][709820640][ 4097]
CThostFtdcUserApiImplBase::OnSessionDisconnected[000001D682C128C8][709820641][ 4097]
CThostFtdcUserApiImplBase::OnSessionDisconnected[000001D682C12FC8][709820642][ 4097]
CThostFtdcUserApiImplBase::OnSessionDisconnected[000001D682C12A18][709820643][ 4097]
CThostFtdcUserApiImplBase::OnSessionDisconnected[000001D682C12A88][709886180][ 4097]
CThostFtdcUserApiImplBase::OnSessionDisconnected[000001D682C12318][709886181][ 4097]
CThostFtdcUserApiImplBase::OnSessionDisconnected[000001D682C12468][709886182][ 4097]
CThostFtdcUserApiImplBase::OnSessionDisconnected[000001D682C12FC8][709886183][ 4097]
CThostFtdcUserApiImplBase::OnSessionDisconnected[000001D682C12468][709886184][ 4097]
CThostFtdcUserApiImplBase::OnSessionDisconnected[000001D682C12A18][709886185][ 4097]
CThostFtdcUserApiImplBase::OnSessionDisconnected[000001D682C123F8][709886186][ 4097]
CThostFtdcUserApiImplBase::OnSessionDisconnected[000001D682C12FC8][709886187][ 4097]
CThostFtdcUserApiImplBase::OnSessionDisconnected[000001D682C12938][709951724][ 4097]
CThostFtdcUserApiImplBase::OnSessionDisconnected[000001D682C12318][709951725][ 4097]
CThostFtdcUserApiImplBase::OnSessionDisconnected[000001D682C12778][709951726][ 4097]
CThostFtdcUserApiImplBase::OnSessionDisconnected[000001D682C12778][709951727][ 4097]
CThostFtdcUserApiImplBase::OnSessionDisconnected[000001D682C12778][709951728][ 4097]
CThostFtdcUserApiImplBase::OnSessionDisconnected[000001D682C123F8][709951729][ 4097]
CThostFtdcUserApiImplBase::OnSessionDisconnected[000001D682C12A18][709951730][ 4097]
CThostFtdcUserApiImplBase::OnSessionDisconnected[000001D682C12E08][710017267][ 4097]
CThostFtdcUserApiImplBase::OnSessionDisconnected[000001D682C12158][710017268][ 4097]
CThostFtdcUserApiImplBase::OnSessionDisconnected[000001D682C12938][710017269][ 4097]
CThostFtdcUserApiImplBase::OnSessionDisconnected[000001D682C12318][710017270][ 4097]
CThostFtdcUserApiImplBase::OnSessionDisconnected[000001D682C12938][710017271][ 4097]
CThostFtdcUserApiImplBase::OnSessionDisconnected[000001D682C123F8][710017272][ 4097]
CThostFtdcUserApiImplBase::OnSessionDisconnected[000001D682C12B68][710017273][ 4097]
CThostFtdcUserApiImplBase::OnSessionDisconnected[000001D682C12778][710017274][ 4097]
CThostFtdcUserApiImplBase::OnSessionDisconnected[000001D682C12EE8][710017275][ 4097]
CThostFtdcUserApiImplBase::OnSessionDisconnected[000001D682C12A18][710017276][ 4097]
CThostFtdcUserApiImplBase::OnSessionDisconnected[000001D682C12158][710082813][ 4097]
CThostFtdcUserApiImplBase::OnSessionDisconnected[000001D682C128C8][710082814][ 4097]
CThostFtdcUserApiImplBase::OnSessionDisconnected[000001D682C12BD8][710082815][ 4097]
CThostFtdcUserApiImplBase::OnSessionDisconnected[000001D682C12318][710082816][ 4097]
CThostFtdcUserApiImplBase::OnSessionDisconnected[000001D682C12F58][710082817][ 4097]
CThostFtdcUserApiImplBase::OnSessionDisconnected[000001D682C12E08][710082818][ 4097]
CThostFtdcUserApiImplBase::OnSessionDisconnected[000001D682C12E08][710082819][ 4097]
CThostFtdcUserApiImplBase::OnSessionDisconnected[000001D682C12F58][710082820][ 4097]
CThostFtdcUserApiImplBase::OnSessionDisconnected[000001D682C12AF8][710082821][ 4097]
CThostFtdcUserApiImplBase::OnSessionDisconnected[000001D682C12778][710148358][ 4097]
CThostFtdcUserApiImplBase::OnSessionDisconnected[000001D682C127E8][710148359][ 4097]
CThostFtdcUserApiImplBase::OnSessionDisconnected[000001D682C12E08][710148360][ 4097]
CThostFtdcUserApiImplBase::OnSessionDisconnected[000001D682C12A88][710148361][ 4097]
CThostFtdcUserApiImplBase::OnSessionDisconnected[000001D682C12E08][710148362][ 4097]
CThostFtdcUserApiImplBase::OnSessionDisconnected[000001D682C12F58][710148363][ 4097]
CThostFtdcUserApiImplBase::OnSessionDisconnected[000001D682C12778][710148364][ 4097]
CThostFtdcUserApiImplBase::OnSessionDisconnected[000001D682C12E08][710148365][ 4097]
CThostFtdcUserApiImplBase::OnSessionDisconnected[000001D682C123F8][710213902][ 4097]
CThostFtdcUserApiImplBase::OnSessionDisconnected[000001D682C12778][710213903][ 4097]
CThostFtdcUserApiImplBase::OnSessionDisconnected[000001D682C12778][710213904][ 4097]
CThostFtdcUserApiImplBase::OnSessionDisconnected[000001D682C128C8][710213905][ 4097]
CThostFtdcUserApiImplBase::OnSessionDisconnected[000001D682C12A18][710213906][ 4097]
CThostFtdcUserApiImplBase::OnSessionDisconnected[000001D682C12388][710213907][ 4097]
CThostFtdcUserApiImplBase::OnSessionDisconnected[000001D682C12778][710213908][ 4097]
CThostFtdcUserApiImplBase::OnSessionDisconnected[000001D682C13038][710213909][ 4097]
CThostFtdcUserApiImplBase::OnSessionDisconnected[000001D682C12778][710213910][ 4097]
CThostFtdcUserApiImplBase::OnSessionDisconnected[000001D682C123F8][710213911][ 4097]
CThostFtdcUserApiImplBase::OnSessionDisconnected[000001D682C12B68][710279448][ 4097]
CThostFtdcUserApiImplBase::OnSessionDisconnected[000001D682C12388][710279449][ 4097]
CThostFtdcUserApiImplBase::OnSessionDisconnected[000001D682C13038][710279450][ 4097]
CThostFtdcUserApiImplBase::OnSessionDisconnected[000001D682C12A18][710279451][ 4097]
CThostFtdcUserApiImplBase::OnSessionDisconnected[000001D682C12778][710279452][ 4097]
CThostFtdcUserApiImplBase::OnSessionDisconnected[000001D682C12778][710279453][ 4097]
CThostFtdcUserApiImplBase::OnSessionDisconnected[000001D682C12F58][710279454][ 4097]
CThostFtdcUserApiImplBase::OnSessionDisconnected[000001D682C12AF8][710279455][ 4097]
CThostFtdcUserApiImplBase::OnSessionDisconnected[000001D682C128C8][710279456][ 4097]
CThostFtdcUserApiImplBase::OnSessionDisconnected[000001D682C12778][710344993][ 4097]
CThostFtdcUserApiImplBase::OnSessionDisconnected[000001D682C12A18][710344994][ 4097]
CThostFtdcU097
MD Front Disconnected: 4097
MD Front Disconnected: 4097
MD Front Disconnected: 4097
MD Front Disconnected: 4097
MD Front Disconnected: 4097
MD Front Disconnected: 4097
MD Front Disconnected: 4097
MD Front Disconnected: 4097
MD Front Disconnected: 4097
MD Front Disconnected: 4097
MD Front Disconnected: 4097
MD Front Disconnected: 4097
MD Front Disconnected: 4097
MD Front Disconnected: 4097
MD Front Disconnected: 4097
MD Front Disconnected: 4097
MD Front Disconnected: 4097
MD Front Disconnected: 4097
MD Front Disconnected: 4097
MD Front Disconnected: 4097
MD Front Disconnected: 4097
MD Front Disconnected: 4097
MD Front Disconnected: 4097
MD Front Disconnected: 4097
MD Front Disconnected: 4097
MD Front Disconnected: 4097
MD Front Disconnected: 4097
MD Front Disconnected: 4097
MD Front Disconnected: 4097
MD Front Disconnected: 4097
MD Front Disconnected: 4097
MD Front Disconnected: 4097
MD Front Disconnected: 4097
MD Front Disconnected: 4097
MD Front Disconnected: 4097
MD Front Disconnected: 4097
MD Front Disconnected: 4097
MD Front Disconnected: 4097
MD Front Disconnected: 4097
MD Front Disconnected: 4097
MD Front Disconnected: 4097
MD Front Disconnected: 4097
MD Front Disconnected: 4097
MD Front Disconnected: 4097
MD Front Disconnected: 4097
MD Front Disconnected: 4097
MD Front Disconnected: 4097
MD Front Disconnected: 4097
MD Front Disconnected: 4097
MD Front Disconnected: 4097
MD Front Disconnected: 4097
MD Front Disconnected: 4097
MD Front Disconnected: 4097
MD Front Disconnected: 4097
MD Front Disconnected: 4097
MD Front Disconnected: 4097
MD Front Disconnected: 4097
MD Front Disconnected: 4097
MD Front Disconnected: 4097
MD Front Disconnected: 4097
MD Front Disconnected: 4097
MD Front Disconnected: 4097
MD Front Disconnected: 4097
MD Front Disconnected: 4097
MD Front Disconnected: 4097
MD Front Disconnected: 4097
MD Front Disconnected: 4097
MD Front Disconnected: 4097
MD Front Disconnected: 4097
MD Front Disconnected: 4097
MD Front Disconnected: 4097
MD Front Disconnected: 4097
MD Front Disconnected: 4097
MD Front Disconnected: 4097
MD Front Disconnected: 4097
MD Front Disconnected: 4097
MD Front Disconnected: 4097
MD Front Disconnected: 4097
MD Front Disconnected: 4097
MD Front Disconnected: 4097
MD Front Disconnected: 4097
MD Front Disconnected: 4097
MD Front Disconnected: 4097
MD Front Disconnected: 4097
MD Front Disconnected: 4097
MD Front Disconnected: 4097
MD Front Disconnected: 4097
MD Front Disconnected: 4097
MD Front Disconnected: 4097
MD Front Disconnected: 4097
MD Front Disconnected: 4097
MD Front Disconnected: 4097
MD Front Disconnected: 4097
MD Front Disconnected: 4097
MD Front Disconnected: 4097
MD Front Disconnected: 4097
MD Front Disconnected: 4097
MD Front Disconnected: 4097
MD Front Disconnected: 4097
MD Front Disconnected: 4097
MD Front Disconnected: 4097
MD Front Disconnected: 4097
MD Front Disconnected: 4097
MD Front Disconnected: 4097
MD Front Disconnected: 4097
MD Front Disconnected: 4097
MD Front Disconnected: 4097
MD Front Disconnected: 4097
MD Front Disconnected: 4097
MD Front Disconnected: 4097
MD Front Disconnected: 4097
MD Front Disconnected: 4097
MD Front Disconnected: 4097
MD Front Disconnected: 4097
MD Front Disconnected: 4097
MD Front Disconnected: 4097
MD Front Disconnected: 4097
MD Front Disconnected: 4097
MD Front Disconnected: 4097
MD Front Disconnected: 4097
MD Front Disconnected: 4097
MD Front Disconnected: 4097
MD Front Disconnected: 4097
MD Front Disconnected: 4097
MD Front Disconnected: 4097
MD Front Disconnected: 4097
MD Front Disconnected: 4097
MD Front Disconnected: 4097
MD Front Disconnected: 4097
MD Front Disconnected: 4097
MD Front Disconnected: 4097
MD Front Disconnected: 4097
MD Front Disconnected: 4097
MD Front Disconnected: 4097
MD Front Disconnected: 4097
MD Front Disconnected: 4097
MD Front Disconnected: 4097
MD Front Disconnected: 4097
MD Front Disconnected: 4097
MD Front Disconnected: 4097
MD Front Disconnected: 4097
MD Front Disconnected: 4097
MD Front Disconnected: 4097
MD Front Disconnected: 4097
MD Front Disconnected: 4097
MD Front Disconnected: 4097
MD FserApiImplBase::OnSessionDisconnected[000001D682C12158][710344995][ 4097]
CThostFtdcUserApiImplBase::OnSessionDisconnected[000001D682C12318][710344996][ 4097]
CThostFtdcUserApiImplBase::OnSessionDisconnected[000001D682C12EE8][710344997][ 4097]
CThostFtdcUserApiImplBase::OnSessionDisconnected[000001D682C12EE8][710344998][ 4097]
CThostFtdcUserApiImplBase::OnSessionDisconnected[000001D682C12778][710344999][ 4097]
CThostFtdcUserApiImplBase::OnSessionDisconnected[000001D682C12318][710345000][ 4097]
CThostFtdcUserApiImplBase::OnSessionDisconnected[000001D682C12AF8][710345001][ 4097]
CThostFtdcUserApiImplBase::OnSessionDisconnected[000001D682C12E78][710345002][ 4097]
CThostFtdcUserApiImplBase::OnSessionDisconnected[000001D682C12E08][710410539][ 4097]
CThostFtdcUserApiImplBase::OnSessionDisconnected[000001D682C12EE8][710410540][ 4097]
CThostFtdcUserApiImplBase::OnSessionDisconnected[000001D682C12388][710410541][ 4097]
CThostFtdcUserApiImplBase::OnSessionDisconnected[000001D682C12468][710410542][ 4097]
CThostFtdcUserApiImplBase::OnSessionDisconnected[000001D682C12AF8][710410543][ 4097]
CThostFtdcUserApiImplBase::OnSessionDisconnected[000001D682C12778][710410544][ 4097]
CThostFtdcUserApiImplBase::OnSessionDisconnected[000001D682C12778][710410545][ 4097]
CThostFtdcUserApiImplBase::OnSessionDisconnected[000001D682C127E8][710410546][ 4097]
CThostFtdcUserApiImplBase::OnSessionDisconnected[000001D682C12778][710410547][ 4097]
CThostFtdcUserApiImplBase::OnSessionDisconnected[000001D682C128C8][710410548][ 4097]
CThostFtdcUserApiImplBase::OnSessionDisconnected[000001D682C12E08][710476085][ 4097]
CThostFtdcUserApiImplBase::OnSessionDisconnected[000001D682C12318][710476086][ 4097]
CThostFtdcUserApiImplBase::OnSessionDisconnected[000001D682C12AF8][710476087][ 4097]
CThostFtdcUserApiImplBase::OnSessionDisconnected[000001D682C12E08][710476088][ 4097]
CThostFtdcUserApiImplBase::OnSessionDisconnected[000001D682C12778][710476089][ 4097]
CThostFtdcUserApiImplBase::OnSessionDisconnected[000001D682C12778][710476090][ 4097]
CThostFtdcUserApiImplBase::OnSessionDisconnected[000001D682C12E08][710476091][ 4097]
CThostFtdcUserApiImplBase::OnSessionDisconnected[000001D682C12E08][710476092][ 4097]
CThostFtdcUserApiImplBase::OnSessionDisconnected[000001D682C12A88][710476093][ 4097]
CThostFtdcUserApiImplBase::OnSessionDisconnected[000001D682C12468][710541630][ 4097]
CThostFtdcUserApiImplBase::OnSessionDisconnected[000001D682C12778][710541631][ 4097]
CThostFtdcUserApiImplBase::OnSessionDisconnected[000001D682C13038][710541632][ 4097]
CThostFtdcUserApiImplBase::OnSessionDisconnected[000001D682C12A18][710541633][ 4097]
CThostFtdcUserApiImplBase::OnSessionDisconnected[000001D682C12318][710541634][ 4097]
CThostFtdcUserApiImplBase::OnSessionDisconnected[000001D682C12388][710541635][ 4097]
CThostFtdcUserApiImplBase::OnSessionDisconnected[000001D682C12AF8][710541636][ 4097]
CThostFtdcUserApiImplBase::OnSessionDisconnected[000001D682C123F8][710541637][ 4097]
CThostFtdcUserApiImplBase::OnSessionDisconnected[000001D682C12778][710541638][ 4097]
CThostFtdcUserApiImplBase::OnSessionDisconnected[000001D682C12778][710541639][ 4097]
CThostFtdcUserApiImplBase::OnSessionDisconnected[000001D682C127E8][710607176][ 4097]
CThostFtdcUserApiImplBase::OnSessionDisconnected[000001D682C12318][710607177][ 4097]
CThostFtdcUserApiImplBase::OnSessionDisconnected[000001D682C12E08][710607178][ 4097]
CThostFtdcUserApiImplBase::OnSessionDisconnected[000001D682C12318][710607179][ 4097]
CThostFtdcUserApiImplBase::OnSessionDisconnected[000001D682C12778][710607180][ 4097]
CThostFtdcUserApiImplBase::OnSessionDisconnected[000001D682C12778][710607181][ 4097]
CThostFtdcUserApiImplBase::OnSessionDisconnected[000001D682C12E08][710607182][ 4097]
CThostFtdcUserApiImplBase::OnSessionDisconnected[000001D682C12318][710607183][ 4097]
CThostFtdcUserApiImplBase::OnSessionDisconnected[000001D682C12778][710607184][ 4097]
CThostFtdcUserApiImplBase::OnSessionDisconnected[000001D682C12A18][710672721][ 4097]
CThostFtdcUserApiImplBase::OnSessionDisconnected[000001D682C12A88][710672722][ 4097]
CThostFtdcUserApiImplBase::OnSessionDisconnected[000001D682C12318][710672723][ 4097]
CThostFtdcUserApiImplBase::OnSessionDisconnected[000001D682C12858][710672724][ 4097]
CThostFtdcUserApiImplBase::OnSessionDisconnected[000001D682C12A18][710672725][ 4097]
CThostFtdcUserApiImplBase::OnSessionDisconnected[000001D682C12778][710672726][ 4097]
CThostFtdcUserApiImplBase::OnSessionDisconnected[000001D682C12EE8][710672727][ 4097]
CThostFtdcUserApiImplBase::OnSessionDisconnected[000001D682C12318][710672728][ 4097]
CThostFtdcUserApiImplBase::OnSessionDisconnected[000001D682C12318][710672729][ 4097]
CThostFtdcUserApiImplBase::OnSessionDisconnected[000001D682C12318][710672730][ 4097]
CThostFtdcUserApiImplBase::OnSessionDisconnected[000001D682C128C8][710738267][ 4097]
CThostFtdcUserApiImplBase::OnSessionDisconnected[000001D682C12F58][710738268][ 4097]
CThostFtdcUserApiImplBase::OnSessionDisconnected[000001D682C12E08][710738269][ 4097]
CThostFtdcUserApiImplBase::OnSessionDisconnected[000001D682C12BD8][710738270][ 4097]
CThostFtdcUserApiImplBase::OnSessionDisconnected[000001D682C12778][710738271][ 4097]
CThostFtdcUserApiImplBase::OnSessionDisconnected[000001D682C12318][710738272][ 4097]
CThostFtdcUserApiImplBase::OnSessionDisconnected[000001D682C127E8][710738273][ 4097]
CThostFtdcUserApiImplBase::OnSessionDisconnected[000001D682C12158][710738274][ 4097]
CThostFtdcUserApiImplBase::OnSessionDisconnected[000001D682C12778][710738275][ 4097]
CThostFtdcUserApiImplBase::OnSessionDisconnected[000001D682C123F8][710738276][ 4097]
CThostFtdcUserApiImplBase::OnSessionDisconnected[000001D682C12E08][710803813][ 4097]
CThostFtdcUserApiImplBase::OnSessionDisconnected[000001D682C12858][710803814][ 4097]
CThostFtdcUserApiImplBase::OnSessionDisconnected[000001D682C12388][710803815][ 4097]
CThostFtdcUserApiImplBase::OnSessionDisconnected[000001D682C12FC8][710803816][ 4097]
CThostFtdcUserApiImplBase::OnSessionDisconnected[000001D682C12778][710803817][ 4097]
CThostFtdcUserApiImplBase::OnSessionDisconnected[000001D682C127E8][710803818][ 4097]
CThostFtdcUserApiImplBase::OnSessionDisconnected[000001D682C12EE8][710803819][ 4097]
CThostFtdcUserApiImplBase::OnSessionDisconnected[000001D682C12E78][710803820][ 4097]
CThostFtdcUserApiImplBase::OnSessionDisconnected[000001D682C12778][710803821][ 4097]
CThostFtdcUserApiImplBase::OnSessionDisconnected[000001D682C12778][710803822][ 4097]
CThostFtdcUserApiImplBase::OnSessionDisconnected[000001D682C12E08][710869359][ 4097]
CThostFtdcUserApiImplBase::OnSessionDisconnected[000001D682C12A18][710869360][ 4097]
CThostFtdcUserApiImplBase::OnSessionDisconnected[000001D682C12E08][710869361][ 4097]
CThostFtdcUserApiImplBase::OnSessionDisconnected[000001D682C12158][710869362][ 4097]
CThostFtdcUserApiImplBase::OnSessionDisconnected[000001D682C12B68][710869363][ 4097]
CThostFtdcUserApiImplBase::OnSessionDisconnected[000001D682C12A18][710869364][ 4097]
CThostFtdcUserApiImplBase::OnSessionDisconnected[000001D682C12E08][710869365][ 4097]
CThostFtdcUserApiImplBase::OnSessionDisconnected[000001D682C12A18][710869366][ 4097]
CThostFtdcUserApiImplBase::OnSessionDisconnected[000001D682C12A18][710869367][ 4097]
CThostFtdcUserApiImplBase::OnSessionDisconnected[000001D682C12FC8][710934904][ 4097]
CThostFtdcUserApiImplBase::OnSessionDisconnected[000001D682C12388][710934905][ 4097]
CThostFtdcUserApiImplBase::OnSessionDisconnected[000001D682C12158][710934906][ 4097]
CThostFtdcUserApiImplBase::OnSessionDisconnected[000001D682C13038][710934907][ 4097]
CThostFtdcUserApiImplBase::OnSessionDisconnected[000001D682C12E78][710934908][ 4097]
CThostFtdcUserApiImplBase::OnSessionDisconnected[000001D682C12778][710934909][ 4097]
CThostFtdcUserApiImplBase::OnSessionDisconnected[000001D682C12388][710934910][ 4097]
CThostFtdcUserApiImplBase::OnSessionDisconnected[000001D682C12318][710934911][ 4097]
CThostFtdcUserApiImplBase::OnSessionDisconnected[000001D682C12EE8][710934912][ 4097]
CThostFtdcUserApiImplBase::OnSessionDisconnected[000001D682C12A18][711000449][ 4097]
CThostFtdcUserApiImplBase::OnSessionDisconnected[000001D682C12778][711000450][ 4097]
CThostFtdcUserApiImplBase::OnSessionDisconn097]
CThostFtdcUserApiImplBase::OnSessionDisconnected[000001D682C123F8][707985651][ 4097]
CThostFtdcUserApiImplBase::OnSessionDisconnected[000001D682C12318][707985652][ 4097]
CThostFtdcUserApiImplBase::OnSessionDisconnected[000001D682C123F8][707985653][ 4097]
CThostFtdcUserApiImplBase::OnSessionDisconnected[000001D682C123F8][708051190][ 4097]
CThostFtdcUserApiImplBase::OnSessionDisconnected[000001D682C12318][708051191][ 4097]
CThostFtdcUserApiImplBase::OnSessionDisconnected[000001D682C12468][708051192][ 4097]
CThostFtdcUserApiImplBase::OnSessionDisconnected[000001D682C12318][708051193][ 4097]
CThostFtdcUserApiImplBase::OnSessionDisconnected[000001D682C12938][708051194][ 4097]
CThostFtdcUserApiImplBase::OnSessionDisconnected[000001D682C12E08][708051195][ 4097]
CThostFtdcUserApiImplBase::OnSessionDisconnected[000001D682C12BD8][708051196][ 4097]
CThostFtdcUserApiImplBase::OnSessionDisconnected[000001D682C12778][708116733][ 4097]
CThostFtdcUserApiImplBase::OnSessionDisconnected[000001D682C12D28][708116734][ 4097]
CThostFtdcUserApiImplBase::OnSessionDisconnected[000001D682C12B68][708116735][ 4097]
CThostFtdcUserApiImplBase::OnSessionDisconnected[000001D682C12778][708116736][ 4097]
CThostFtdcUserApiImplBase::OnSessionDisconnected[000001D682C12778][708116737][ 4097]
CThostFtdcUserApiImplBase::OnSessionDisconnected[000001D682C127E8][708116738][ 4097]
CThostFtdcUserApiImplBase::OnSessionDisconnected[000001D682C12778][708116739][ 4097]
CThostFtdcUserApiImplBase::OnSessionDisconnected[000001D682C12BD8][708182276][ 4097]
CThostFtdcUserApiImplBase::OnSessionDisconnected[000001D682C12A18][708182277][ 4097]
CThostFtdcUserApiImplBase::OnSessionDisconnected[000001D682C12778][708182278][ 4097]
CThostFtdcUserApiImplBase::OnSessionDisconnected[000001D682C12D28][708182279][ 4097]
CThostFtdcUserApiImplBase::OnSessionDisconnected[000001D682C12B68][708182280][ 4097]
CThostFtdcUserApiImplBase::OnSessionDisconnected[000001D682C12F58][708182281][ 4097]
CThostFtdcUserApiImplBase::OnSessionDisconnected[000001D682C12E78][708182282][ 4097]
CThostFtdcUserApiImplBase::OnSessionDisconnected[000001D682C12858][708182283][ 4097]
CThostFtdcUserApiImplBase::OnSessionDisconnected[000001D682C12D28][708247820][    0]
CThostFtdcUserApiImplBase::OnSessionDisconnected[000001D682C12EE8][711065869][ 4097]
CThostFtdcUserApiImplBase::OnSessionDisconnected[000001D682C12F58][711065870][ 4097]
CThostFtdcUserApiImplBase::OnSessionDisconnected[000001D682C12778][711131407][ 4097]
CThostFtdcUserApiImplBase::OnSessionDisconnected[000001D682C12858][711131408][ 4097]
CThostFtdcUserApiImplBase::OnSessionDisconnected[000001D682C12778][711131409][ 4097]
CThostFtdcUserApiImplBase::OnSessionDisconnected[000001D682C12A88][711131410][ 4097]
CThostFtdcUserApiImplBase::OnSessionDisconnected[000001D682C128C8][711131411][ 4097]
CThostFtdcUserApiImplBase::OnSessionDisconnected[000001D682C12858][711131412][ 4097]
CThostFtdcUserApiImplBase::OnSessionDisconnected[000001D682C128C8][711131413][ 4097]
CThostFtdcUserApiImplBase::OnSessionDisconnected[000001D682C12938][711131414][ 4097]
CThostFtdcUserApiImplBase::OnSessionDisconnected[000001D682C12318][711196951][ 4097]
CThostFtdcUserApiImplBase::OnSessionDisconnected[000001D682C12E08][711196952][ 4097]
CThostFtdcUserApiImplBase::OnSessionDisconnected[000001D682C12778][711196953][ 4097]
CThostFtdcUserApiImplBase::OnSessionDisconnected[000001D682C12B68][711196954][ 4097]
CThostFtdcUserApiImplBase::OnSessionDisconnected[000001D682C12158][711196955][ 4097]
CThostFtdcUserApiImplBase::OnSessionDisconnected[000001D682C12778][711196956][ 4097]
CThostFtdcUserApiImplBase::OnSessionDisconnected[000001D682C12318][711196957][ 4097]
CThostFtdcUserApiImplBase::OnSessionDisconnected[000001D682C12938][711196958][ 4097]
CThostFtdcUserApiImplBase::OnSessionDisconnected[000001D682C12858][711262495][ 4097]
CThostFtdcUserApiImplBase::OnSessionDisconnected[000001D682C13038][711262496][ 4097]
CThostFtdcUserApiImplBase::OnSessionDisconnected[000001D682C12EE8][711262497][ 4097]
CThostFtdcUserApiImplBase::OnSessionDisconnected[000001D682C12778][711262498][ 4097]
CThostFtdcUserApiImplBase::OnSessionDisconnected[000001D682C12778][711262499][ 4097]
CThostFtdcUserApiImplBase::OnSessionDisconnected[000001D682C12FC8][711262500][ 4097]
CThostFtdcUserApiImplBase::OnSessionDisconnected[000001D682C12AF8][711262501][ 4097]
CThostFtdcUserApiImplBase::OnSessionDisconnected[000001D682C12778][711262502][ 4097]
CThostFtdcUserApiImplBase::OnSessionDisconnected[000001D682C12778][711328039][ 4097]
CThostFtdcUserApiImplBase::OnSessionDisconnected[000001D682C12A18][711328040][ 4097]
CThostFtdcUserApiImplBase::OnSessionDisconnected[000001D682C12388][711328041][ 4097]
CThostFtdcUserApiImplBase::OnSessionDisconnected[000001D682C12158][711328042][ 4097]
CThostFtdcUserApiImplBase::OnSessionDisconnected[000001D682C12E08][711328043][ 4097]
CThostFtdcUserApiImplBase::OnSessionDisconnected[000001D682C123F8][711328044][ 4097]
CThostFtdcUserApiImplBase::OnSessionDisconnected[000001D682C12BD8][711328045][ 4097]
CThostFtdcUserApiImplBase::OnSessionDisconnected[000001D682C12E08][711393582][ 4097]
CThostFtdcUserApiImplBase::OnSessionDisconnected[000001D682C12778][711393583][ 4097]
CThostFtdcUserApiImplBase::OnSessionDisconnected[000001D682C13038][711393584][ 4097]
CThostFtdcUserApiImplBase::OnSessionDisconnected[000001D682C12938][711393585][ 4097]
CThostFtdcUserApiImplBase::OnSessionDisconnected[000001D682C12A18][711393586][ 4097]
CThostFtdcUserApiImplBase::OnSessionDisconnected[000001D682C12388][711393587][ 4097]
CThostFtdcUserApiImplBase::OnSessionDisconnected[000001D682C12A88][711393588][ 4097]
CThostFtdcUserApiImplBase::OnSessionDisconnected[000001D682C12858][711393589][ 4097]
CThostFtdcUserApiImplBase::OnSessionDisconnected[000001D682C123F8][711459126][ 4097]
CThostFtdcUserApiImplBase::OnSessionDisconnected[000001D682C12858][711459127][ 4097]
CThostFtdcUserApiImplBase::OnSessionDisconnected[000001D682C127E8][711459128][ 4097]
CThostFtdcUserApiImplBase::OnSessionDisconnected[000001D682C12388][711459129][ 4097]
CThostFtdcUserApiImplBase::OnSessionDisconnected[000001D682C12AF8][711459130][ 4097]
CThostFtdcUserApiImplBase::OnSessionDisconnected[000001D682C12F58][711459131][ 4097]
CThostFtdcUserApiImplBase::OnSessionDisconnected[000001D682C12778][711459132][ 4097]
CThostFtdcUserApiImplBase::OnSessionDisconnected[000001D682C12778][711459133][ 4097]
CThostFtdcUserApiImplBase::OnSessionDisconnected[000001D682C12E08][711524670][ 4097]
CThostFtdcUserApiImplBase::OnSessionDisconnected[000001D682C12318][711524671][ 4097]
CThostFtdcUserApiImplBase::OnSessionDisconnected[000001D682C128C8][711524672][ 4097]
CThostFtdcUserApiImplBase::OnSessionDisconnected[000001D682C123F8][711524673][ 4097]
CThostFtdcUserApiImplBase::OnSessionDisconnected[000001D682C12778][711524674][ 4097]
CThostFtdcUserApiImplBase::OnSessionDisconnected[000001D682C12AF8][711524675][ 4097]
CThostFtdcUserApiImplBase::OnSessionDisconnected[000001D682C127E8][711524676][ 4097]
CThostFtdcUserApiImplBase::OnSessionDisconnected[000001D682C12B68][711524677][ 4097]
CThostFtdcUserApiImplBase::OnSessionDisconnected[000001D682C12938][711590214][ 4097]
CThostFtdcUserApiImplBase::OnSessionDisconnected[000001D682C12E78][711590215][ 4097]
CThostFtdcUserApiImplBase::OnSessionDisconnected[000001D682C12AF8][711590216][ 4097]
CThostFtdcUserApiImplBase::OnSessionDisconnected[000001D682C12938][711590217][ 4097]
CThostFtdcUserApiImplBase::OnSessionDisconnected[000001D682C12778][711590218][ 4097]
CThostFtdcUserApiImplBase::OnSessionDisconnected[000001D682C12778][711590219][ 4097]
CThostFtdcUserApiImplBase::OnSessionDisconnected[000001D682C12EE8][711590220][ 4097]
CThostFtdcUserApiImplBase::OnSessionDisconnected[000001D682C127E8][711590221][ 4097]
CThostFtdcUserApiImplBase::OnSessionDisconnected[000001D682C12318][711655758][ 4097]
CThostFtdcUserApiImplBase::OnSessionDisconnected[000001D682C12318][711655759][ 4097]
CThostFtdcUserApiImplBase::OnSessionDisconnected[000001D682C12778][711655760][ 4097]
CThostFtdcUserApiImplBase::OnSessionDisconnected[000001D682C12318][711655761][ 4097]
CThostFtdcUserApiImplBase::OnSessionDisconnected[000001D682C12E08][711655762][ 4097]
CThostFtdcUserApiImplBase::ront Disconnected: 4097
MD Front Disconnected: 4097
MD Front Disconnected: 4097
MD Front Disconnected: 4097
MD Front Disconnected: 4097
MD Front Disconnected: 4097
MD Front Disconnected: 4097
MD Front Disconnected: 4097
MD Front Disconnected: 4097
MD Front Disconnected: 4097
MD Front Disconnected: 4097
MD Front Disconnected: 4097
MD Front Disconnected: 4097
MD Front Disconnected: 4097
MD Front Disconnected: 4097
MD Front Disconnected: 4097
MD Front Disconnected: 4097
MD Front Disconnected: 4097
MD Front Disconnected: 4097
MD Front Disconnected: 4097
MD Front Disconnected: 4097
MD Front Disconnected: 4097
MD Front Disconnected: 4097
MD Front Disconnected: 4097
MD Front Disconnected: 4097
MD Front Disconnected: 4097
MD Front Disconnected: 4097
MD Front Disconnected: 4097
MD Front Disconnected: 4097
MD Front Disconnected: 4097
MD Front Disconnected: 4097
MD Front Disconnected: 4097
MD Front Disconnected: 4097
MD Front Disconnected: 4097
MD Front Disconnected: 4097
MD Front Disconnected: 4097
MD Front Disconnected: 4097
MD Front Disconnected: 4097
MD Front Disconnected: 4097
MD Front Disconnected: 4097
MD Front Disconnected: 4097
MD Front Disconnected: 4097
MD Front Disconnected: 4097
MD Front Disconnected: 4097
MD Front Disconnected: 4097
MD Front Disconnected: 4097
MD Front Disconnected: 4097
MD Front Disconnected: 4097
MD Front Disconnected: 4097
MD Front Disconnected: 4097
MD Front Disconnected: 4097
MD Front Disconnected: 4097
MD Front Disconnected: 4097
MD Front Disconnected: 4097
MD Front Disconnected: 4097
MD Front Disconnected: 4097
MD Front Disconnected: 4097
MD Front Disconnected: 4097
MD Front Disconnected: 4097
MD Front Disconnected: 4097
MD Front Disconnected: 4097
MD Front Disconnected: 4097
MD Front Disconnected: 4097
MD Front Disconnected: 4097
MD Front Disconnected: 4097
MD Front Disconnected: 4097
MD Front Disconnected: 4097
MD Front Disconnected: 4097
MD Front Disconnected: 4097
MD Front Disconnected: 4097
MD Front Disconnected: 4097
MD Front Disconnected: 4097
MD Front Disconnected: 4097
MD Front Disconnected: 4097
MD Front Disconnected: 4097
MD Front Disconnected: 4097
TD Front Disconnected: 4097
TD Front Disconnected: 4097
TD Front Disconnected: 4097
TD Front Disconnected: 4097
TD Front Disconnected: 4097
TD Front Disconnected: 4097
TD Front Disconnected: 4097
TD Front Disconnected: 4097
TD Front Disconnected: 4097
TD Front Disconnected: 4097
TD Front Disconnected: 4097
TD Front Disconnected: 4097
TD Front Disconnected: 4097
TD Front Disconnected: 4097
TD Front Disconnected: 4097
TD Front Disconnected: 4097
TD Front Disconnected: 4097
TD Front Disconnected: 4097
TD Front Disconnected: 4097
TD Front Disconnected: 4097
TD Front Disconnected: 4097
TD Front Disconnected: 4097
TD Front Disconnected: 4097
TD Front Disconnected: 4097
TD Front Disconnected: 4097
TD Front Disconnected: 4097
TD Front Disconnected: 4097
TD Front Disconnected: 4097
TD Front Disconnected: 4097
TD Front Disconnected: 4097
TD Front Disconnected: 4097
TD Front Disconnected: 4097
TD Front Disconnected: 4097
TD Front Disconnected: 4097
TD Front Disconnected: 4097
TD Front Disconnected: 4097
TD Front Disconnected: 4097
TD Front Disconnected: 4097
TD Front Disconnected: 4097
TD Front Disconnected: 4097
TD Front Disconnected: 4097
TD Front Disconnected: 4097
TD Front Disconnected: 4097
TD Front Disconnected: 4097
TD Front Disconnected: 4097
TD Front Disconnected: 4097
TD Front Disconnected: 4097
TD Front Disconnected: 4097
TD Front Disconnected: 4097
TD Front Disconnected: 4097
TD Front Disconnected: 4097
TD Front Disconnected: 4097
TD Front Disconnected: 4097
TD Front Disconnected: 4097
TD Front Disconnected: 4097
TD Front Disconnected: 4097
TD Front Disconnected: 4097
TD Front Disconnected: 4097
TD Front Disconnected: 4097
TD Front Disconnected: 4097
TD Front Disconnected: 4097
TD Front Disconnected: 4097
TD Front Disconnected: 4097
TD Front Disconnected: 4097
TD Front Disconnected: 4097
TD Front Disconnected: 4097
TD Front Disconnected: 4097
TD Front Disconnected: 4097
TD Front Disconnected: 4097
TD Front Disconnected: 4097
TD Front DisOnSessionDisconnected[000001D682C12F58][711655763][ 4097]
CThostFtdcUserApiImplBase::OnSessionDisconnected[000001D682C12E08][711655764][ 4097]
CThostFtdcUserApiImplBase::OnSessionDisconnected[000001D682C12778][711655765][ 4097]
CThostFtdcUserApiImplBase::OnSessionDisconnected[000001D682C12778][711721302][ 4097]
CThostFtdcUserApiImplBase::OnSessionDisconnected[000001D682C12B68][711721303][ 4097]
CThostFtdcUserApiImplBase::OnSessionDisconnected[000001D682C12E08][711721304][ 4097]
CThostFtdcUserApiImplBase::OnSessionDisconnected[000001D682C12858][711721305][ 4097]
CThostFtdcUserApiImplBase::OnSessionDisconnected[000001D682C128C8][711721306][ 4097]
CThostFtdcUserApiImplBase::OnSessionDisconnected[000001D682C12938][711721307][ 4097]
CThostFtdcUserApiImplBase::OnSessionDisconnected[000001D682C12BD8][711786844][ 4097]
CThostFtdcUserApiImplBase::OnSessionDisconnected[000001D682C12318][711786845][ 4097]
CThostFtdcUserApiImplBase::OnSessionDisconnected[000001D682C12E08][711786846][ 4097]
CThostFtdcUserApiImplBase::OnSessionDisconnected[000001D682C12BD8][711786847][ 4097]
CThostFtdcUserApiImplBase::OnSessionDisconnected[000001D682C12AF8][711786848][ 4097]
CThostFtdcUserApiImplBase::OnSessionDisconnected[000001D682C12388][711786849][ 4097]
CThostFtdcUserApiImplBase::OnSessionDisconnected[000001D682C123F8][711852386][ 4097]
CThostFtdcUserApiImplBase::OnSessionDisconnected[000001D682C12318][711852387][ 4097]
CThostFtdcUserApiImplBase::OnSessionDisconnected[000001D682C12E08][711852388][ 4097]
CThostFtdcUserApiImplBase::OnSessionDisconnected[000001D682C12318][711852389][ 4097]
CThostFtdcUserApiImplBase::OnSessionDisconnected[000001D682C12778][711852390][ 4097]
CThostFtdcUserApiImplBase::OnSessionDisconnected[000001D682C12158][711917927][ 4097]
CThostFtdcUserApiImplBase::OnSessionDisconnected[000001D682C12A88][711917928][ 4097]
CThostFtdcUserApiImplBase::OnSessionDisconnected[000001D682C12E78][711917929][ 4097]
CThostFtdcUserApiImplBase::OnSessionDisconnected[000001D682C12EE8][711917930][ 4097]
CThostFtdcUserApiImplBase::OnSessionDisconnected[000001D682C12318][711917931][ 4097]
CThostFtdcUserApiImplBase::OnSessionDisconnected[000001D682C127E8][711917932][ 4097]
CThostFtdcUserApiImplBase::OnSessionDisconnected[000001D682C12778][711917933][ 4097]
CThostFtdcUserApiImplBase::OnSessionDisconnected[000001D682C12FC8][711917934][ 4097]
CThostFtdcUserApiImplBase::OnSessionDisconnected[000001D682C12778][711983471][ 4097]
CThostFtdcUserApiImplBase::OnSessionDisconnected[000001D682C12858][711983472][ 4097]
CThostFtdcUserApiImplBase::OnSessionDisconnected[000001D682C12318][711983473][ 4097]
CThostFtdcUserApiImplBase::OnSessionDisconnected[000001D682C12778][711983474][ 4097]
CThostFtdcUserApiImplBase::OnSessionDisconnected[000001D682C12468][711983475][ 4097]
CThostFtdcUserApiImplBase::OnSessionDisconnected[000001D682C127E8][711983476][ 4097]
CThostFtdcUserApiImplBase::OnSessionDisconnected[000001D682C12A18][711983477][ 4097]
CThostFtdcUserApiImplBase::OnSessionDisconnected[000001D682C12778][712049014][ 4097]
CThostFtdcUserApiImplBase::OnSessionDisconnected[000001D682C12E08][712049015][ 4097]
CThostFtdcUserApiImplBase::OnSessionDisconnected[000001D682C12E08][712049016][ 4097]
CThostFtdcUserApiImplBase::OnSessionDisconnected[000001D682C12318][712049017][ 4097]
CThostFtdcUserApiImplBase::OnSessionDisconnected[000001D682C12938][712049018][ 4097]
CThostFtdcUserApiImplBase::OnSessionDisconnected[000001D682C12778][712049019][ 4097]
CThostFtdcUserApiImplBase::OnSessionDisconnected[000001D682C12778][712049020][ 4097]
CThostFtdcUserApiImplBase::OnSessionDisconnected[000001D682C12778][712049021][ 4097]
CThostFtdcUserApiImplBase::OnSessionDisconnected[000001D682C12E78][712114558][ 4097]
CThostFtdcUserApiImplBase::OnSessionDisconnected[000001D682C12FC8][712114559][ 4097]
CThostFtdcUserApiImplBase::OnSessionDisconnected[000001D682C12E08][712114560][ 4097]
CThostFtdcUserApiImplBase::OnSessionDisconnected[000001D682C12778][712114561][ 4097]
CThostFtdcUserApiImplBase::OnSessionDisconnected[000001D682C12FC8][712114562][ 4097]
CThostFtdcUserApiImplBase::OnSessionDisconnected[000001D682C12AF8][712114563][ 4097]
CThostFtdcUserApiImplBase::OnSessionDisconnected[000001D682C127E8][712180100][ 4097]
CThostFtdcUserApiImplBase::OnSessionDisconnected[000001D682C12E08][712180101][ 4097]
CThostFtdcUserApiImplBase::OnSessionDisconnected[000001D682C128C8][712180102][ 4097]
CThostFtdcUserApiImplBase::OnSessionDisconnected[000001D682C12E08][712180103][ 4097]
CThostFtdcUserApiImplBase::OnSessionDisconnected[000001D682C12E78][712180104][ 4097]
CThostFtdcUserApiImplBase::OnSessionDisconnected[000001D682C12E08][712180105][ 4097]
CThostFtdcUserApiImplBase::OnSessionDisconnected[000001D682C12E08][712245642][ 4097]
CThostFtdcUserApiImplBase::OnSessionDisconnected[000001D682C12778][712245643][ 4097]
CThostFtdcUserApiImplBase::OnSessionDisconnected[000001D682C12318][712245644][ 4097]
CThostFtdcUserApiImplBase::OnSessionDisconnected[000001D682C12318][712245645][ 4097]
CThostFtdcUserApiImplBase::OnSessionDisconnected[000001D682C12778][712245646][ 4097]
CThostFtdcUserApiImplBase::OnSessionDisconnected[000001D682C12E08][712245647][ 4097]
CThostFtdcUserApiImplBase::OnSessionDisconnected[000001D682C127E8][712311184][ 4097]
CThostFtdcUserApiImplBase::OnSessionDisconnected[000001D682C12FC8][712311185][ 4097]
CThostFtdcUserApiImplBase::OnSessionDisconnected[000001D682C128C8][712311186][ 4097]
CThostFtdcUserApiImplBase::OnSessionDisconnected[000001D682C12A18][712311187][ 4097]
CThostFtdcUserApiImplBase::OnSessionDisconnected[000001D682C12A18][712311188][ 4097]
CThostFtdcUserApiImplBase::OnSessionDisconnected[000001D682C12858][712311189][ 4097]
CThostFtdcUserApiImplBase::OnSessionDisconnected[000001D682C12388][712376726][ 4097]
CThostFtdcUserApiImplBase::OnSessionDisconnected[000001D682C127E8][712376727][ 4097]
CThostFtdcUserApiImplBase::OnSessionDisconnected[000001D682C12A18][712376728][ 4097]
CThostFtdcUserApiImplBase::OnSessionDisconnected[000001D682C128C8][712376729][ 4097]
CThostFtdcUserApiImplBase::OnSessionDisconnected[000001D682C12B68][712376730][ 4097]
CThostFtdcUserApiImplBase::OnSessionDisconnected[000001D682C12318][712442267][ 4097]
CThostFtdcUserApiImplBase::OnSessionDisconnected[000001D682C12778][712442268][ 4097]
CThostFtdcUserApiImplBase::OnSessionDisconnected[000001D682C12778][712442269][ 4097]
CThostFtdcUserApiImplBase::OnSessionDisconnected[000001D682C12318][712442270][ 4097]
CThostFtdcUserApiImplBase::OnSessionDisconnected[000001D682C12158][712442271][    0]
CThostFtdcUserApiImplBase::OnSessionDisconnected[000001D682C12388][712507808][ 4097]
CThostFtdcUserApiImplBase::OnSessionDisconnected[000001D682C12F58][712507809][ 4097]
CThostFtdcUserApiImplBase::OnSessionDisconnected[000001D682C12BD8][712507810][ 4097]
CThostFtdcUserApiImplBase::OnSessionDisconnected[000001D682C12F58][712573347][ 4097]
CThostFtdcUserApiImplBase::OnSessionDisconnected[000001D682C128C8][712573348][ 4097]
CThostFtdcUserApiImplBase::OnSessionDisconnected[000001D682C12318][712573349][ 4097]
CThostFtdcUserApiImplBase::OnSessionDisconnected[000001D682C12778][712573350][ 4097]
CThostFtdcUserApiImplBase::OnSessionDisconnected[000001D682C12BD8][712573351][ 4097]
CThostFtdcUserApiImplBase::OnSessionDisconnected[000001D682C12AF8][712573352][ 4097]
CThostFtdcUserApiImplBase::OnSessionDisconnected[000001D682C12468][712638889][ 4097]
CThostFtdcUserApiImplBase::OnSessionDisconnected[000001D682C12778][712638890][ 4097]
CThostFtdcUserApiImplBase::OnSessionDisconnected[000001D682C12778][712638891][ 4097]
CThostFtdcUserApiImplBase::OnSessionDisconnected[000001D682C12A88][712638892][ 4097]
CThostFtdcUserApiImplBase::OnSessionDisconnected[000001D682C12E08][712638893][ 4097]
CThostFtdcUserApiImplBase::OnSessionDisconnected[000001D682C12778][712704430][ 4097]
CThostFtdcUserApiImplBase::OnSessionDisconnected[000001D682C12318][712704431][ 4097]
CThostFtdcUserApiImplBase::OnSessionDisconnected[000001D682C12778][712704432][ 4097]
CThostFtdcUserApiImplBase::OnSessionDisconnected[000001D682C12778][712704433][ 4097]
CThostFtdcUserApiImplBase::OnSessionDisconnected[000001D682C12778][712704434][ 4097]
CThostFtdcUserApiImplBase::OnSessionDisconnected[000001D682C12318][712704435][ 4097]
CThostFtdcUserApiImplBase::OnSessionDisconnected[000001D682C12E08][712769972][ 4097]
CThostFtdcUserApiImplBase::OnSessionDisconnected[000001D682C12318][712769973][ 4097]
CThostFtdcUserApiImplBase::OnSessionDisconnected[000001D682C12318][712769974][ 4097]
CThostFtdcUserApiImplBase::OnSessionDisconnected[000001D682C12778][712769975][ 4097]
CThostFtdcUserApiImplBase::OnSessionDisconnected[000001D682C12EE8][712769976][ 4097]
CThostFtdcUserApiImplBase::OnSessionDisconnected[000001D682C12318][712835513][ 4097]
CThostFtdcUserApiImplBase::OnSessionDisconnected[000001D682C12318][712835514][ 4097]
CThostFtdcUserApiImplBase::OnSessionDisconnected[000001D682C12778][712835515][ 4097]
CThostFtdcUserApiImplBase::OnSessionDisconnected[000001D682C12388][712835516][ 4097]
CThostFtdcUserApiImplBase::OnSessionDisconnected[000001D682C12BD8][712835517][ 4097]
CThostFtdcUserApiImplBase::OnSessionDisconnected[000001D682C12318][712901054][ 4097]
CThostFtdcUserApiImplBase::OnSessionDisconnected[000001D682C12318][712901055][ 4097]
CThostFtdcUserApiImplBase::OnSessionDisconnected[000001D682C12938][712901056][ 4097]
CThostFtdcUserApiImplBase::OnSessionDisconnected[000001D682C12E08][712901057][ 4097]
CThostFtdcUserApiImplBase::OnSessionDisconnected[000001D682C12EE8][712901058][ 4097]
CThostFtdcUserApiImplBase::OnSessionDisconnected[000001D682C12778][712966595][ 4097]
CThostFtdcUserApiImplBase::OnSessionDisconnected[000001D682C12318][712966596][ 4097]
CThostFtdcUserApiImplBase::OnSessionDisconnected[000001D682C12E08][712966597][ 4097]
CThostFtdcUserApiImplBase::OnSessionDisconnected[000001D682C12E08][712966598][ 4097]
CThostFtdcUserApiImplBase::OnSessionDisconnected[000001D682C12A18][712966599][ 4097]
CThostFtdcUserApiImplBase::OnSessionDisconnected[000001D682C12E08][712966600][ 4097]
CThostFtdcUserApiImplBase::OnSessionDisconnected[000001D682C12F58][712966601][ 4097]
CThostFtdcUserApiImplBase::OnSessionDisconnected[000001D682C12778][713032138][ 4097]
CThostFtdcUserApiImplBase::OnSessionDisconnected[000001D682C12778][713032139][ 4097]
CThostFtdcUserApiImplBase::OnSessionDisconnected[000001D682C12B68][713032140][ 4097]
CThostFtdcUserApiImplBase::OnSessionDisconnected[000001D682C12318][713032141][ 4097]
CThostFtdcUserApiImplBase::OnSessionDisconnected[000001D682C12778][713032142][ 4097]
CThostFtdcUserApiImplBase::OnSessionDisconnected[000001D682C12318][713032143][ 4097]
CThostFtdcUserApiImplBase::OnSessionDisconnected[000001D682C12318][713097680][ 4097]
CThostFtdcUserApiImplBase::OnSessionDisconnected[000001D682C12778][713097681][ 4097]
CThostFtdcUserApiImplBase::OnSessionDisconnected[000001D682C12318][713097682][ 4097]
CThostFtdcUserApiImplBase::OnSessionDisconnected[000001D682C12E08][713097683][ 4097]
CThostFtdcUserApiImplBase::OnSessionDisconnected[000001D682C12778][713097684][ 4097]
CThostFtdcUserApiImplBase::OnSessionDisconnected[000001D682C12E08][713097685][ 4097]
CThostFtdcUserApiImplBase::OnSessionDisconnected[000001D682C12388][713163222][ 4097]
CThostFtdcUserApiImplBase::OnSessionDisconnected[000001D682C12E08][713163223][ 4097]
CThostFtdcUserApiImplBase::OnSessionDisconnected[000001D682C12E78][713163224][ 4097]
CThostFtdcUserApiImplBase::OnSessionDisconnected[000001D682C127E8][713163225][ 4097]
CThostFtdcUserApiImplBase::OnSessionDisconnected[000001D682C12318][713163226][ 4097]
CThostFtdcUserApiImplBase::OnSessionDisconnected[000001D682C12E08][713163227][ 4097]
CThostFtdcUserApiImplBase::OnSessionDisconnected[000001D682C12778][713228764][ 4097]
CThostFtdcUserApiImplBase::OnSessionDisconnected[000001D682C12E08][713228765][ 4097]
CThostFtdcUserApiImplBase::OnSessionDisconnected[000001D682C12318][713228766][ 4097]
CThostFtdcUserApiImplBase::OnSessionDisconnected[000001D682C12778][713228767][ 4097]
CThostFtdcUserApiImplBase::OnSessionDisconnected[000001D682C12A18][713228768][ 4097]
CThostFtdcUserApiImplBase::OnSessionDisconnected[000001D682C12F58][713228769][ 4097]
CThostFtdcUserApiImplBase::OnSessionDisconnected[000001D682C12778][713294306][ 4097]
CThostFtdcUserApiImplBase::OnSessionDisconnected[000001D682C12778][71329430connected: 4097
TD Front Disconnected: 4097
TD Front Disconnected: 4097
TD Front Disconnected: 4097
TD Front Disconnected: 4097
TD Front Disconnected: 4097
TD Front Disconnected: 4097
TD Front Disconnected: 4097
TD Front Disconnected: 4097
TD Front Disconnected: 4097
TD Front Disconnected: 4097
TD Front Disconnected: 4097
TD Front Disconnected: 4097
TD Front Disconnected: 4097
TD Front Disconnected: 4097
TD Front Disconnected: 4097
TD Front Disconnected: 4097
TD Front Disconnected: 4097
TD Front Disconnected: 4097
TD Front Disconnected: 4097
TD Front Disconnected: 4097
TD Front Disconnected: 4097
TD Front Disconnected: 4097
TD Front Disconnected: 4097
TD Front Disconnected: 4097
TD Front Disconnected: 4097
TD Front Disconnected: 4097
TD Front Disconnected: 4097
TD Front Disconnected: 4097
TD Front Disconnected: 4097
TD Front Disconnected: 4097
TD Front Disconnected: 4097
TD Front Disconnected: 4097
TD Front Disconnected: 4097
TD Front Disconnected: 4097
TD Front Disconnected: 4097
TD Front Disconnected: 4097
TD Front Disconnected: 4097
TD Front Disconnected: 4097
TD Front Disconnected: 4097
TD Front Disconnected: 4097
TD Front Disconnected: 4097
TD Front Disconnected: 4097
TD Front Disconnected: 4097
TD Front Disconnected: 4097
TD Front Disconnected: 4097
TD Front Disconnected: 4097
TD Front Disconnected: 4097
TD Front Disconnected: 4097
TD Front Disconnected: 4097
TD Front Disconnected: 4097
TD Front Disconnected: 4097
TD Front Disconnected: 4097
TD Front Disconnected: 4097
TD Front Disconnected: 4097
TD Front Disconnected: 4097
TD Front Disconnected: 4097
TD Front Disconnected: 4097
TD Front Disconnected: 4097
TD Front Disconnected: 4097
TD Front Disconnected: 4097
TD Front Disconnected: 4097
TD Front Disconnected: 4097
TD Front Disconnected: 4097
TD Front Disconnected: 4097
TD Front Disconnected: 4097
TD Front Disconnected: 4097
TD Front Disconnected: 4097
TD Front Disconnected: 4097
TD Front Disconnected: 4097
TD Front Disconnected: 4097
TD Front Disconnected: 4097
TD Front Disconnected: 4097
TD Front Disconnected: 4097
TD Front Disconnected: 4097
TD Front Disconnected: 4097
TD Front Disconnected: 4097
TD Front Disconnected: 4097
TD Front Disconnected: 4097
TD Front Disconnected: 4097
TD Front Disconnected: 4097
TD Front Disconnected: 4097
TD Front Disconnected: 4097
TD Front Disconnected: 4097
TD Front Disconnected: 4097
TD Front Disconnected: 4097
TD Front Disconnected: 4097
TD Front Disconnected: 4097
TD Front Disconnected: 4097
TD Front Disconnected: 4097
TD Front Disconnected: 4097
TD Front Disconnected: 4097
TD Front Disconnected: 4097
TD Front Disconnected: 4097
TD Front Disconnected: 4097
TD Front Disconnected: 4097
TD Front Disconnected: 4097
TD Front Disconnected: 4097
TD Front Disconnected: 4097
TD Front Disconnected: 4097
TD Front Disconnected: 4097
TD Front Disconnected: 4097
TD Front Disconnected: 4097
TD Front Disconnected: 4097
TD Front Disconnected: 4097
TD Front Disconnected: 4097
TD Front Disconnected: 4097
TD Front Disconnected: 4097
TD Front Disconnected: 4097
TD Front Disconnected: 4097
TD Front Disconnected: 4097
TD Front Disconnected: 4097
TD Front Disconnected: 4097
TD Front Disconnected: 4097
TD Front Disconnected: 4097
TD Front Disconnected: 4097
TD Front Disconnected: 4097
TD Front Disconnected: 4097
TD Front Disconnected: 4097
TD Front Disconnected: 4097
TD Front Disconnected: 4097
TD Front Disconnected: 4097
TD Front Disconnected: 4097
TD Front Disconnected: 4097
TD Front Disconnected: 4097
TD Front Disconnected: 4097
TD Front Disconnected: 4097
TD Front Disconnected: 4097
TD Front Disconnected: 4097
TD Front Disconnected: 4097
TD Front Disconnected: 4097
TD Front Disconnected: 4097
TD Front Disconnected: 4097
TD Front Disconnected: 4097
TD Front Disconnected: 4097
TD Front Disconnected: 4097
TD Front Disconnected: 4097
TD Front Disconnected: 4097
TD Front Disconnected: 4097
TD Front Disconnected: 4097
TD Front Disconnected: 4097
TD Front Disconnected: 4097
TD Front Disconnected: 4097
TD Front Disconnected: 4097
TD Front Disconnected: 4097
TD Front Disconnected: 4097
TD Front Disconnecte7][ 4097]
CThostFtdcUserApiImplBase::OnSessionDisconnected[000001D682C123F8][713294308][ 4097]
CThostFtdcUserApiImplBase::OnSessionDisconnected[000001D682C13038][713294309][ 4097]
CThostFtdcUserApiImplBase::OnSessionDisconnected[000001D682C123F8][713294310][ 4097]
CThostFtdcUserApiImplBase::OnSessionDisconnected[000001D682C12B68][713294311][ 4097]
CThostFtdcUserApiImplBase::OnSessionDisconnected[000001D682C12318][713359848][ 4097]
CThostFtdcUserApiImplBase::OnSessionDisconnected[000001D682C12388][713359849][ 4097]
CThostFtdcUserApiImplBase::OnSessionDisconnected[000001D682C12318][713359850][ 4097]
CThostFtdcUserApiImplBase::OnSessionDisconnected[000001D682C12778][713359851][ 4097]
CThostFtdcUserApiImplBase::OnSessionDisconnected[000001D682C12318][713359852][ 4097]
CThostFtdcUserApiImplBase::OnSessionDisconnected[000001D682C12778][713359853][ 4097]
CThostFtdcUserApiImplBase::OnSessionDisconnected[000001D682C12938][713425390][ 4097]
CThostFtdcUserApiImplBase::OnSessionDisconnected[000001D682C12858][713425391][ 4097]
CThostFtdcUserApiImplBase::OnSessionDisconnected[000001D682C12AF8][713425392][ 4097]
CThostFtdcUserApiImplBase::OnSessionDisconnected[000001D682C12778][713425393][ 4097]
CThostFtdcUserApiImplBase::OnSessionDisconnected[000001D682C12F58][713425394][ 4097]
CThostFtdcUserApiImplBase::OnSessionDisconnected[000001D682C12318][713425395][ 4097]
CThostFtdcUserApiImplBase::OnSessionDisconnected[000001D682C12A18][713490932][ 4097]
CThostFtdcUserApiImplBase::OnSessionDisconnected[000001D682C12858][713490933][ 4097]
CThostFtdcUserApiImplBase::OnSessionDisconnected[000001D682C12318][713490934][ 4097]
CThostFtdcUserApiImplBase::OnSessionDisconnected[000001D682C12A18][713490935][ 4097]
CThostFtdcUserApiImplBase::OnSessionDisconnected[000001D682C12AF8][713490936][ 4097]
CThostFtdcUserApiImplBase::OnSessionDisconnected[000001D682C12858][713490937][ 4097]
CThostFtdcUserApiImplBase::OnSessionDisconnected[000001D682C12858][713556474][ 4097]
CThostFtdcUserApiImplBase::OnSessionDisconnected[000001D682C12B68][713556475][ 4097]
CThostFtdcUserApiImplBase::OnSessionDisconnected[000001D682C12468][713556476][ 4097]
CThostFtdcUserApiImplBase::OnSessionDisconnected[000001D682C12778][713556477][ 4097]
CThostFtdcUserApiImplBase::OnSessionDisconnected[000001D682C127E8][713556478][ 4097]
CThostFtdcUserApiImplBase::OnSessionDisconnected[000001D682C12AF8][713556479][ 4097]
CThostFtdcUserApiImplBase::OnSessionDisconnected[000001D682C128C8][713622016][ 4097]
CThostFtdcUserApiImplBase::OnSessionDisconnected[000001D682C128C8][713622017][ 4097]
CThostFtdcUserApiImplBase::OnSessionDisconnected[000001D682C128C8][713622018][ 4097]
CThostFtdcUserApiImplBase::OnSessionDisconnected[000001D682C12E08][713622019][ 4097]
CThostFtdcUserApiImplBase::OnSessionDisconnected[000001D682C12468][713622020][ 4097]
CThostFtdcUserApiImplBase::OnSessionDisconnected[000001D682C12318][713622021][ 4097]
CThostFtdcUserApiImplBase::OnSessionDisconnected[000001D682C12E08][713687558][ 4097]
CThostFtdcUserApiImplBase::OnSessionDisconnected[000001D682C12E08][713687559][ 4097]
CThostFtdcUserApiImplBase::OnSessionDisconnected[000001D682C12A18][713687560][ 4097]
CThostFtdcUserApiImplBase::OnSessionDisconnected[000001D682C12E08][713687561][ 4097]
CThostFtdcUserApiImplBase::OnSessionDisconnected[000001D682C12778][713687562][ 4097]
CThostFtdcUserApiImplBase::OnSessionDisconnected[000001D682C12E08][713687563][ 4097]
CThostFtdcUserApiImplBase::OnSessionDisconnected[000001D682C13038][713753100][ 4097]
CThostFtdcUserApiImplBase::OnSessionDisconnected[000001D682C12E08][713753101][ 4097]
CThostFtdcUserApiImplBase::OnSessionDisconnected[000001D682C12318][713753102][ 4097]
CThostFtdcUserApiImplBase::OnSessionDisconnected[000001D682C12318][713753103][ 4097]
CThostFtdcUserApiImplBase::OnSessionDisconnected[000001D682C13038][713753104][ 4097]
CThostFtdcUserApiImplBase::OnSessionDisconnected[000001D682C12E08][713818641][ 4097]
CThostFtdcUserApiImplBase::OnSessionDisconnected[000001D682C12EE8][713818642][ 4097]
CThostFtdcUserApiImplBase::OnSessionDisconnected[000001D682C12E08][713818643][ 4097]
CThostFtdcUserApiImplBase::OnSessionDisconnected[000001D682C12318][713818644][ 4097]
CThostFtdcUserApiImplBase::OnSessionDisconnected[000001D682C13038][713818645][ 4097]
CThostFtdcUserApiImplBase::OnSessionDisconnected[000001D682C12778][713884182][ 4097]
CThostFtdcUserApiImplBase::OnSessionDisconnected[000001D682C12318][713884183][ 4097]
CThostFtdcUserApiImplBase::OnSessionDisconnected[000001D682C13038][713884184][    0]
CThostFtdcUserApiImplBase::OnSessionDisconnected[000001D682C12E78][713949721][ 4097]
CThostFtdcUserApiImplBase::OnSessionDisconnected[000001D682C12388][713949722][ 4097]
CThostFtdcUserApiImplBase::OnSessionDisconnected[000001D682C12A18][713949723][ 4097]
CThostFtdcUserApiImplBase::OnSessionDisconnected[000001D682C12318][713949724][ 4097]
CThostFtdcUserApiImplBase::OnSessionDisconnected[000001D682C12E08][713949725][ 4097]
CThostFtdcUserApiImplBase::OnSessionDisconnected[000001D682C12778][714015262][ 4097]
CThostFtdcUserApiImplBase::OnSessionDisconnected[000001D682C12778][714015263][ 4097]
CThostFtdcUserApiImplBase::OnSessionDisconnected[000001D682C12318][714015264][ 4097]
CThostFtdcUserApiImplBase::OnSessionDisconnected[000001D682C12778][714015265][ 4097]
CThostFtdcUserApiImplBase::OnSessionDisconnected[000001D682C12E08][714015266][ 4097]
CThostFtdcUserApiImplBase::OnSessionDisconnected[000001D682C12318][714080803][ 4097]
CThostFtdcUserApiImplBase::OnSessionDisconnected[000001D682C12BD8][714080804][ 4097]
CThostFtdcUserApiImplBase::OnSessionDisconnected[000001D682C12318][714080805][ 4097]
CThostFtdcUserApiImplBase::OnSessionDisconnected[000001D682C12778][714080806][ 4097]
CThostFtdcUserApiImplBase::OnSessionDisconnected[000001D682C12A88][714080807][ 4097]
CThostFtdcUserApiImplBase::OnSessionDisconnected[000001D682C12778][714146344][ 4097]
CThostFtdcUserApiImplBase::OnSessionDisconnected[000001D682C12E78][714146345][ 4097]
CThostFtdcUserApiImplBase::OnSessionDisconnected[000001D682C12778][714146346][ 4097]
CThostFtdcUserApiImplBase::OnSessionDisconnected[000001D682C12318][714146347][ 4097]
CThostFtdcUserApiImplBase::OnSessionDisconnected[000001D682C12778][714146348][ 4097]
CThostFtdcUserApiImplBase::OnSessionDisconnected[000001D682C12E08][714211885][ 4097]
CThostFtdcUserApiImplBase::OnSessionDisconnected[000001D682C12AF8][714211886][ 4097]
CThostFtdcUserApiImplBase::OnSessionDisconnected[000001D682C12318][714211887][ 4097]
CThostFtdcUserApiImplBase::OnSessionDisconnected[000001D682C12938][714211888][ 4097]
CThostFtdcUserApiImplBase::OnSessionDisconnected[000001D682C12778][714211889][ 4097]
CThostFtdcUserApiImplBase::OnSessionDisconnected[000001D682C12E08][714211890][ 4097]
CThostFtdcUserApiImplBase::OnSessionDisconnected[000001D682C12AF8][714277427][ 4097]
CThostFtdcUserApiImplBase::OnSessionDisconnected[000001D682C12318][714277428][ 4097]
CThostFtdcUserApiImplBase::OnSessionDisconnected[000001D682C12938][714277429][ 4097]
CThostFtdcUserApiImplBase::OnSessionDisconnected[000001D682C12778][714277430][ 4097]
CThostFtdcUserApiImplBase::OnSessionDisconnected[000001D682C12B68][714342967][ 4097]
CThostFtdcUserApiImplBase::OnSessionDisconnected[000001D682C12318][714342968][ 4097]
CThostFtdcUserApiImplBase::OnSessionDisconnected[000001D682C12A18][714342969][ 4097]
CThostFtdcUserApiImplBase::OnSessionDisconnected[000001D682C12FC8][714342970][ 4097]
CThostFtdcUserApiImplBase::OnSessionDisconnected[000001D682C12778][714342971][ 4097]
CThostFtdcUserApiImplBase::OnSessionDisconnected[000001D682C12938][714408508][ 4097]
CThostFtdcUserApiImplBase::OnSessionDisconnected[000001D682C12A88][714408509][ 4097]
CThostFtdcUserApiImplBase::OnSessionDisconnected[000001D682C12318][714408510][ 4097]
CThostFtdcUserApiImplBase::OnSessionDisconnected[000001D682C12468][714408511][ 4097]
CThostFtdcUserApiImplBase::OnSessionDisconnected[000001D682C12E08][714408512][ 4097]
CThostFtdcUserApiImplBase::OnSessionDisconnected[000001D682C12318][714408513][ 4097]
CThostFtdcUserApiImplBase::OnSessionDisconnected[000001D682C127E8][714474050][ 4097]
CThostFtdcUserApiImplBase::OnSessionDisconnected[000001D682C12E08][714474051][ 4097]
CThostFtdcUserApiImplBase::OnSessionDisconnected[000001D682C12E08][714474052][ 4097]
CThostFtdcUserApiImplBase::OnSessionDisconnected[000001D682C12B68][714474053][ 4097]
CThostFtdcUserApiImplBase::OnSessionDisconnected[000001D682C12FC8][714474054][ 4097]
CThostFtdcUserApiImplBase::OnSessionDisconnected[000001D682C12318][714539591][ 4097]
CThostFtdcUserApiImplBase::OnSessionDisconnected[000001D682C12E08][714539592][ 4097]
CThostFtdcUserApiImplBase::OnSessionDisconnected[000001D682C12318][714539593][ 4097]
CThostFtdcUserApiImplBase::OnSessionDisconnected[000001D682C12E08][714539594][ 4097]
CThostFtdcUserApiImplBase::OnSessionDisconnected[000001D682C12778][714539595][ 4097]
CThostFtdcUserApiImplBase::OnSessionDisconnected[000001D682C12778][714605132][ 4097]
CThostFtdcUserApiImplBase::OnSessionDisconnected[000001D682C12318][714605133][ 4097]
CThostFtdcUserApiImplBase::OnSessionDisconnected[000001D682C12E08][714605134][ 4097]
CThostFtdcUserApiImplBase::OnSessionDisconnected[000001D682C12858][714605135][ 4097]
CThostFtdcUserApiImplBase::OnSessionDisconnected[000001D682C12BD8][714605136][ 4097]
CThostFtdcUserApiImplBase::OnSessionDisconnected[000001D682C12AF8][714670673][ 4097]
CThostFtdcUserApiImplBase::OnSessionDisconnected[000001D682C127E8][714670674][ 4097]
CThostFtdcUserApiImplBase::OnSessionDisconnected[000001D682C12778][714670675][ 4097]
CThostFtdcUserApiImplBase::OnSessionDisconnected[000001D682C12E08][714670676][ 4097]
CThostFtdcUserApiImplBase::OnSessionDisconnected[000001D682C12778][714670677][ 4097]
CThostFtdcUserApiImplBase::OnSessionDisconnected[000001D682C12318][714736214][ 4097]
CThostFtdcUserApiImplBase::OnSessionDisconnected[000001D682C12E78][714736215][ 4097]
CThostFtdcUserApiImplBase::OnSessionDisconnected[000001D682C12E08][714736216][ 4097]
CThostFtdcUserApiImplBase::OnSessionDisconnected[000001D682C12B68][714736217][ 4097]
CThostFtdcUserApiImplBase::OnSessionDisconnected[000001D682C12FC8][714736218][ 4097]
CThostFtdcUserApiImplBase::OnSessionDisconnected[000001D682C12318][714801755][ 4097]
CThostFtdcUserApiImplBase::OnSessionDisconnected[000001D682C12778][714801756][ 4097]
CThostFtdcUserApiImplBase::OnSessionDisconnected[000001D682C12938][714801757][ 4097]
CThostFtdcUserApiImplBase::OnSessionDisconnected[000001D682C123F8][714801758][ 4097]
CThostFtdcUserApiImplBase::OnSessionDisconnected[000001D682C12778][714801759][ 4097]
CThostFtdcUserApiImplBase::OnSessionDisconnected[000001D682C12A88][714867296][ 4097]
CThostFtdcUserApiImplBase::OnSessionDisconnected[000001D682C12A18][714867297][ 4097]
CThostFtdcUserApiImplBase::OnSessionDisconnected[000001D682C12778][714867298][ 4097]
CThostFtdcUserApiImplBase::OnSessionDisconnected[000001D682C12778][714867299][ 4097]
CThostFtdcUserApiImplBase::OnSessionDisconnected[000001D682C12FC8][714867300][ 4097]
CThostFtdcUserApiImplBase::OnSessionDisconnected[000001D682C12778][714932837][ 4097]
CThostFtdcUserApiImplBase::OnSessionDisconnected[000001D682C12E08][714932838][ 4097]
CThostFtdcUserApiImplBase::OnSessionDisconnected[000001D682C12318][714932839][ 4097]
CThostFtdcUserApiImplBase::OnSessionDisconnected[000001D682C12318][714932840][ 4097]
CThostFtdcUserApiImplBase::OnSessionDisconnected[000001D682C12318][714932841][ 4097]
CThostFtdcUserApiImplBase::OnSessionDisconnected[000001D682C12778][714932842][ 4097]
CThostFtdcUserApiImplBase::OnSessionDisconnected[000001D682C12A88][714998379][ 4097]
CThostFtdcUserApiImplBase::OnSessionDisconnected[000001D682C12778][714998380][ 4097]
CThostFtdcUserApiImplBase::OnSessionDisconnected[000001D682C12E08][714998381][ 4097]
CThostFtdcUserApiImplBase::OnSessionDisconnected[000001D682C12468][714998382][ 4097]
CThostFtdcUserApiImplBase::OnSessionDisconnected[000001D682C12E08][714998383][ 4097]
CThostFtdcUserApiImplBase::OnSessionDisconnected[000001D682C12E78][715063920][ 4097]
CThostFtdcUserApiImplBase::OnSessionDisconnected[000001D682C12938][715063921][ 4097]
CThostFtdcUserApiImplBase::OnSessionDisconnected[000001D682C12318][715063922][ 4097]
CThostFtdcUserApiImplBase::OnSessionDisconnected[000001D682C12778][715063923][ 4097]
CThostFtdcUserApiImplBase::OnSessionDid: 4097
TD Front Disconnected: 4097
TD Front Disconnected: 4097
TD Front Disconnected: 4097
TD Front Disconnected: 4097
TD Front Disconnected: 4097
TD Front Disconnected: 4097
TD Front Disconnected: 4097
TD Front Disconnected: 4097
TD Front Disconnected: 4097
TD Front Disconnected: 4097
TD Front Disconnected: 4097
TD Front Disconnected: 4097
TD Front Disconnected: 4097
TD Front Disconnected: 4097
TD Front Disconnected: 4097
TD Front Disconnected: 4097
TD Front Disconnected: 4097
TD Front Disconnected: 4097
TD Front Disconnected: 4097
TD Front Disconnected: 4097
TD Front Disconnected: 4097
TD Front Disconnected: 4097
TD Front Disconnected: 4097
TD Front Disconnected: 4097
TD Front Disconnected: 4097
TD Front Disconnected: 4097
TD Front Disconnected: 4097
TD Front Disconnected: 4097
TD Front Disconnected: 4097
TD Front Disconnected: 4097
TD Front Disconnected: 4097
TD Front Disconnected: 4097
TD Front Disconnected: 4097
TD Front Disconnected: 4097
TD Front Disconnected: 4097
TD Front Disconnected: 4097
TD Front Disconnected: 4097
TD Front Disconnected: 4097
TD Front Disconnected: 4097
TD Front Disconnected: 4097
TD Front Disconnected: 4097
TD Front Disconnected: 4097
TD Front Disconnected: 4097
TD Front Disconnected: 4097
TD Front Disconnected: 4097
TD Front Disconnected: 4097
TD Front Disconnected: 4097
TD Front Disconnected: 4097
TD Front Disconnected: 4097
TD Front Disconnected: 4097
TD Front Disconnected: 4097
TD Front Disconnected: 4097
TD Front Disconnected: 4097
TD Front Disconnected: 4097
TD Front Disconnected: 4097
TD Front Disconnected: 4097
TD Front Disconnected: 4097
TD Front Disconnected: 4097
TD Front Disconnected: 4097
TD Front Disconnected: 4097
TD Front Disconnected: 4097
TD Front Disconnected: 4097
TD Front Disconnected: 4097
TD Front Disconnected: 4097
TD Front Disconnected: 4097
TD Front Disconnected: 4097
TD Front Disconnected: 4097
TD Front Disconnected: 4097
TD Front Disconnected: 4097
TD Front Disconnected: 4097
TD Front Disconnected: 4097
TD Front Disconnected: 4097
TD Front Disconnected: 4097
TD Front Disconnected: 4097
TD Front Disconnected: 4097
TD Front Disconnected: 4097
TD Front Disconnected: 4097
TD Front Disconnected: 4097
TD Front Disconnected: 4097
TD Front Disconnected: 4097
TD Front Disconnected: 4097
TD Front Disconnected: 4097
TD Front Disconnected: 4097
TD Front Disconnected: 4097
TD Front Disconnected: 4097
TD Front Disconnected: 4097
TD Front Disconnected: 4097
TD Front Disconnected: 4097
TD Front Disconnected: 4097
TD Front Disconnected: 4097
TD Front Disconnected: 4097
TD Front Disconnected: 4097
TD Front Disconnected: 4097
TD Front Disconnected: 4097
TD Front Disconnected: 4097
TD Front Disconnected: 4097
TD Front Disconnected: 4097
TD Front Disconnected: 4097
TD Front Disconnected: 4097
TD Front Disconnected: 4097
TD Front Disconnected: 4097
TD Front Disconnected: 4097
TD Front Disconnected: 4097
TD Front Disconnected: 4097
TD Front Disconnected: 4097
TD Front Disconnected: 4097
TD Front Disconnected: 4097
TD Front Disconnected: 4097
TD Front Disconnected: 4097
TD Front Disconnected: 4097
TD Front Disconnected: 4097
TD Front Disconnected: 4097
TD Front Disconnected: 4097
TD Front Disconnected: 4097
TD Front Disconnected: 4097
TD Front Disconnected: 4097
TD Front Disconnected: 4097
TD Front Disconnected: 4097
TD Front Disconnected: 4097
TD Front Disconnected: 4097
TD Front Disconnected: 4097
TD Front Disconnected: 4097
TD Front Disconnected: 4097
TD Front Disconnected: 4097
TD Front Disconnected: 4097
TD Front Disconnected: 4097
TD Front Disconnected: 4097
TD Front Disconnected: 4097
TD Front Disconnected: 4097
TD Front Disconnected: 4097
TD Front Disconnected: 4097
TD Front Disconnected: 4097
TD Front Disconnected: 4097
TD Front Disconnected: 4097
TD Front Disconnected: 4097
TD Front Disconnected: 4097
TD Front Disconnected: 4097
TD Front Disconnected: 4097
TD Front Disconnected: 4097
TD Front Disconnected: 4097
TD Front Disconnected: 4097
TD Front Disconnected: 4097
TD Front Disconnected: 4097
TD Front Disconnected: 4097
TD Front Disconnected: 4097
TD Front Disconnected: 4097
sconnected[000001D682C12938][715063924][ 4097]
CThostFtdcUserApiImplBase::OnSessionDisconnected[000001D682C127E8][715129461][ 4097]
CThostFtdcUserApiImplBase::OnSessionDisconnected[000001D682C12318][715129462][ 4097]
CThostFtdcUserApiImplBase::OnSessionDisconnected[000001D682C12EE8][715129463][ 4097]
CThostFtdcUserApiImplBase::OnSessionDisconnected[000001D682C12E08][715129464][ 4097]
CThostFtdcUserApiImplBase::OnSessionDisconnected[000001D682C12E08][715129465][ 4097]
CThostFtdcUserApiImplBase::OnSessionDisconnected[000001D682C12858][715195002][ 4097]
CThostFtdcUserApiImplBase::OnSessionDisconnected[000001D682C12E08][715195003][ 4097]
CThostFtdcUserApiImplBase::OnSessionDisconnected[000001D682C12E08][715195004][ 4097]
CThostFtdcUserApiImplBase::OnSessionDisconnected[000001D682C12778][715195005][ 4097]
CThostFtdcUserApiImplBase::OnSessionDisconnected[000001D682C12778][715195006][ 4097]
CThostFtdcUserApiImplBase::OnSessionDisconnected[000001D682C12778][715260543][ 4097]
CThostFtdcUserApiImplBase::OnSessionDisconnected[000001D682C12E08][715260544][ 4097]
CThostFtdcUserApiImplBase::OnSessionDisconnected[000001D682C12318][715260545][ 4097]
CThostFtdcUserApiImplBase::OnSessionDisconnected[000001D682C12318][715260546][ 4097]
CThostFtdcUserApiImplBase::OnSessionDisconnected[000001D682C123F8][715260547][ 4097]
CThostFtdcUserApiImplBase::OnSessionDisconnected[000001D682C12778][715326085][ 4097]
CThostFtdcUserApiImplBase::OnSessionDisconnected[000001D682C12778][715326086][ 4097]
CThostFtdcUserApiImplBase::OnSessionDisconnected[000001D682C12E08][715391623][ 4097]
CThostFtdcUserApiImplBase::OnSessionDisconnected[000001D682C12BD8][715391624][ 4097]
CThostFtdcUserApiImplBase::OnSessionDisconnected[000001D682C12AF8][715391625][ 4097]
CThostFtdcUserApiImplBase::OnSessionDisconnected[000001D682C12778][715391626][ 4097]
CThostFtdcUserApiImplBase::OnSessionDisconnected[000001D682C12E08][715391627][ 4097]
CThostFtdcUserApiImplBase::OnSessionDisconnected[000001D682C12AF8][715391628][ 4097]
CThostFtdcUserApiImplBase::OnSessionDisconnected[000001D682C12A88][715457165][ 4097]
CThostFtdcUserApiImplBase::OnSessionDisconnected[000001D682C12388][715457166][ 4097]
CThostFtdcUserApiImplBase::OnSessionDisconnected[000001D682C12A18][715457167][ 4097]
CThostFtdcUserApiImplBase::OnSessionDisconnected[000001D682C12778][715457168][ 4097]
CThostFtdcUserApiImplBase::OnSessionDisconnected[000001D682C12318][715457169][ 4097]
CThostFtdcUserApiImplBase::OnSessionDisconnected[000001D682C12778][715457170][ 4097]
CThostFtdcUserApiImplBase::OnSessionDisconnected[000001D682C12778][715522707][ 4097]
CThostFtdcUserApiImplBase::OnSessionDisconnected[000001D682C12FC8][715522708][ 4097]
CThostFtdcUserApiImplBase::OnSessionDisconnected[000001D682C12778][715522709][ 4097]
CThostFtdcUserApiImplBase::OnSessionDisconnected[000001D682C127E8][715522710][ 4097]
CThostFtdcUserApiImplBase::OnSessionDisconnected[000001D682C12EE8][715522711][ 4097]
CThostFtdcUserApiImplBase::OnSessionDisconnected[000001D682C12858][715588248][ 4097]
CThostFtdcUserApiImplBase::OnSessionDisconnected[000001D682C12F58][715588249][ 4097]
CThostFtdcUserApiImplBase::OnSessionDisconnected[000001D682C12E08][715588250][ 4097]
CThostFtdcUserApiImplBase::OnSessionDisconnected[000001D682C12E08][715588251][ 4097]
CThostFtdcUserApiImplBase::OnSessionDisconnected[000001D682C12858][715653788][ 4097]
CThostFtdcUserApiImplBase::OnSessionDisconnected[000001D682C12E08][715653789][ 4097]
CThostFtdcUserApiImplBase::OnSessionDisconnected[000001D682C12E08][715653790][ 4097]
CThostFtdcUserApiImplBase::OnSessionDisconnected[000001D682C127E8][715653791][ 4097]
CThostFtdcUserApiImplBase::OnSessionDisconnected[000001D682C12778][715653792][ 4097]
CThostFtdcUserApiImplBase::OnSessionDisconnected[000001D682C12E08][715653793][ 4097]
CThostFtdcUserApiImplBase::OnSessionDisconnected[000001D682C12318][715719330][ 4097]
CThostFtdcUserApiImplBase::OnSessionDisconnected[000001D682C12E78][715719331][ 4097]
CThostFtdcUserApiImplBase::OnSessionDisconnected[000001D682C12E08][715719332][ 4097]
CThostFtdcUserApiImplBase::OnSessionDisconnected[000001D682C12A88][715719333][ 4097]
CThostFtdcUserApiImplBase::OnSessionDisconnected[000001D682C12318][715719334][ 4097]
CThostFtdcUserApiImplBase::OnSessionDisconnected[000001D682C12778][715784871][ 4097]
CThostFtdcUserApiImplBase::OnSessionDisconnected[000001D682C12E08][715784872][ 4097]
CThostFtdcUserApiImplBase::OnSessionDisconnected[000001D682C12318][715784873][ 4097]
CThostFtdcUserApiImplBase::OnSessionDisconnected[000001D682C123F8][715784874][ 4097]
CThostFtdcUserApiImplBase::OnSessionDisconnected[000001D682C12B68][715784875][ 4097]
CThostFtdcUserApiImplBase::OnSessionDisconnected[000001D682C12E08][715850412][ 4097]
CThostFtdcUserApiImplBase::OnSessionDisconnected[000001D682C12318][715850413][ 4097]
CThostFtdcUserApiImplBase::OnSessionDisconnected[000001D682C12BD8][715850414][ 4097]
CThostFtdcUserApiImplBase::OnSessionDisconnected[000001D682C12A18][715850415][ 4097]
CThostFtdcUserApiImplBase::OnSessionDisconnected[000001D682C12778][715850416][ 4097]
CThostFtdcUserApiImplBase::OnSessionDisconnected[000001D682C12E08][715915953][ 4097]
CThostFtdcUserApiImplBase::OnSessionDisconnected[000001D682C12FC8][715915954][ 4097]
CThostFtdcUserApiImplBase::OnSessionDisconnected[000001D682C12778][715915955][ 4097]
CThostFtdcUserApiImplBase::OnSessionDisconnected[000001D682C12468][715915956][ 4097]
CThostFtdcUserApiImplBase::OnSessionDisconnected[000001D682C12388][715915957][ 4097]
CThostFtdcUserApiImplBase::OnSessionDisconnected[000001D682C12E78][715981494][ 4097]
CThostFtdcUserApiImplBase::OnSessionDisconnected[000001D682C123F8][715981495][ 4097]
CThostFtdcUserApiImplBase::OnSessionDisconnected[000001D682C12B68][715981496][ 4097]
CThostFtdcUserApiImplBase::OnSessionDisconnected[000001D682C12318][715981497][ 4097]
CThostFtdcUserApiImplBase::OnSessionDisconnected[000001D682C12E08][715981498][ 4097]
CThostFtdcUserApiImplBase::OnSessionDisconnected[000001D682C12318][715981499][ 4097]
CThostFtdcUserApiImplBase::OnSessionDisconnected[000001D682C12318][716047036][ 4097]
CThostFtdcUserApiImplBase::OnSessionDisconnected[000001D682C12EE8][716047037][ 4097]
CThostFtdcUserApiImplBase::OnSessionDisconnected[000001D682C127E8][716047038][ 4097]
CThostFtdcUserApiImplBase::OnSessionDisconnected[000001D682C128C8][716047039][ 4097]
CThostFtdcUserApiImplBase::OnSessionDisconnected[000001D682C12318][716047040][ 4097]
CThostFtdcUserApiImplBase::OnSessionDisconnected[000001D682C12778][716047041][ 4097]
CThostFtdcUserApiImplBase::OnSessionDisconnected[000001D682C12318][716047042][ 4097]
CThostFtdcUserApiImplBase::OnSessionDisconnected[000001D682C12A18][716047043][ 4097]
CThostFtdcUserApiImplBase::OnSessionDisconnected[000001D682C127E8][716112580][ 4097]
CThostFtdcUserApiImplBase::OnSessionDisconnected[000001D682C12318][716112581][ 4097]
CThostFtdcUserApiImplBase::OnSessionDisconnected[000001D682C123F8][716112582][ 4097]
CThostFtdcUserApiImplBase::OnSessionDisconnected[000001D682C12778][716112583][ 4097]
CThostFtdcUserApiImplBase::OnSessionDisconnected[000001D682C12778][716112584][ 4097]
CThostFtdcUserApiImplBase::OnSessionDisconnected[000001D682C12318][716112585][ 4097]
CThostFtdcUserApiImplBase::OnSessionDisconnected[000001D682C12778][716112586][ 4097]
CThostFtdcUserApiImplBase::OnSessionDisconnected[000001D682C12E08][716178123][ 4097]
CThostFtdcUserApiImplBase::OnSessionDisconnected[000001D682C12E08][716178124][ 4097]
CThostFtdcUserApiImplBase::OnSessionDisconnected[000001D682C12388][716178125][ 4097]
CThostFtdcUserApiImplBase::OnSessionDisconnected[000001D682C12E78][716178126][ 4097]
CThostFtdcUserApiImplBase::OnSessionDisconnected[000001D682C12FC8][716178127][ 4097]
CThostFtdcUserApiImplBase::OnSessionDisconnected[000001D682C12778][716178128][ 4097]
CThostFtdcUserApiImplBase::OnSessionDisconnected[000001D682C12A18][716178129][ 4097]
CThostFtdcUserApiImplBase::OnSessionDisconnected[000001D682C12778][716178130][ 4097]
CThostFtdcUserApiImplBase::OnSessionDisconnected[000001D682C12778][716243667][ 4097]
CThostFtdcUserApiImplBase::OnSessionDisconnected[000001D682C12778][716243668][ 4097]
CThostFtdcUserApiImplBase::OnSessionDisconnected[000001D682C12778][716243669][ 4097]
CThostFtdcUserApiImplBase::OnSessionDisconnected[000001D682C12E78][716243670][ 4097]
CThostFtdcUserApiImplBase::OnSessionDisconnected[000001D682C12B68][716243671][ 4097]
CThostFtdcUserApiImplBase::OnSessionDisconnected[000001D682C12AF8][716309208][ 4097]
CThostFtdcUserApiImplBase::OnSessionDisconnected[000001D682C12778][716309209][ 4097]
CThostFtdcUserApiImplBase::OnSessionDisconnected[000001D682C12E08][716309210][ 4097]
CThostFtdcUserApiImplBase::OnSessionDisconnected[000001D682C12778][716309211][ 4097]
CThostFtdcUserApiImplBase::OnSessionDisconnected[000001D682C12388][716309212][ 4097]
CThostFtdcUserApiImplBase::OnSessionDisconnected[000001D682C12FC8][716309213][ 4097]
CThostFtdcUserApiImplBase::OnSessionDisconnected[000001D682C12938][716374750][ 4097]
CThostFtdcUserApiImplBase::OnSessionDisconnected[000001D682C12778][716374751][ 4097]
CThostFtdcUserApiImplBase::OnSessionDisconnected[000001D682C12778][716374752][ 4097]
CThostFtdcUserApiImplBase::OnSessionDisconnected[000001D682C12318][716374753][ 4097]
CThostFtdcUserApiImplBase::OnSessionDisconnected[000001D682C127E8][716374754][ 4097]
CThostFtdcUserApiImplBase::OnSessionDisconnected[000001D682C12318][716374755][ 4097]
CThostFtdcUserApiImplBase::OnSessionDisconnected[000001D682C12778][716374756][ 4097]
CThostFtdcUserApiImplBase::OnSessionDisconnected[000001D682C127E8][716440293][ 4097]
CThostFtdcUserApiImplBase::OnSessionDisconnected[000001D682C12E78][716440294][ 4097]
CThostFtdcUserApiImplBase::OnSessionDisconnected[000001D682C12E08][716440295][ 4097]
CThostFtdcUserApiImplBase::OnSessionDisconnected[000001D682C12BD8][716440296][ 4097]
CThostFtdcUserApiImplBase::OnSessionDisconnected[000001D682C128C8][716440297][ 4097]
CThostFtdcUserApiImplBase::OnSessionDisconnected[000001D682C12E08][716440298][ 4097]
CThostFtdcUserApiImplBase::OnSessionDisconnected[000001D682C12938][716505835][ 4097]
CThostFtdcUserApiImplBase::OnSessionDisconnected[000001D682C127E8][716505836][ 4097]
CThostFtdcUserApiImplBase::OnSessionDisconnected[000001D682C12FC8][716505837][ 4097]
CThostFtdcUserApiImplBase::OnSessionDisconnected[000001D682C12A18][716505838][ 4097]
CThostFtdcUserApiImplBase::OnSessionDisconnected[000001D682C12318][716505839][ 4097]
CThostFtdcUserApiImplBase::OnSessionDisconnected[000001D682C12388][716505840][ 4097]
CThostFtdcUserApiImplBase::OnSessionDisconnected[000001D682C12318][716505841][ 4097]
CThostFtdcUserApiImplBase::OnSessionDisconnected[000001D682C12AF8][716571378][ 4097]
CThostFtdcUserApiImplBase::OnSessionDisconnected[000001D682C12B68][716571379][ 4097]
CThostFtdcUserApiImplBase::OnSessionDisconnected[000001D682C12938][716571380][ 4097]
CThostFtdcUserApiImplBase::OnSessionDisconnected[000001D682C12318][716571381][ 4097]
CThostFtdcUserApiImplBase::OnSessionDisconnected[000001D682C12EE8][716571382][ 4097]
CThostFtdcUserApiImplBase::OnSessionDisconnected[000001D682C12388][716571383][ 4097]
CThostFtdcUserApiImplBase::OnSessionDisconnected[000001D682C12318][716571384][ 4097]
CThostFtdcUserApiImplBase::OnSessionDisconnected[000001D682C12938][716571385][ 4097]
CThostFtdcUserApiImplBase::OnSessionDisconnected[000001D682C12EE8][716636922][ 4097]
CThostFtdcUserApiImplBase::OnSessionDisconnected[000001D682C12318][716636923][ 4097]
CThostFtdcUserApiImplBase::OnSessionDisconnected[000001D682C12318][716636924][ 4097]
CThostFtdcUserApiImplBase::OnSessionDisconnected[000001D682C12A18][716636925][ 4097]
CThostFtdcUserApiImplBase::OnSessionDisconnected[000001D682C12318][716636926][ 4097]
CThostFtdcUserApiImplBase::OnSessionDisconnected[000001D682C12E78][716636927][ 4097]
CThostFtdcUserApiImplBase::OnSessionDisconnected[000001D682C12778][716636928][ 4097]
CThostFtdcUserApiImplBase::OnSessionDisconnected[000001D682C12BD8][716702465][ 4097]
CThostFtdcUserApiImplBase::OnSessionDisconnected[000001D682C12318][716702466][ 4097]
CThostFtdcUserApiImplBase::OnSessionDisconnected[000001D682C12778][716702467][ 4097]
CThostFtdcUserApiImplBase::OnSessionDisconnected[000001D682C12318][716702468][ 4097]
CThostFtdcUserApiImplBase::OnSessionDisconnected[000001D682C12318][716702469][ 4097]
CTD Front Disconnected: 4097
TD Front Disconnected: 4097
TD Front Disconnected: 4097
TD Front Disconnected: 4097
TD Front Disconnected: 4097
TD Front Disconnected: 4097
TD Front Disconnected: 4097
TD Front Disconnected: 4097
TD Front Disconnected: 4097
TD Front Disconnected: 4097
TD Front Disconnected: 4097
TD Front Disconnected: 4097
TD Front Disconnected: 4097
TD Front Disconnected: 4097
TD Front Disconnected: 4097
TD Front Disconnected: 4097
TD Front Disconnected: 4097
TD Front Disconnected: 4097
TD Front Disconnected: 4097
TD Front Disconnected: 4097
TD Front Disconnected: 4097
TD Front Disconnected: 4097
TD Front Disconnected: 4097
TD Front Disconnected: 4097
TD Front Disconnected: 4097
TD Front Disconnected: 4097
TD Front Disconnected: 4097
TD Front Disconnected: 4097
TD Front Disconnected: 4097
TD Front Disconnected: 4097
TD Front Disconnected: 4097
TD Front Disconnected: 4097
TD Front Disconnected: 4097
TD Front Disconnected: 4097
TD Front Disconnected: 4097
TD Front Disconnected: 4097
TD Front Disconnected: 4097
TD Front Disconnected: 4097
TD Front Disconnected: 4097
TD Front Disconnected: 4097
TD Front Disconnected: 4097
TD Front Disconnected: 4097
TD Front Disconnected: 4097
TD Front Disconnected: 4097
TD Front Disconnected: 4097
TD Front Disconnected: 4097
TD Front Disconnected: 4097
TD Front Disconnected: 4097
TD Front Disconnected: 4097
TD Front Disconnected: 4097
TD Front Disconnected: 4097
TD Front Disconnected: 4097
TD Front Disconnected: 4097
TD Front Disconnected: 4097
TD Front Disconnected: 4097
TD Front Disconnected: 4097
TD Front Disconnected: 4097
TD Front Disconnected: 4097
TD Front Disconnected: 4097
TD Front Disconnected: 4097
TD Front Disconnected: 4097
TD Front Disconnected: 4097
TD Front Disconnected: 4097
TD Front Disconnected: 4097
TD Front Disconnected: 4097
TD Front Disconnected: 4097
TD Front Disconnected: 4097
TD Front Disconnected: 4097
TD Front Disconnected: 4097
TD Front Disconnected: 4097
TD Front Disconnected: 4097
TD Front Disconnected: 4097
TD Front Disconnected: 4097
TD Front Disconnected: 4097
TD Front Disconnected: 4097
TD Front Disconnected: 4097
TD Front Disconnected: 4097
TD Front Disconnected: 4097
TD Front Disconnected: 4097
TD Front Disconnected: 4097
TD Front Disconnected: 4097
TD Front Disconnected: 4097
TD Front Disconnected: 4097
TD Front Disconnected: 4097
TD Front Disconnected: 4097
TD Front Disconnected: 4097
TD Front Disconnected: 4097
TD Front Disconnected: 4097
TD Front Disconnected: 4097
TD Front Disconnected: 4097
TD Front Disconnected: 4097
TD Front Disconnected: 4097
TD Front Disconnected: 4097
TD Front Disconnected: 4097
TD Front Disconnected: 4097
TD Front Disconnected: 4097
TD Front Disconnected: 4097
TD Front Disconnected: 4097
TD Front Disconnected: 4097
TD Front Disconnected: 4097
TD Front Disconnected: 4097
TD Front Disconnected: 4097
TD Front Disconnected: 4097
TD Front Disconnected: 4097
TD Front Disconnected: 4097
TD Front Disconnected: 4097
TD Front Disconnected: 4097
TD Front Disconnected: 4097
TD Front Disconnected: 4097
TD Front Disconnected: 4097
TD Front Disconnected: 4097
TD Front Disconnected: 4097
TD Front Disconnected: 4097
TD Front Disconnected: 4097
TD Front Disconnected: 4097
TD Front Disconnected: 4097
TD Front Disconnected: 4097
TD Front Disconnected: 4097
TD Front Disconnected: 4097
TD Front Disconnected: 4097
TD Front Disconnected: 4097
TD Front Disconnected: 4097
TD Front Disconnected: 4097
TD Front Disconnected: 4097
TD Front Disconnected: 4097
TD Front Disconnected: 4097
TD Front Disconnected: 4097
TD Front Disconnected: 4097
TD Front Disconnected: 4097
TD Front Disconnected: 4097
TD Front Disconnected: 4097
TD Front Disconnected: 4097
TD Front Disconnected: 4097
TD Front Disconnected: 4097
TD Front Disconnected: 4097
TD Front Disconnected: 4097
TD Front Disconnected: 4097
TD Front Disconnected: 4097
TD Front Disconnected: 4097
TD Front Disconnected: 4097
TD Front Disconnected: 4097
TD Front Disconnected: 4097
TD Front Disconnected: 4097
TD Front Disconnected: 4097
TD Front Disconnected: 4097
TD Front Disconnected: 4097
TD FrontThostFtdcUserApiImplBase::OnSessionDisconnected[000001D682C12B68][716768007][ 4097]
CThostFtdcUserApiImplBase::OnSessionDisconnected[000001D682C12E08][716768008][ 4097]
CThostFtdcUserApiImplBase::OnSessionDisconnected[000001D682C12858][716768009][ 4097]
CThostFtdcUserApiImplBase::OnSessionDisconnected[000001D682C12318][716768010][ 4097]
CThostFtdcUserApiImplBase::OnSessionDisconnected[000001D682C12F58][716768011][ 4097]
CThostFtdcUserApiImplBase::OnSessionDisconnected[000001D682C12938][716768012][ 4097]
CThostFtdcUserApiImplBase::OnSessionDisconnected[000001D682C127E8][716833549][ 4097]
CThostFtdcUserApiImplBase::OnSessionDisconnected[000001D682C12858][716833550][ 4097]
CThostFtdcUserApiImplBase::OnSessionDisconnected[000001D682C12A18][716833551][ 4097]
CThostFtdcUserApiImplBase::OnSessionDisconnected[000001D682C12778][716833552][ 4097]
CThostFtdcUserApiImplBase::OnSessionDisconnected[000001D682C12318][716833553][ 4097]
CThostFtdcUserApiImplBase::OnSessionDisconnected[000001D682C12468][716833554][ 4097]
CThostFtdcUserApiImplBase::OnSessionDisconnected[000001D682C12778][716899091][ 4097]
CThostFtdcUserApiImplBase::OnSessionDisconnected[000001D682C12938][716899092][ 4097]
CThostFtdcUserApiImplBase::OnSessionDisconnected[000001D682C12A18][716899093][ 4097]
CThostFtdcUserApiImplBase::OnSessionDisconnected[000001D682C12318][716899094][ 4097]
CThostFtdcUserApiImplBase::OnSessionDisconnected[000001D682C12468][716899095][ 4097]
CThostFtdcUserApiImplBase::OnSessionDisconnected[000001D682C12318][716899096][ 4097]
CThostFtdcUserApiImplBase::OnSessionDisconnected[000001D682C12778][716964633][ 4097]
CThostFtdcUserApiImplBase::OnSessionDisconnected[000001D682C12938][716964634][ 4097]
CThostFtdcUserApiImplBase::OnSessionDisconnected[000001D682C12778][716964635][ 4097]
CThostFtdcUserApiImplBase::OnSessionDisconnected[000001D682C12B68][716964636][ 4097]
CThostFtdcUserApiImplBase::OnSessionDisconnected[000001D682C12E08][716964637][ 4097]
CThostFtdcUserApiImplBase::OnSessionDisconnected[000001D682C127E8][716964638][ 4097]
CThostFtdcUserApiImplBase::OnSessionDisconnected[000001D682C12A18][717030175][ 4097]
CThostFtdcUserApiImplBase::OnSessionDisconnected[000001D682C12468][717030176][ 4097]
CThostFtdcUserApiImplBase::OnSessionDisconnected[000001D682C12938][717030177][ 4097]
CThostFtdcUserApiImplBase::OnSessionDisconnected[000001D682C12778][717030178][ 4097]
CThostFtdcUserApiImplBase::OnSessionDisconnected[000001D682C12778][717030179][ 4097]
CThostFtdcUserApiImplBase::OnSessionDisconnected[000001D682C12E08][717030180][ 4097]
CThostFtdcUserApiImplBase::OnSessionDisconnected[000001D682C12E08][717095717][ 4097]
CThostFtdcUserApiImplBase::OnSessionDisconnected[000001D682C12EE8][717095718][ 4097]
CThostFtdcUserApiImplBase::OnSessionDisconnected[000001D682C12E78][717095719][ 4097]
CThostFtdcUserApiImplBase::OnSessionDisconnected[000001D682C12E08][717095720][ 4097]
CThostFtdcUserApiImplBase::OnSessionDisconnected[000001D682C12A88][717095721][ 4097]
CThostFtdcUserApiImplBase::OnSessionDisconnected[000001D682C12A88][717095722][ 4097]
CThostFtdcUserApiImplBase::OnSessionDisconnected[000001D682C12A18][717161259][ 4097]
CThostFtdcUserApiImplBase::OnSessionDisconnected[000001D682C12A18][717161260][ 4097]
CThostFtdcUserApiImplBase::OnSessionDisconnected[000001D682C12E08][717161261][ 4097]
CThostFtdcUserApiImplBase::OnSessionDisconnected[000001D682C12A88][717161262][ 4097]
CThostFtdcUserApiImplBase::OnSessionDisconnected[000001D682C12A18][717161263][ 4097]
CThostFtdcUserApiImplBase::OnSessionDisconnected[000001D682C12A18][717161264][ 4097]
CThostFtdcUserApiImplBase::OnSessionDisconnected[000001D682C12E08][717226801][ 4097]
CThostFtdcUserApiImplBase::OnSessionDisconnected[000001D682C12318][717226802][ 4097]
CThostFtdcUserApiImplBase::OnSessionDisconnected[000001D682C12B68][717226803][ 4097]
CThostFtdcUserApiImplBase::OnSessionDisconnected[000001D682C127E8][717226804][ 4097]
CThostFtdcUserApiImplBase::OnSessionDisconnected[000001D682C12778][717226805][ 4097]
CThostFtdcUserApiImplBase::OnSessionDisconnected[000001D682C12E08][717226806][ 4097]
CThostFtdcUserApiImplBase::OnSessionDisconnected[000001D682C12778][717292343][ 4097]
CThostFtdcUserApiImplBase::OnSessionDisconnected[000001D682C12778][717292344][ 4097]
CThostFtdcUserApiImplBase::OnSessionDisconnected[000001D682C12E08][717292345][ 4097]
CThostFtdcUserApiImplBase::OnSessionDisconnected[000001D682C12A18][717292346][ 4097]
CThostFtdcUserApiImplBase::OnSessionDisconnected[000001D682C12E08][717292347][ 4097]
CThostFtdcUserApiImplBase::OnSessionDisconnected[000001D682C12388][717292348][ 4097]
CThostFtdcUserApiImplBase::OnSessionDisconnected[000001D682C12E08][717357885][ 4097]
CThostFtdcUserApiImplBase::OnSessionDisconnected[000001D682C12318][717357886][ 4097]
CThostFtdcUserApiImplBase::OnSessionDisconnected[000001D682C12EE8][717357887][ 4097]
CThostFtdcUserApiImplBase::OnSessionDisconnected[000001D682C12318][717357888][ 4097]
CThostFtdcUserApiImplBase::OnSessionDisconnected[000001D682C12E78][717357889][ 4097]
CThostFtdcUserApiImplBase::OnSessionDisconnected[000001D682C12318][717357890][ 4097]
CThostFtdcUserApiImplBase::OnSessionDisconnected[000001D682C12318][717423427][ 4097]
CThostFtdcUserApiImplBase::OnSessionDisconnected[000001D682C12E08][717423428][ 4097]
CThostFtdcUserApiImplBase::OnSessionDisconnected[000001D682C12778][717423429][ 4097]
CThostFtdcUserApiImplBase::OnSessionDisconnected[000001D682C12318][717423430][ 4097]
CThostFtdcUserApiImplBase::OnSessionDisconnected[000001D682C12778][717423431][ 4097]
CThostFtdcUserApiImplBase::OnSessionDisconnected[000001D682C128C8][717423432][ 4097]
CThostFtdcUserApiImplBase::OnSessionDisconnected[000001D682C127E8][717488969][ 4097]
CThostFtdcUserApiImplBase::OnSessionDisconnected[000001D682C12F58][717488970][ 4097]
CThostFtdcUserApiImplBase::OnSessionDisconnected[000001D682C12468][717488971][ 4097]
CThostFtdcUserApiImplBase::OnSessionDisconnected[000001D682C12E08][717488972][ 4097]
CThostFtdcUserApiImplBase::OnSessionDisconnected[000001D682C12778][717488973][ 4097]
CThostFtdcUserApiImplBase::OnSessionDisconnected[000001D682C12318][717488974][ 4097]
CThostFtdcUserApiImplBase::OnSessionDisconnected[000001D682C12318][717554511][ 4097]
CThostFtdcUserApiImplBase::OnSessionDisconnected[000001D682C12E08][717554512][ 4097]
CThostFtdcUserApiImplBase::OnSessionDisconnected[000001D682C12468][717554513][ 4097]
CThostFtdcUserApiImplBase::OnSessionDisconnected[000001D682C12318][717554514][ 4097]
CThostFtdcUserApiImplBase::OnSessionDisconnected[000001D682C12858][717554515][ 4097]
CThostFtdcUserApiImplBase::OnSessionDisconnected[000001D682C12318][717554516][ 4097]
CThostFtdcUserApiImplBase::OnSessionDisconnected[000001D682C12318][717620053][ 4097]
CThostFtdcUserApiImplBase::OnSessionDisconnected[000001D682C12B68][717620054][ 4097]
CThostFtdcUserApiImplBase::OnSessionDisconnected[000001D682C12318][717620055][ 4097]
CThostFtdcUserApiImplBase::OnSessionDisconnected[000001D682C12778][717620056][ 4097]
CThostFtdcUserApiImplBase::OnSessionDisconnected[000001D682C12778][717620057][ 4097]
CThostFtdcUserApiImplBase::OnSessionDisconnected[000001D682C12778][717685594][ 4097]
CThostFtdcUserApiImplBase::OnSessionDisconnected[000001D682C12318][717685595][ 4097]
CThostFtdcUserApiImplBase::OnSessionDisconnected[000001D682C123F8][717685596][ 4097]
CThostFtdcUserApiImplBase::OnSessionDisconnected[000001D682C12E08][717685597][ 4097]
CThostFtdcUserApiImplBase::OnSessionDisconnected[000001D682C12938][717685598][ 4097]
CThostFtdcUserApiImplBase::OnSessionDisconnected[000001D682C12778][717685599][ 4097]
CThostFtdcUserApiImplBase::OnSessionDisconnected[000001D682C12318][717751136][ 4097]
CThostFtdcUserApiImplBase::OnSessionDisconnected[000001D682C12778][717751137][ 4097]
CThostFtdcUserApiImplBase::OnSessionDisconnected[000001D682C12318][717751138][ 4097]
CThostFtdcUserApiImplBase::OnSessionDisconnected[000001D682C12E08][717751139][ 4097]
CThostFtdcUserApiImplBase::OnSessionDisconnected[000001D682C12938][717751140][ 4097]
CThostFtdcUserApiImplBase::OnSessionDisconnected[000001D682C12AF8][717751141][ 4097]
CThostFtdcUserApiImplBase::OnSessionDisconnected[000001D682C128C8][717816678][ 4097]
CThostFtdcUserApiImplBase::OnSess{"baseline": "live-ops-policy-v1", "account_id": "025292", "symbol": "rb2610", "disposition": "manual_review_required", "startup_disposition": "manual_review_required", "md_disposition": "manual_review_required", "td_disposition": "manual_review_required", "reconciliation_disposition": "manual_review_required", "manual_review_codes": ["shared_startup_truth_unready", "isolated_startup_truth_unready", "startup_truth_unready", "restored_truth_unready", "missing_account_snapshot", "position_snapshot_incomplete", "missing_available_ratio", "missing_margin_ratio", "missing_account_id", "missing_account_balance"], "rebuild_required_codes": ["shared_flow_requires_isolated_rebuild"], "restore_required_codes": [], "boundary_codes": [], "evidence_only_codes": ["isolated_flow_verified", "restore_resubscribe_triggered", "no_current_session_callbacks", "flat_positions"], "findings": [{"code": "manual_review_codes_present", "severity": "warn", "action": "manual_review_required", "metric": "manual_review_codes", "metric_value": "shared_startup_truth_unready,isolated_startup_truth_unready,startup_truth_unready,restored_truth_unready,missing_account_snapshot,position_snapshot_incomplete,missing_available_ratio,missing_margin_ratio,missing_account_id,missing_account_balance", "threshold": "empty", "message": "Underlying truth layers raised manual review findings, so live ops disposition must stay manual_review_required."}, {"code": "startup_rebuild_required", "severity": "warn", "action": "rebuild_required", "metric": "startup_shared_flow_reuse_allowed", "metric_value": false, "threshold": true, "message": "TD startup truth still requires isolated rebuild-safe flow handling."}, {"code": "md_restore_attention_required", "severity": "warn", "action": "restore_required", "metric": "md_restore_succeeded", "metric_value": false, "threshold": true, "message": "MD restore truth is not strong enough to declare the market-data path self-healed."}, {"code": "evidence_only_signals_present", "severity": "info", "action": "evidence_only", "metric": "evidence_only_codes", "metric_value": "isolated_flow_verified,restore_resubscribe_triggered,no_current_session_callbacks,flat_positions", "threshold": "empty", "message": "Live ops snapshot also contains evidence-only signals that should stay visible to operators."}], "bridge_command_kinds": ["connect", "connect", "connect", "subscribe_market_data", "connect", "subscribe_market_data", "connect", "connect", "connect", "connect", "connect"], "bridge_event_kinds": ["disconnected", "disconnected", "disconnected", "disconnected", "disconnected", "disconnected", "disconnected", "disconnected", "disconnected", "disconnected", "disconnected", "disconnected", "disconnected", "disconnected", "disconnected", "disconnected", "disconnected", "disconnected", "disconnected", "disconnected", "disconnected", "disconnected", "disconnected", "disconnected", "disconnected", "disconnected", "disconnected", "disconnected", "disconnected", "disconnected", "disconnected", "disconnected", "disconnected", "disconnected", "disconnected", "disconnected", "disconnected", "disconnected", "disconnected", "disconnected", "disconnected", "disconnected", "disconnected", "disconnected", "disconnected", "disconnected", "disconnected", "disconnected", "disconnected", "disconnected", "disconnected", "disconnected", "disconnected", "disconnected", "disconnected", "disconnected", "disconnected", "disconnected", "disconnected", "disconnected", "disconnected", "disconnected", "disconnected", "disconnected", "disconnected", "disconnected", "disconnected", "disconnected", "disconnected", "disconnected", "disconnected", "disconnected", "disconnected", "disconnected", "disconnected", "disconnected", "disconnected", "disconnected", "disconnected", "disconnected", "disconnected", "disconnected", "disconnected", "disconnected", "disconnected", "disconnected", "disconnected", "disconnected", "disconnected", "disconnected", "disconnected", "disconnected", "disconnected", "disconnected", "disconnected", "disconnected", "disconnected", "disconnected", "disconnected", "disconnected", "disconnected", "disconnected", "disconnected", "disconnected", "disconnected", "disconnected", "disconnected", "disconnected", "disconnected", "disconnected", "disconnected", "disconnected", "disconnected", "disconnected", "disconnected", "disconnected", "disconnected", "disconnected", "disconnected", "disconnected", "disconnected", "disconnected", "disconnected", "disconnected", "disconnected", "disconnected", "disconnected", "disconnected", "disconnected", "disconnected", "disconnected", "disconnected", "disconnected", "disconnected", "disconnected", "disconnected", "disconnected", "disconnected", "disconnected", "disconnected", "disconnected", "disconnected", "disconnected", "disconnected", "disconnected", "disconnected", "disconnected", "disconnected", "disconnected", "disconnected", "disconnected", "disconnected", "disconnected", "disconnected", "disconnected", "disconnected", "disconnected", "disconnected", "disconnected", "disconnected", "disconnected", "disconnected", "disconnected", "disconnected", "disconnected", "disconnected", "disconnected", "disconnected", "disconnected", "disconnected", "disconnected"]}
 Disconnected: 4097
TD Front Disconnected: 4097
TD Front Disconnected: 4097
TD Front Disconnected: 4097
TD Front Disconnected: 4097
TD Front Disconnected: 4097
TD Front Disconnected: 4097
TD Front Disconnected: 4097
TD Front Disconnected: 4097
TD Front Disconnected: 4097
TD Front Disconnected: 4097
TD Front Disconnected: 4097
TD Front Disconnected: 4097
TD Front Disconnected: 4097
TD Front Disconnected: 4097
TD Front Disconnected: 4097
TD Front Disconnected: 4097
TD Front Disconnected: 4097
TD Front Disconnected: 4097
TD Front Disconnected: 4097
TD Front Disconnected: 4097
TD Front Disconnected: 4097
TD Front Disconnected: 4097
TD Front Disconnected: 4097
TD Front Disconnected: 4097
TD Front Disconnected: 4097
TD Front Disconnected: 4097
TD Front Disconnected: 4097
TD Front Disconnected: 4097
TD Front Disconnected: 4097
TD Front Disconnected: 4097
TD Front Disconnected: 4097
TD Front Disconnected: 4097
TD Front Disconnected: 4097
TD Front Disconnected: 4097
TD Front Disconnected: 4097
TD Front Disconnected: 4097
TD Front Disconnected: 4097
TD Front Disconnected: 4097
TD Front Disconnected: 4097
TD Front Disconnected: 4097
TD Front Disconnected: 4097
TD Front Disconnected: 4097
TD Front Disconnected: 4097
TD Front Disconnected: 4097
TD Front Disconnected: 4097
TD Front Disconnected: 4097
TD Front Disconnected: 4097
TD Front Disconnected: 4097
TD Front Disconnected: 4097
TD Front Disconnected: 4097
TD Front Disconnected: 4097
TD Front Disconnected: 4097
TD Front Disconnected: 4097
TD Front Disconnected: 4097
TD Front Disconnected: 4097
TD Front Disconnected: 4097
TD Front Disconnected: 4097
TD Front Disconnected: 4097
TD Front Disconnected: 4097
TD Front Disconnected: 4097
TD Front Disconnected: 4097
TD Front Disconnected: 4097
TD Front Disconnected: 4097
TD Front Disconnected: 4097
TD Front Disconnected: 4097
TD Front Disconnected: 4097
TD Front Disconnected: 4097
TD Front Disconnected: 4097
TD Front Disconnected: 4097
TD Front Disconnected: 4097
TD Front Disconnected: 4097
TD Front Disconnected: 4097
TD Front Disconnected: 4097
TD Front Disconnected: 4097
TD Front Disconnected: 4097
TD Front Disconnected: 4097
TD Front Disconnected: 4097
TD Front Disconnected: 4097
TD Front Disconnected: 4097
TD Front Disconnected: 4097
TD Front Disconnected: 4097
TD Front Disconnected: 4097
TD Front Disconnected: 4097
TD Front Disconnected: 4097
TD Front Disconnected: 4097
TD Front Disconnected: 4097
TD Front Disconnected: 4097
TD Front Disconnected: 4097
TD Front Disconnected: 4097
TD Front Disconnected: 4097
TD Front Disconnected: 4097
TD Front Disconnected: 4097
TD Front Disconnected: 4097
TD Front Disconnected: 4097
TD Front Disconnected: 4097
TD Front Disconnected: 4097
TD Front Disconnected: 4097
TD Front Disconnected: 4097
TD Front Disconnected: 4097
TD Front Disconnected: 4097
TD Front Disconnected: 4097
TD Front Disconnected: 4097
TD Front Disconnected: 4097
TD Front Disconnected: 4097
TD Front Disconnected: 4097
TD Front Disconnected: 4097
TD Front Disconnected: 4097
TD Front Disconnected: 4097
TD Front Disconnected: 4097
TD Front Disconnected: 4097
TD Front Disconnected: 4097
TD Front Disconnected: 4097
TD Front Disconnected: 4097
TD Front Disconnected: 4097
TD Front Disconnected: 4097
ionDisconnected[000001D682C123F8][717816679][ 4097]
CThostFtdcUserApiImplBase::OnSessionDisconnected[000001D682C12318][717816680][ 4097]
CThostFtdcUserApiImplBase::OnSessionDisconnected[000001D682C12778][717816681][ 4097]
CThostFtdcUserApiImplBase::OnSessionDisconnected[000001D682C12778][717816682][ 4097]
CThostFtdcUserApiImplBase::OnSessionDisconnected[000001D682C12318][717816683][ 4097]
CThostFtdcUserApiImplBase::OnSessionDisconnected[000001D682C12778][717816684][ 4097]
CThostFtdcUserApiImplBase::OnSessionDisconnected[000001D682C12E78][717882221][ 4097]
CThostFtdcUserApiImplBase::OnSessionDisconnected[000001D682C12778][717882222][ 4097]
CThostFtdcUserApiImplBase::OnSessionDisconnected[000001D682C12E08][717882223][ 4097]
CThostFtdcUserApiImplBase::OnSessionDisconnected[000001D682C12AF8][717882224][ 4097]
CThostFtdcUserApiImplBase::OnSessionDisconnected[000001D682C128C8][717882225][ 4097]
CThostFtdcUserApiImplBase::OnSessionDisconnected[000001D682C123F8][717947762][ 4097]
CThostFtdcUserApiImplBase::OnSessionDisconnected[000001D682C12778][717947763][ 4097]
CThostFtdcUserApiImplBase::OnSessionDisconnected[000001D682C12F58][717947764][ 4097]
CThostFtdcUserApiImplBase::OnSessionDisconnected[000001D682C12778][717947765][ 4097]
CThostFtdcUserApiImplBase::OnSessionDisconnected[000001D682C123F8][717947766][ 4097]
CThostFtdcUserApiImplBase::OnSessionDisconnected[000001D682C12468][717947767][ 4097]
CThostFtdcUserApiImplBase::OnSessionDisconnected[000001D682C12A88][718013304][ 4097]
CThostFtdcUserApiImplBase::OnSessionDisconnected[000001D682C12BD8][718013305][ 4097]
CThostFtdcUserApiImplBase::OnSessionDisconnected[000001D682C12778][718013306][ 4097]
CThostFtdcUserApiImplBase::OnSessionDisconnected[000001D682C12FC8][718013307][ 4097]
CThostFtdcUserApiImplBase::OnSessionDisconnected[000001D682C12778][718013308][ 4097]
CThostFtdcUserApiImplBase::OnSessionDisconnected[000001D682C12318][718078845][ 4097]
CThostFtdcUserApiImplBase::OnSessionDisconnected[000001D682C12318][718078846][ 4097]
CThostFtdcUserApiImplBase::OnSessionDisconnected[000001D682C12468][718078847][ 4097]
CThostFtdcUserApiImplBase::OnSessionDisconnected[000001D682C12B68][718078848][ 4097]
CThostFtdcUserApiImplBase::OnSessionDisconnected[000001D682C12318][718078849][ 4097]
CThostFtdcUserApiImplBase::OnSessionDisconnected[000001D682C12778][718144386][ 4097]
CThostFtdcUserApiImplBase::OnSessionDisconnected[000001D682C12A18][718144387][    0]
ected[000001D682C12A18][711000451][ 4097]
CThostFtdcUserApiImplBase::OnSessionDisconnected[000001D682C12318][711000452][ 4097]
CThostFtdcUserApiImplBase::OnSessionDisconnected[000001D682C12468][711000453][ 4097]
CThostFtdcUserApiImplBase::OnSessionDisconnected[000001D682C12A18][711000454][ 4097]
CThostFtdcUserApiImplBase::OnSessionDisconnected[000001D682C12B68][711000455][ 4097]
CThostFtdcUserApiImplBase::OnSessionDisconnected[000001D682C12E08][711000456][ 4097]
CThostFtdcUserApiImplBase::OnSessionDisconnected[000001D682C12938][711000457][ 4097]
CThostFtdcUserApiImplBase::OnSessionDisconnected[000001D682C12A18][711000458][ 4097]
CThostFtdcUserApiImplBase::OnSessionDisconnected[000001D682C127E8][711065995][ 4097]
CThostFtdcUserApiImplBase::OnSessionDisconnected[000001D682C12A18][711065996][ 4097]
